user_id,signup_date,region,subscription_tier,monthly_revenue,email,last_active_date,recency_days,frequency_30d,frequency_prev30d,total_session_30d,avg_features,tickets_90d,activity_drop_pct,is_churned,R_Score,F_Score,M_Score,RFM_Score,Tier,churn_probability
U0001,2026-01-08,US-East,Basic,463,figueroajohn@example.org,2026-09-30,0,59,72,923.8,7.066666666666666,15,0.18055555555555555,0,5,3,1,531,Loyal,0.29
U0002,2026-03-20,US-East,Pro,1469,garzaanthony@example.org,2026-09-30,0,103,101,1761.3000000000002,8.266666666666667,16,-0.019801980198019802,0,5,5,4,554,VIP,0.2
U0003,2025-03-07,Bangalore,Basic,535,hoffmanjennifer@example.net,2026-09-30,0,71,57,1236.1,6.4,8,-0.24561403508771928,0,5,3,3,533,Loyal,0.2
U0004,2025-10-31,US-East,Basic,548,shaneramirez@example.org,2026-09-30,0,70,73,1023.5,6.166666666666667,7,0.0410958904109589,0,5,3,3,533,Loyal,0.22
U0005,2026-04-05,Bangalore,Basic,470,helenpeterson@example.org,2026-09-29,1,77,96,1188.8,7.666666666666667,16,0.19791666666666666,0,2,4,1,241,At-Risk,0.3
U0006,2025-03-05,Hyderabad,Basic,478,curtis61@example.com,2026-09-30,0,63,58,1060.3,5.766666666666667,13,-0.08620689655172414,0,5,3,1,531,Loyal,0.2
U0007,2026-06-09,Hyderabad,Basic,469,lindsay78@example.org,2026-09-29,1,22,75,342.5,4.1,6,0.7066666666666667,0,2,2,1,221,At-Risk,0.56
U0008,2026-09-09,Mumbai,Pro,1470,smiller@example.net,2026-08-20,41,0,72,0.0,0.0,18,1.0,1,1,1,4,114,At-Risk,0.84
U0009,2025-12-24,Delhi,Basic,497,barbara10@example.net,2026-08-15,46,0,46,0.0,0.0,19,1.0,1,1,1,2,112,At-Risk,0.85
U0010,2025-03-14,Mumbai,Basic,540,tracie31@example.com,2026-09-29,1,17,67,284.59999999999997,1.7333333333333334,11,0.746268656716418,0,2,1,3,213,At-Risk,0.58
U0011,2025-04-19,UK-London,Enterprise,5010,francisco53@example.net,2026-09-30,0,151,128,2785.100000000001,8.633333333333333,15,-0.1796875,0,5,5,5,555,VIP,0.2
U0012,2025-04-11,Bangalore,Pro,1503,lynchgeorge@example.net,2026-08-14,47,0,52,0.0,0.0,11,1.0,1,1,1,4,114,At-Risk,0.86
U0013,2025-03-26,Delhi,Enterprise,4951,ogray@example.net,2026-09-30,0,139,170,2411.7,6.066666666666666,6,0.18235294117647058,0,5,5,5,555,VIP,0.29
U0014,2025-11-09,US-East,Pro,1521,megan03@example.org,2026-09-29,1,31,104,443.40000000000003,3.966666666666667,8,0.7019230769230769,0,2,2,5,225,At-Risk,0.55
U0015,2026-05-09,Hyderabad,Basic,537,nadams@example.net,2026-08-07,54,0,12,0.0,0.0,8,1.0,1,1,1,3,113,At-Risk,0.88
U0016,2026-06-30,Mumbai,Enterprise,4957,jason76@example.net,2026-09-30,0,158,181,2666.1,7.333333333333333,14,0.1270718232044199,0,5,5,5,555,VIP,0.26
U0017,2025-08-29,Mumbai,Basic,532,donald88@example.com,2026-09-30,0,77,92,1267.9000000000003,8.133333333333333,14,0.16304347826086957,0,5,4,3,543,Loyal,0.28
U0018,2026-03-28,Hyderabad,Basic,519,zhurst@example.com,2026-08-02,59,0,8,0.0,0.0,19,1.0,1,1,1,3,113,At-Risk,0.9
U0019,2025-03-08,Bangalore,Pro,1526,williamdavis@example.org,2026-09-30,0,114,137,1820.3,6.133333333333334,11,0.1678832116788321,0,5,5,5,555,VIP,0.28
U0020,2026-06-19,Mumbai,Basic,452,courtneyconner@example.com,2026-08-12,49,0,22,0.0,0.0,21,1.0,1,1,1,1,111,At-Risk,0.86
U0021,2025-12-08,UK-London,Basic,502,djames@example.net,2026-09-30,0,67,85,1118.9999999999998,6.2,7,0.21176470588235294,0,5,3,2,532,Loyal,0.31
U0022,2025-03-31,UK-London,Basic,541,frazierdanny@example.net,2026-08-22,39,0,53,0.0,0.0,11,1.0,1,1,1,3,113,At-Risk,0.83
U0023,2026-03-31,Mumbai,Enterprise,4992,daniel62@example.com,2026-08-12,49,0,39,0.0,0.0,15,1.0,1,1,1,5,115,At-Risk,0.86
U0024,2024-10-01,UK-London,Enterprise,5048,teresa28@example.org,2026-09-30,0,148,142,2434.2,6.133333333333334,15,-0.04225352112676056,0,5,5,5,555,VIP,0.2
U0025,2026-06-26,UK-London,Basic,535,meagan89@example.org,2026-09-29,1,69,86,1132.3999999999999,6.333333333333333,12,0.19767441860465115,0,2,3,3,233,At-Risk,0.3
U0026,2025-01-18,UK-London,Basic,488,amberosborne@example.net,2026-09-30,0,70,78,1111.5,7.666666666666667,13,0.10256410256410256,0,5,3,2,532,Loyal,0.25
U0027,2026-07-31,US-East,Pro,1530,tracy15@example.com,2026-09-30,0,134,88,2226.7,5.566666666666666,13,-0.5227272727272727,0,5,5,5,555,VIP,0.2
U0028,2025-03-22,Mumbai,Basic,537,nataliearroyo@example.org,2026-09-29,1,13,58,219.1,3.3333333333333335,13,0.7758620689655172,0,2,1,3,213,At-Risk,0.59
U0029,2026-03-17,Hyderabad,Basic,489,spenceamanda@example.org,2026-09-30,0,71,73,1206.5999999999997,7.633333333333334,14,0.0273972602739726,0,5,3,2,532,Loyal,0.21
U0030,2024-12-31,US-East,Basic,513,karroyo@example.com,2026-09-30,0,14,88,242.59999999999997,4.8,5,0.8409090909090909,0,5,1,2,512,At-Risk,0.62
U0031,2025-10-19,Delhi,Basic,536,ibrandt@example.net,2026-09-30,0,58,63,1009.1,5.866666666666666,13,0.07936507936507936,0,5,2,3,523,At-Risk,0.24
U0032,2026-02-14,Bangalore,Basic,529,raymond57@example.net,2026-09-29,1,72,63,1112.6000000000001,5.366666666666666,7,-0.14285714285714285,0,2,3,3,233,At-Risk,0.2
U0033,2025-08-24,Bangalore,Pro,1481,jeffreymorgan@example.net,2026-08-26,35,0,92,0.0,0.0,15,1.0,1,1,1,4,114,At-Risk,0.82
U0034,2025-11-07,Mumbai,Pro,1489,adrianzimmerman@example.org,2026-08-12,49,0,33,0.0,0.0,9,1.0,1,1,1,4,114,At-Risk,0.86
U0035,2025-03-15,Delhi,Enterprise,5020,heathchad@example.org,2026-09-30,0,159,160,2615.1,4.233333333333333,7,0.00625,0,5,5,5,555,VIP,0.2
U0036,2025-04-20,Delhi,Basic,496,ilewis@example.net,2026-09-29,1,68,68,926.8000000000001,6.333333333333333,11,0.0,0,2,3,2,232,At-Risk,0.2
U0037,2026-08-12,UK-London,Basic,536,esanchez@example.com,2026-09-30,0,23,54,402.99999999999994,4.433333333333334,9,0.5740740740740741,0,5,2,3,523,At-Risk,0.49
U0038,2025-02-14,Hyderabad,Pro,1534,hopkinsmichael@example.com,2026-09-30,0,43,96,665.5,4.0,14,0.5520833333333334,0,5,2,5,525,At-Risk,0.48
U0039,2025-09-04,Delhi,Pro,1547,nuneztracey@example.org,2026-09-30,0,99,120,1634.9999999999998,5.2,4,0.175,0,5,4,5,545,VIP,0.25
U0040,2024-11-12,UK-London,Basic,451,lauren13@example.org,2026-09-30,0,23,61,400.0000000000001,4.233333333333333,10,0.6229508196721312,0,5,2,1,521,At-Risk,0.51
U0041,2025-02-14,Mumbai,Pro,1462,ltaylor@example.com,2026-09-30,0,100,88,1715.4,6.5,9,-0.13636363636363635,0,5,4,4,544,VIP,0.2
U0042,2025-09-01,Delhi,Basic,527,ramosmichelle@example.net,2026-09-30,0,74,53,1104.5,5.5,11,-0.39622641509433965,0,5,4,3,543,Loyal,0.2
U0043,2024-12-09,Mumbai,Basic,525,novaksara@example.org,2026-09-30,0,52,71,788.7,4.5,19,0.2676056338028169,0,5,2,3,523,At-Risk,0.33
U0044,2025-01-28,Delhi,Basic,500,zolson@example.org,2026-09-30,0,70,79,1148.3999999999999,6.666666666666667,8,0.11392405063291139,0,5,3,2,532,Loyal,0.26
U0045,2025-01-27,Hyderabad,Basic,542,gallowayjoseph@example.com,2026-09-30,0,84,70,1456.1000000000001,8.066666666666666,10,-0.2,0,5,4,3,543,Loyal,0.2
U0046,2025-04-25,US-East,Basic,463,smoore@example.org,2026-09-29,1,60,62,976.7,5.1,13,0.03225806451612903,0,2,3,1,231,At-Risk,0.22
U0047,2026-09-06,Hyderabad,Pro,1461,adkinsbrian@example.net,2026-09-29,1,36,107,565.6,5.133333333333334,8,0.6635514018691588,0,2,2,4,224,At-Risk,0.54
U0048,2025-09-12,Bangalore,Basic,534,brianromero@example.org,2026-08-18,43,0,39,0.0,0.0,11,1.0,1,1,1,3,113,At-Risk,0.84
U0049,2024-11-18,Mumbai,Pro,1493,leonardjoe@example.org,2026-09-30,0,40,98,693.0999999999999,3.7666666666666666,12,0.5918367346938775,0,5,2,4,524,At-Risk,0.5
U0050,2026-08-17,US-East,Basic,454,bethwilliams@example.org,2026-08-11,50,0,24,0.0,0.0,17,1.0,1,1,1,1,111,At-Risk,0.87
U0051,2025-08-01,Hyderabad,Basic,492,sarah35@example.org,2026-09-30,0,56,52,959.8,6.833333333333333,12,-0.07692307692307693,0,5,2,2,522,At-Risk,0.2
U0052,2025-04-10,UK-London,Basic,523,emilyevans@example.com,2026-09-30,0,76,68,1231.1999999999998,5.333333333333333,15,-0.11764705882352941,0,5,4,3,543,Loyal,0.2
U0053,2026-08-08,Hyderabad,Basic,537,smithchristine@example.net,2026-09-29,1,65,63,1091.0,6.233333333333333,6,-0.031746031746031744,0,2,3,3,233,At-Risk,0.2
U0054,2026-09-26,Delhi,Basic,449,medinawilliam@example.org,2026-08-13,48,0,21,0.0,0.0,9,1.0,1,1,1,1,111,At-Risk,0.86
U0055,2026-08-11,UK-London,Basic,525,suarezmike@example.org,2026-09-30,0,68,54,1065.0,7.066666666666666,10,-0.25925925925925924,0,5,3,3,533,Loyal,0.2
U0056,2025-08-14,UK-London,Pro,1520,cheryl80@example.net,2026-09-30,0,97,116,1797.9999999999998,7.0,13,0.16379310344827586,0,5,4,5,545,VIP,0.28
U0057,2026-05-18,UK-London,Basic,485,sarah12@example.com,2026-09-29,1,82,73,1434.8,7.366666666666666,15,-0.1232876712328767,0,2,4,2,242,At-Risk,0.2
U0058,2024-12-22,Mumbai,Pro,1492,newtoneric@example.com,2026-09-29,1,106,113,1785.1999999999998,5.866666666666666,14,0.061946902654867256,0,2,5,4,254,At-Risk,0.23
U0059,2025-12-14,Bangalore,Basic,480,james48@example.com,2026-09-30,0,67,87,1095.6,5.266666666666667,10,0.22988505747126436,0,5,3,1,531,Loyal,0.31
U0060,2025-03-31,Delhi,Basic,500,davisrodney@example.com,2026-08-08,53,0,14,0.0,0.0,16,1.0,1,1,1,2,112,At-Risk,0.88
U0061,2024-10-31,Delhi,Basic,506,kellie42@example.net,2026-09-30,0,80,77,1331.2999999999997,6.466666666666667,6,-0.03896103896103896,0,5,4,2,542,Loyal,0.2
U0062,2025-08-17,UK-London,Enterprise,4987,hhoffman@example.org,2026-09-29,1,179,155,3228.4,6.4,10,-0.15483870967741936,0,2,5,5,255,At-Risk,0.2
U0063,2026-08-19,Delhi,Basic,549,amydavenport@example.net,2026-08-02,59,0,4,0.0,0.0,16,1.0,1,1,1,4,114,At-Risk,0.9
U0064,2025-11-06,Delhi,Basic,507,tanderson@example.com,2026-09-30,0,79,71,1384.2,5.966666666666667,7,-0.11267605633802817,0,5,4,2,542,Loyal,0.2
U0065,2026-07-17,Mumbai,Pro,1540,nolanjason@example.org,2026-09-28,2,31,108,551.4,3.533333333333333,9,0.7129629629629629,0,1,2,5,125,At-Risk,0.56
U0066,2026-01-28,US-East,Basic,544,kimberly69@example.net,2026-09-29,1,76,70,1372.1,4.933333333333334,13,-0.08571428571428572,0,2,4,3,243,At-Risk,0.2
U0067,2025-01-19,Bangalore,Enterprise,4950,michellecherry@example.org,2026-09-30,0,157,130,2734.2999999999997,6.466666666666667,12,-0.2076923076923077,0,5,5,5,555,VIP,0.2
U0068,2026-07-04,Mumbai,Basic,480,whitesandra@example.com,2026-09-30,0,72,61,1072.8,6.633333333333334,14,-0.18032786885245902,0,5,3,1,531,Loyal,0.2
U0069,2026-05-07,Hyderabad,Basic,503,josephcobb@example.org,2026-09-30,0,22,58,395.2,2.7333333333333334,11,0.6206896551724138,0,5,2,2,522,At-Risk,0.51
U0070,2025-07-05,Bangalore,Pro,1465,garrisonjeffrey@example.com,2026-09-30,0,103,102,1703.6000000000001,6.5,14,-0.00980392156862745,0,5,5,4,554,VIP,0.2
U0071,2025-06-11,US-East,Pro,1546,jeffreykeller@example.com,2026-09-24,6,22,111,329.9,3.566666666666667,12,0.8018018018018018,0,1,2,5,125,At-Risk,0.62
U0072,2025-05-26,Bangalore,Pro,1464,rasmussenjoshua@example.net,2026-09-30,0,136,127,2291.4999999999995,7.133333333333334,11,-0.07086614173228346,0,5,5,4,554,VIP,0.2
U0073,2025-10-05,Hyderabad,Pro,1507,sheila14@example.org,2026-09-30,0,99,108,1546.4999999999998,5.366666666666666,8,0.08333333333333333,0,5,4,4,544,VIP,0.24
U0074,2025-11-26,US-East,Basic,451,benjamin96@example.com,2026-09-30,0,22,72,327.5,3.533333333333333,4,0.6944444444444444,0,5,2,1,521,At-Risk,0.51
U0075,2026-03-14,Bangalore,Basic,484,samuel81@example.com,2026-09-30,0,71,55,1219.8000000000002,7.066666666666666,10,-0.2909090909090909,0,5,3,2,532,Loyal,0.2
U0076,2026-07-17,Bangalore,Basic,467,jonathanfletcher@example.org,2026-09-30,0,81,85,1365.5,6.966666666666667,8,0.047058823529411764,0,5,4,1,541,Loyal,0.22
U0077,2025-10-13,Hyderabad,Basic,481,michaeljones@example.net,2026-08-17,44,0,38,0.0,0.0,6,1.0,1,1,1,1,111,At-Risk,0.85
U0078,2026-08-02,Mumbai,Basic,449,elizabeth14@example.net,2026-09-30,0,65,79,1086.7,5.633333333333334,6,0.17721518987341772,0,5,3,1,531,Loyal,0.29
U0079,2025-05-12,Delhi,Pro,1537,snguyen@example.com,2026-09-30,0,111,109,1699.9,7.166666666666667,4,-0.01834862385321101,0,5,5,5,555,VIP,0.16
U0080,2025-11-07,UK-London,Basic,490,robertbentley@example.net,2026-09-29,1,27,66,441.8,2.8333333333333335,5,0.5909090909090909,0,2,2,2,222,At-Risk,0.5
U0081,2026-03-29,Hyderabad,Basic,464,christinaturner@example.net,2026-09-27,3,23,80,430.4,2.7,7,0.7125,0,1,2,1,121,At-Risk,0.57
U0082,2026-05-30,Delhi,Pro,1508,justin69@example.net,2026-09-30,0,136,112,2253.2999999999997,8.2,8,-0.21428571428571427,0,5,5,4,554,VIP,0.2
U0083,2026-01-19,Delhi,Basic,496,rramos@example.org,2026-09-30,0,58,62,970.9,5.9,13,0.06451612903225806,0,5,2,2,522,At-Risk,0.23
U0084,2025-10-07,US-East,Enterprise,4985,donnacampbell@example.net,2026-09-30,0,142,155,2337.2000000000003,5.633333333333334,8,0.08387096774193549,0,5,5,5,555,VIP,0.24
U0085,2026-01-04,Delhi,Pro,1547,clarence34@example.org,2026-09-30,0,100,103,1594.1,7.333333333333333,8,0.02912621359223301,0,5,4,5,545,VIP,0.21
U0086,2026-05-10,Bangalore,Pro,1468,andrewsanchez@example.com,2026-09-30,0,102,115,1769.1999999999998,6.433333333333334,16,0.11304347826086956,0,5,4,4,544,VIP,0.26
U0087,2025-12-19,Delhi,Pro,1472,gibsonolivia@example.net,2026-09-30,0,40,126,739.3000000000001,5.2,10,0.6825396825396826,0,5,2,4,524,At-Risk,0.54
U0088,2025-02-17,Delhi,Pro,1520,psnyder@example.org,2026-09-30,0,34,93,603.5000000000001,4.5,15,0.6344086021505376,0,5,2,5,525,At-Risk,0.52
U0089,2026-01-20,Hyderabad,Pro,1547,staffordmichelle@example.org,2026-08-03,58,0,7,0.0,0.0,5,1.0,1,1,1,5,115,At-Risk,0.89
U0090,2026-04-20,Delhi,Basic,547,gregoryrubio@example.net,2026-09-30,0,74,71,1279.1000000000001,6.1,15,-0.04225352112676056,0,5,4,3,543,Loyal,0.2
U0091,2025-09-03,Mumbai,Enterprise,5030,samanthamartinez@example.org,2026-09-30,0,66,127,1010.6999999999999,6.033333333333333,12,0.48031496062992124,0,5,3,5,535,Loyal,0.44
U0092,2026-05-07,Bangalore,Basic,528,stephanie79@example.net,2026-09-30,0,68,71,1062.0,5.8,15,0.04225352112676056,0,5,3,3,533,Loyal,0.22
U0093,2026-07-12,Hyderabad,Enterprise,4981,jrivas@example.com,2026-09-30,0,138,147,2376.8,7.1,8,0.061224489795918366,0,5,5,5,555,VIP,0.23
U0094,2026-07-15,UK-London,Basic,469,wcole@example.org,2026-09-30,0,21,70,374.50000000000006,4.2,16,0.7,0,5,2,1,521,At-Risk,0.55
U0095,2026-06-04,Bangalore,Basic,465,katie87@example.net,2026-09-30,0,70,70,1036.7000000000003,6.566666666666666,8,0.0,0,5,3,1,531,Loyal,0.2
U0096,2025-03-22,Hyderabad,Basic,507,sjones@example.org,2026-09-30,0,69,78,1120.0,7.066666666666666,15,0.11538461538461539,0,5,3,2,532,Loyal,0.26
U0097,2025-04-15,UK-London,Basic,478,patricia12@example.org,2026-09-30,0,64,64,1045.5000000000002,5.833333333333333,2,0.0,0,5,3,1,531,Loyal,0.08
U0098,2025-03-16,US-East,Enterprise,4999,jasminebrown@example.com,2026-08-10,51,0,27,0.0,0.0,14,1.0,1,1,1,5,115,At-Risk,0.87
U0099,2025-05-28,Bangalore,Pro,1475,nperry@example.com,2026-09-30,0,115,105,1945.1999999999998,6.566666666666666,10,-0.09523809523809523,0,5,5,4,554,VIP,0.2
U0100,2025-07-10,UK-London,Pro,1545,gateskathy@example.com,2026-08-25,36,0,91,0.0,0.0,19,1.0,1,1,1,5,115,At-Risk,0.82
U0101,2025-09-12,Delhi,Basic,517,kenneth66@example.net,2026-09-29,1,66,72,1134.0,5.2,15,0.08333333333333333,0,2,3,3,233,At-Risk,0.24
U0102,2026-03-28,Bangalore,Basic,452,tracynelson@example.com,2026-09-29,1,61,65,928.4,6.433333333333334,11,0.06153846153846154,0,2,3,1,231,At-Risk,0.23
U0103,2024-10-20,Delhi,Basic,465,elizabeth62@example.com,2026-09-30,0,69,76,1122.5,5.666666666666667,8,0.09210526315789473,0,5,3,1,531,Loyal,0.25
U0104,2026-08-01,UK-London,Enterprise,5041,meadowsbrittany@example.net,2026-08-08,53,0,42,0.0,0.0,11,1.0,1,1,1,5,115,At-Risk,0.88
U0105,2024-10-18,UK-London,Basic,547,dtaylor@example.org,2026-09-30,0,66,59,1005.4000000000001,6.266666666666667,7,-0.11864406779661017,0,5,3,3,533,Loyal,0.2
U0106,2024-11-04,US-East,Pro,1472,dmurphy@example.com,2026-09-30,0,106,125,1500.2999999999997,5.633333333333334,15,0.152,0,5,5,4,554,VIP,0.28
U0107,2025-06-02,UK-London,Basic,501,aramirez@example.com,2026-09-30,0,68,70,1171.0,6.866666666666666,13,0.02857142857142857,0,5,3,2,532,Loyal,0.21
U0108,2026-05-31,Hyderabad,Basic,545,ismith@example.org,2026-09-29,1,57,66,1006.5000000000001,5.666666666666667,9,0.13636363636363635,0,2,2,3,223,At-Risk,0.27
U0109,2026-09-28,US-East,Basic,533,jeffrey10@example.org,2026-09-30,0,82,60,1260.7,8.033333333333333,18,-0.36666666666666664,0,5,4,3,543,Loyal,0.2
U0110,2026-08-23,Delhi,Basic,515,maryhowell@example.org,2026-09-30,0,70,74,1098.1000000000001,6.7,17,0.05405405405405406,0,5,3,2,532,Loyal,0.23
U0111,2024-12-30,Delhi,Basic,543,elliottjeffery@example.net,2026-09-30,0,68,68,1207.5,6.366666666666666,13,0.0,0,5,3,3,533,Loyal,0.2
U0112,2025-04-04,Bangalore,Pro,1494,gary91@example.org,2026-09-30,0,82,106,1339.3,6.033333333333333,7,0.22641509433962265,0,5,4,4,544,VIP,0.31
U0113,2026-09-03,UK-London,Basic,471,lanesarah@example.net,2026-09-30,0,62,57,1019.1,6.4,6,-0.08771929824561403,0,5,3,1,531,Loyal,0.2
U0114,2026-02-05,Bangalore,Basic,450,tsanders@example.org,2026-09-30,0,73,70,1198.5,5.866666666666666,11,-0.04285714285714286,0,5,4,1,541,Loyal,0.2
U0115,2024-11-23,Delhi,Basic,457,curtisbarton@example.net,2026-09-30,0,62,58,951.5000000000001,6.3,8,-0.06896551724137931,0,5,3,1,531,Loyal,0.2
U0116,2025-12-11,US-East,Pro,1490,hoganashlee@example.org,2026-09-30,0,103,125,1787.4,6.933333333333334,6,0.176,0,5,5,4,554,VIP,0.29
U0117,2025-06-09,Bangalore,Pro,1498,estanley@example.net,2026-09-30,0,133,121,2106.0,8.833333333333334,12,-0.09917355371900827,0,5,5,4,554,VIP,0.2
U0118,2026-01-14,US-East,Pro,1508,atkinsonlynn@example.org,2026-09-30,0,106,126,1633.9999999999995,5.2,14,0.15873015873015872,0,5,5,4,554,VIP,0.28
U0119,2025-08-11,Delhi,Basic,484,cynthia72@example.com,2026-09-30,0,14,97,273.2,3.7,18,0.8556701030927835,0,5,1,2,512,At-Risk,0.63
U0120,2025-02-04,Delhi,Pro,1456,christina87@example.com,2026-09-30,0,24,135,316.3,3.2,13,0.8222222222222222,0,5,2,4,524,At-Risk,0.61
U0121,2025-08-12,UK-London,Pro,1524,marcus31@example.com,2026-08-04,57,0,17,0.0,0.0,17,1.0,1,1,1,5,115,At-Risk,0.89
U0122,2026-07-04,Hyderabad,Pro,1546,karenhudson@example.net,2026-09-30,0,142,98,2014.7,8.4,11,-0.4489795918367347,0,5,5,5,555,VIP,0.2
U0123,2025-07-02,UK-London,Basic,499,snydermark@example.com,2026-09-30,0,60,68,1071.6,6.933333333333334,9,0.11764705882352941,0,5,3,2,532,Loyal,0.26
U0124,2025-03-02,UK-London,Basic,470,matthew94@example.net,2026-08-23,38,0,49,0.0,0.0,9,1.0,1,1,1,1,111,At-Risk,0.83
U0125,2024-10-06,UK-London,Basic,497,christophercortez@example.com,2026-09-30,0,74,80,1311.3999999999999,6.233333333333333,18,0.075,0,5,4,2,542,Loyal,0.24
U0126,2025-11-08,UK-London,Basic,463,hannahbrewer@example.com,2026-09-30,0,86,52,1369.8000000000002,6.133333333333334,10,-0.6538461538461539,0,5,4,1,541,Loyal,0.2
U0127,2025-08-22,Hyderabad,Basic,549,davisjeffrey@example.net,2026-09-30,0,67,70,1030.5,4.633333333333334,17,0.04285714285714286,0,5,3,4,534,Loyal,0.22
U0128,2025-03-25,US-East,Basic,508,thomas85@example.com,2026-09-28,2,18,67,325.0,3.7333333333333334,16,0.7313432835820896,0,1,1,2,112,At-Risk,0.57
U0129,2026-09-26,US-East,Basic,516,michael74@example.com,2026-09-27,3,69,68,1061.8,7.4,6,-0.014705882352941176,0,1,3,3,133,At-Risk,0.21
U0130,2025-03-31,Hyderabad,Pro,1542,griffithleslie@example.net,2026-09-30,0,99,116,1632.1,6.133333333333334,9,0.14655172413793102,0,5,4,5,545,VIP,0.27
U0131,2025-10-25,Hyderabad,Basic,464,jamesrodgers@example.com,2026-08-20,41,0,49,0.0,0.0,8,1.0,1,1,1,1,111,At-Risk,0.84
U0132,2026-03-11,Hyderabad,Enterprise,4978,tina34@example.org,2026-09-30,0,121,164,1920.4000000000003,6.3,14,0.2621951219512195,0,5,5,5,555,VIP,0.33
U0133,2025-06-19,Bangalore,Basic,540,alexis82@example.com,2026-09-30,0,77,48,1364.0,6.233333333333333,11,-0.6041666666666666,0,5,4,3,543,Loyal,0.2
U0134,2024-11-01,Mumbai,Pro,1549,tranheidi@example.org,2026-09-30,0,99,100,1523.5999999999997,7.2,14,0.01,0,5,4,5,545,VIP,0.2
U0135,2026-01-07,UK-London,Basic,471,agarcia@example.net,2026-09-30,0,80,69,1211.2,7.566666666666666,16,-0.15942028985507245,0,5,4,1,541,Loyal,0.2
U0136,2025-04-24,Hyderabad,Basic,449,lalexander@example.org,2026-08-10,51,0,17,0.0,0.0,12,1.0,1,1,1,1,111,At-Risk,0.87
U0137,2025-04-01,Delhi,Basic,482,ewilson@example.com,2026-08-01,60,0,0,0.0,0.0,16,0.0,1,1,1,1,111,At-Risk,0.4
U0138,2025-09-22,UK-London,Basic,496,hernandezlisa@example.com,2026-09-29,1,17,60,274.5,2.2666666666666666,13,0.7166666666666667,0,2,1,2,212,At-Risk,0.56
U0139,2024-11-30,US-East,Basic,449,davidduran@example.net,2026-09-30,0,80,67,1307.3000000000002,5.233333333333333,14,-0.19402985074626866,0,5,4,1,541,Loyal,0.2
U0140,2025-12-08,US-East,Enterprise,4970,kimberlyjames@example.com,2026-09-30,0,151,103,2404.1,5.9,4,-0.46601941747572817,0,5,5,5,555,VIP,0.16
U0141,2025-05-04,Bangalore,Pro,1524,ntorres@example.org,2026-09-30,0,92,123,1542.1000000000001,6.933333333333334,9,0.25203252032520324,0,5,4,5,545,VIP,0.33
U0142,2025-12-18,Bangalore,Basic,549,mezajared@example.org,2026-08-24,37,0,57,0.0,0.0,17,1.0,1,1,1,4,114,At-Risk,0.82
U0143,2025-04-10,US-East,Basic,526,mooreglenn@example.org,2026-09-30,0,69,81,1187.5,6.733333333333333,22,0.14814814814814814,0,5,3,3,533,Loyal,0.27
U0144,2025-01-21,Delhi,Basic,542,mhayes@example.com,2026-09-30,0,72,61,1152.7999999999997,6.166666666666667,6,-0.18032786885245902,0,5,3,3,533,Loyal,0.2
U0145,2025-04-29,Hyderabad,Pro,1517,keithcampbell@example.com,2026-09-30,0,108,103,1931.7,8.333333333333334,13,-0.04854368932038835,0,5,5,5,555,VIP,0.2
U0146,2024-11-19,Mumbai,Basic,538,sandrafrench@example.net,2026-09-30,0,61,76,1016.9000000000001,6.0,21,0.19736842105263158,0,5,3,3,533,Loyal,0.3
U0147,2025-12-03,Hyderabad,Basic,481,ronaldstephens@example.net,2026-09-30,0,50,52,830.4,7.4,10,0.038461538461538464,0,5,2,1,521,At-Risk,0.22
U0148,2025-01-15,US-East,Basic,471,margaret10@example.org,2026-09-30,0,17,57,306.90000000000003,3.566666666666667,17,0.7017543859649122,0,5,1,1,511,At-Risk,0.55
U0149,2026-04-30,UK-London,Basic,517,scott74@example.net,2026-09-30,0,74,83,1094.6000000000001,5.733333333333333,8,0.10843373493975904,0,5,4,3,543,Loyal,0.25
U0150,2025-07-19,Hyderabad,Pro,1543,vincent77@example.org,2026-09-30,0,39,119,591.9000000000001,5.9,7,0.6722689075630253,0,5,2,5,525,At-Risk,0.54
U0151,2025-12-09,Bangalore,Basic,506,mnavarro@example.com,2026-09-30,0,93,58,1392.3,7.4,15,-0.603448275862069,0,5,4,2,542,Loyal,0.2
U0152,2024-10-17,US-East,Basic,452,suzannehuff@example.net,2026-09-29,1,22,72,398.90000000000003,3.1333333333333333,11,0.6944444444444444,0,2,2,1,221,At-Risk,0.55
U0153,2025-12-01,Mumbai,Pro,1540,keyemily@example.com,2026-09-28,2,32,98,513.3000000000001,5.266666666666667,10,0.673469387755102,0,1,2,5,125,At-Risk,0.54
U0154,2025-11-23,Bangalore,Basic,532,thomaspearson@example.com,2026-09-30,0,70,61,1120.8,6.2,6,-0.14754098360655737,0,5,3,3,533,Loyal,0.2
U0155,2025-02-08,Mumbai,Basic,483,fwalters@example.org,2026-09-28,2,55,79,910.5,6.433333333333334,16,0.3037974683544304,0,1,2,1,121,At-Risk,0.36
U0156,2025-09-07,Delhi,Pro,1509,qcook@example.org,2026-09-30,0,37,121,647.9,3.5,11,0.6942148760330579,0,5,2,4,524,At-Risk,0.55
U0157,2026-06-17,US-East,Basic,460,robert74@example.net,2026-09-29,1,29,57,517.9,4.033333333333333,11,0.49122807017543857,0,2,2,1,221,At-Risk,0.45
U0158,2026-08-19,Delhi,Basic,488,gibsonleonard@example.com,2026-09-30,0,75,81,1142.8,6.366666666666666,14,0.07407407407407407,0,5,4,2,542,Loyal,0.24
U0159,2024-12-22,Hyderabad,Enterprise,4977,ahancock@example.net,2026-09-30,0,46,166,703.4,6.433333333333334,9,0.7228915662650602,0,5,2,5,525,At-Risk,0.56
U0160,2026-06-25,UK-London,Basic,450,mgutierrez@example.net,2026-08-09,52,0,20,0.0,0.0,10,1.0,1,1,1,1,111,At-Risk,0.87
U0161,2025-06-20,Mumbai,Basic,483,wgarrett@example.org,2026-09-29,1,77,79,1336.3000000000002,6.733333333333333,15,0.02531645569620253,0,2,4,1,241,At-Risk,0.22
U0162,2025-02-24,Mumbai,Basic,456,sarakim@example.net,2026-09-30,0,74,55,1352.3,5.7,14,-0.34545454545454546,0,5,4,1,541,Loyal,0.2
U0163,2025-09-17,Mumbai,Basic,538,dudleychelsea@example.org,2026-09-29,1,22,60,380.19999999999993,4.6,13,0.6333333333333333,0,2,2,3,223,At-Risk,0.52
U0164,2026-03-01,Bangalore,Basic,455,andrea86@example.org,2026-09-30,0,74,51,1233.1,7.9,16,-0.45098039215686275,0,5,4,1,541,Loyal,0.2
U0165,2025-03-12,US-East,Basic,523,murraydavid@example.org,2026-09-30,0,72,80,1179.4,5.233333333333333,11,0.1,0,5,4,3,543,Loyal,0.25
U0166,2025-09-27,Hyderabad,Pro,1537,william46@example.com,2026-09-30,0,31,107,516.8,4.933333333333334,8,0.7102803738317757,0,5,2,5,525,At-Risk,0.56
U0167,2026-09-14,Delhi,Pro,1484,stephenthomas@example.org,2026-09-30,0,91,116,1517.7,6.633333333333334,10,0.21551724137931033,0,5,4,4,544,VIP,0.31
U0168,2026-08-02,Delhi,Basic,472,michellehill@example.com,2026-09-30,0,70,78,1225.3999999999996,5.9,15,0.10256410256410256,0,5,3,1,531,Loyal,0.25
U0169,2025-06-04,Delhi,Pro,1547,lori44@example.net,2026-09-30,0,117,86,1873.5,6.9,8,-0.36046511627906974,0,5,5,5,555,VIP,0.2
U0170,2025-11-26,Mumbai,Basic,544,cgrimes@example.net,2026-08-18,43,0,42,0.0,0.0,7,1.0,1,1,1,3,113,At-Risk,0.84
U0171,2025-09-17,UK-London,Basic,544,andrea86@example.com,2026-09-30,0,78,68,1306.4,8.666666666666666,5,-0.14705882352941177,0,5,4,3,543,Loyal,0.2
U0172,2026-08-10,Delhi,Pro,1503,tinaallen@example.com,2026-09-30,0,118,121,1873.5,8.233333333333333,8,0.024793388429752067,0,5,5,4,554,VIP,0.21
U0173,2025-03-18,Delhi,Pro,1547,vwilliams@example.com,2026-09-30,0,30,109,531.7,4.833333333333333,15,0.7247706422018348,0,5,2,5,525,At-Risk,0.56
U0174,2026-02-25,Delhi,Basic,510,qhughes@example.net,2026-09-30,0,80,77,1372.1999999999998,4.933333333333334,10,-0.03896103896103896,0,5,4,2,542,Loyal,0.2
U0175,2026-09-14,Delhi,Basic,534,ihanna@example.net,2026-08-09,52,0,18,0.0,0.0,11,1.0,1,1,1,3,113,At-Risk,0.87
U0176,2026-09-03,Bangalore,Basic,497,molly71@example.net,2026-09-30,0,68,76,1067.1,6.066666666666666,13,0.10526315789473684,0,5,3,2,532,Loyal,0.25
U0177,2026-07-25,US-East,Basic,467,bowenrobert@example.net,2026-09-30,0,77,71,1213.4000000000003,7.0,17,-0.08450704225352113,0,5,4,1,541,Loyal,0.2
U0178,2026-09-07,Hyderabad,Basic,526,harrisontanya@example.com,2026-09-30,0,63,58,1052.6,6.8,18,-0.08620689655172414,0,5,3,3,533,Loyal,0.2
U0179,2025-12-27,Hyderabad,Pro,1531,vsantos@example.net,2026-09-30,0,115,107,1953.5,6.9,16,-0.07476635514018691,0,5,5,5,555,VIP,0.2
U0180,2026-06-18,US-East,Basic,517,ofinley@example.net,2026-09-30,0,22,60,352.00000000000006,5.666666666666667,8,0.6333333333333333,0,5,2,3,523,At-Risk,0.52
U0181,2026-07-08,Delhi,Basic,500,cbrennan@example.net,2026-09-30,0,62,76,970.6999999999999,6.233333333333333,8,0.18421052631578946,0,5,3,2,532,Loyal,0.29
U0182,2024-11-17,Hyderabad,Pro,1501,wendy16@example.org,2026-09-30,0,116,110,2023.3999999999999,6.866666666666666,9,-0.05454545454545454,0,5,5,4,554,VIP,0.2
U0183,2026-04-07,Delhi,Pro,1487,wallaceheather@example.org,2026-09-30,0,107,117,1910.3,6.833333333333333,10,0.08547008547008547,0,5,5,4,554,VIP,0.24
U0184,2024-11-01,Mumbai,Basic,506,carternicholas@example.org,2026-09-28,2,51,70,993.3000000000001,4.933333333333334,9,0.2714285714285714,0,1,2,2,122,At-Risk,0.34
U0185,2025-03-26,Mumbai,Basic,453,yknight@example.org,2026-09-30,0,82,85,1303.3,7.066666666666666,7,0.03529411764705882,0,5,4,1,541,Loyal,0.22
U0186,2025-01-31,US-East,Pro,1523,lynchpatrick@example.net,2026-09-30,0,106,90,1594.1999999999998,5.7,9,-0.17777777777777778,0,5,5,5,555,VIP,0.2
U0187,2025-03-23,Hyderabad,Basic,457,jesselittle@example.com,2026-09-30,0,68,58,1055.8000000000002,6.2,21,-0.1724137931034483,0,5,3,1,531,Loyal,0.2
U0188,2025-04-03,Hyderabad,Pro,1465,nolansteven@example.com,2026-09-29,1,41,91,648.0,6.333333333333333,11,0.5494505494505495,0,2,2,4,224,At-Risk,0.48
U0189,2026-02-05,UK-London,Basic,461,charleslandry@example.net,2026-09-28,2,66,70,1096.6,5.733333333333333,4,0.05714285714285714,0,1,3,1,131,At-Risk,0.2
U0190,2025-05-05,Delhi,Basic,498,dvaughn@example.com,2026-08-12,49,0,30,0.0,0.0,17,1.0,1,1,1,2,112,At-Risk,0.86
U0191,2025-02-21,Mumbai,Pro,1453,gcastaneda@example.org,2026-09-30,0,105,105,1991.0999999999997,6.066666666666666,9,0.0,0,5,5,4,554,VIP,0.2
U0192,2025-07-04,UK-London,Basic,531,bailey40@example.net,2026-09-30,0,85,60,1477.2000000000005,5.6,20,-0.4166666666666667,0,5,4,3,543,Loyal,0.2
U0193,2025-07-14,US-East,Basic,513,knightgina@example.net,2026-09-30,0,66,61,1047.8,7.333333333333333,7,-0.08196721311475409,0,5,3,2,532,Loyal,0.2
U0194,2026-09-09,Delhi,Pro,1519,swall@example.org,2026-09-30,0,45,114,787.3,4.5,9,0.6052631578947368,0,5,2,5,525,At-Risk,0.5
U0195,2025-12-16,Hyderabad,Enterprise,4984,jeffery39@example.com,2026-08-16,45,0,79,0.0,0.0,14,1.0,1,1,1,5,115,At-Risk,0.85
U0196,2026-02-05,Bangalore,Basic,509,courtneyberger@example.net,2026-09-30,0,61,83,1035.5,7.0,14,0.26506024096385544,0,5,3,2,532,Loyal,0.33
U0197,2024-10-27,Bangalore,Basic,522,xjohnson@example.net,2026-09-30,0,81,80,1375.3000000000002,7.7,10,-0.0125,0,5,4,3,543,Loyal,0.2
U0198,2025-01-02,UK-London,Enterprise,5015,mark62@example.org,2026-09-30,0,138,130,2410.2999999999997,7.0,9,-0.06153846153846154,0,5,5,5,555,VIP,0.2
U0199,2025-01-03,Mumbai,Basic,540,alyssa42@example.com,2026-09-30,0,64,64,1058.1999999999998,7.133333333333334,15,0.0,0,5,3,3,533,Loyal,0.2
U0200,2026-07-28,Hyderabad,Basic,540,scoffey@example.net,2026-09-30,0,86,77,1517.3,7.866666666666666,11,-0.11688311688311688,0,5,4,3,543,Loyal,0.2
U0201,2026-06-26,Delhi,Pro,1487,mcdonaldcharles@example.org,2026-09-30,0,95,109,1523.9999999999998,7.766666666666667,11,0.12844036697247707,0,5,4,4,544,VIP,0.26
U0202,2026-06-18,US-East,Pro,1540,zcoffey@example.net,2026-08-18,43,0,50,0.0,0.0,16,1.0,1,1,1,5,115,At-Risk,0.84
U0203,2025-06-23,Hyderabad,Enterprise,4973,ismith@example.org,2026-09-30,0,142,138,2139.2,6.0,15,-0.028985507246376812,0,5,5,5,555,VIP,0.2
U0204,2025-08-26,UK-London,Pro,1454,brenda51@example.net,2026-09-30,0,103,114,1774.4000000000003,6.966666666666667,16,0.09649122807017543,0,5,5,4,554,VIP,0.25
U0205,2025-03-18,US-East,Pro,1480,harveysherry@example.com,2026-08-07,54,0,17,0.0,0.0,15,1.0,1,1,1,4,114,At-Risk,0.88
U0206,2026-07-29,US-East,Basic,528,deborahreid@example.com,2026-09-30,0,70,66,1280.3999999999999,5.8,8,-0.06060606060606061,0,5,3,3,533,Loyal,0.2
U0207,2026-07-24,Bangalore,Basic,549,debra12@example.org,2026-09-30,0,68,65,1109.1999999999998,6.566666666666666,9,-0.046153846153846156,0,5,3,4,534,Loyal,0.2
U0208,2026-08-20,Bangalore,Basic,468,wendy11@example.org,2026-09-29,1,72,66,1209.6999999999998,5.533333333333333,7,-0.09090909090909091,0,2,4,1,241,At-Risk,0.2
U0209,2026-07-08,Delhi,Basic,497,paulwatson@example.net,2026-09-30,0,74,69,1186.8,7.233333333333333,13,-0.07246376811594203,0,5,4,2,542,Loyal,0.2
U0210,2026-02-19,Delhi,Pro,1502,umatthews@example.org,2026-09-30,0,96,109,1391.3,5.466666666666667,7,0.11926605504587157,0,5,4,4,544,VIP,0.26
U0211,2026-07-07,Delhi,Basic,523,basschristina@example.com,2026-09-29,1,69,64,1085.6,7.133333333333334,12,-0.078125,0,2,3,3,233,At-Risk,0.2
U0212,2024-10-22,UK-London,Basic,524,jeff73@example.com,2026-09-29,1,71,72,1124.7000000000003,6.4,10,0.013888888888888888,0,2,3,3,233,At-Risk,0.21
U0213,2024-12-10,US-East,Basic,456,amy50@example.com,2026-08-07,54,0,22,0.0,0.0,14,1.0,1,1,1,1,111,At-Risk,0.88
U0214,2025-04-18,Hyderabad,Basic,538,rushmadison@example.org,2026-09-30,0,74,70,1272.7,6.533333333333333,14,-0.05714285714285714,0,5,4,3,543,Loyal,0.2
U0215,2026-01-25,Hyderabad,Basic,498,williamsmatthew@example.org,2026-09-29,1,57,83,970.6999999999999,6.2,10,0.3132530120481928,0,2,2,2,222,At-Risk,0.36
U0216,2026-04-26,US-East,Basic,489,caseyhubbard@example.org,2026-09-30,0,66,82,1115.1999999999998,6.2,11,0.1951219512195122,0,5,3,2,532,Loyal,0.3
U0217,2025-12-01,Bangalore,Basic,511,markhernandez@example.net,2026-09-29,1,69,78,1088.6,6.9,10,0.11538461538461539,0,2,3,2,232,At-Risk,0.26
U0218,2024-10-01,Delhi,Basic,532,vanessafernandez@example.org,2026-09-30,0,84,64,1383.1999999999998,6.666666666666667,22,-0.3125,0,5,4,3,543,Loyal,0.2
U0219,2024-12-18,US-East,Pro,1461,andersonmichael@example.org,2026-09-30,0,110,104,1979.0,5.433333333333334,17,-0.057692307692307696,0,5,5,4,554,VIP,0.2
U0220,2025-12-02,US-East,Enterprise,4954,thompsonbrian@example.net,2026-09-30,0,165,141,2702.5,7.5,10,-0.1702127659574468,0,5,5,5,555,VIP,0.2
U0221,2025-08-02,US-East,Enterprise,4995,reesethomas@example.com,2026-09-30,0,150,155,2679.4,7.333333333333333,12,0.03225806451612903,0,5,5,5,555,VIP,0.22
U0222,2025-10-08,Mumbai,Enterprise,5004,hayesjeffrey@example.net,2026-08-07,54,0,27,0.0,0.0,15,1.0,1,1,1,5,115,At-Risk,0.88
U0223,2024-10-30,Bangalore,Pro,1453,stephen00@example.com,2026-08-12,49,0,44,0.0,0.0,24,1.0,1,1,1,4,114,At-Risk,0.86
U0224,2026-06-09,Delhi,Basic,513,fparks@example.net,2026-09-30,0,79,67,1258.1,6.966666666666667,9,-0.1791044776119403,0,5,4,2,542,Loyal,0.2
U0225,2026-07-25,Delhi,Basic,459,lammarc@example.org,2026-09-30,0,63,80,1038.4999999999998,7.866666666666666,12,0.2125,0,5,3,1,531,Loyal,0.31
U0226,2024-11-15,Delhi,Basic,534,claudia98@example.net,2026-09-30,0,76,63,1306.0,8.266666666666667,24,-0.20634920634920634,0,5,4,3,543,Loyal,0.2
U0227,2025-05-24,Delhi,Pro,1525,shawn96@example.org,2026-09-30,0,114,119,2031.1999999999998,5.933333333333334,8,0.04201680672268908,0,5,5,5,555,VIP,0.22
U0228,2026-04-30,Delhi,Basic,547,farrelldebra@example.net,2026-09-30,0,74,56,1283.9,6.3,10,-0.32142857142857145,0,5,4,3,543,Loyal,0.2
U0229,2026-03-09,US-East,Basic,503,russellbeasley@example.com,2026-09-30,0,64,66,1113.6,6.2,13,0.030303030303030304,0,5,3,2,532,Loyal,0.22
U0230,2025-06-03,Delhi,Pro,1517,uross@example.org,2026-09-30,0,123,93,2248.1,7.533333333333333,14,-0.3225806451612903,0,5,5,5,555,VIP,0.2
U0231,2025-05-15,UK-London,Enterprise,4951,elizabeth52@example.net,2026-09-30,0,50,166,875.1000000000001,6.033333333333333,11,0.6987951807228916,0,5,2,5,525,At-Risk,0.55
U0232,2026-08-03,US-East,Basic,501,davischristopher@example.com,2026-09-30,0,62,66,948.0000000000001,7.3,8,0.06060606060606061,0,5,3,2,532,Loyal,0.23
U0233,2024-12-08,Mumbai,Enterprise,5031,lisa80@example.net,2026-08-11,50,0,51,0.0,0.0,15,1.0,1,1,1,5,115,At-Risk,0.87
U0234,2026-08-28,UK-London,Basic,521,elizabeth65@example.net,2026-08-09,52,0,19,0.0,0.0,7,1.0,1,1,1,3,113,At-Risk,0.87
U0235,2026-08-17,Bangalore,Basic,493,uparrish@example.org,2026-09-30,0,73,59,1263.8999999999999,6.933333333333334,20,-0.23728813559322035,0,5,4,2,542,Loyal,0.2
U0236,2026-09-05,UK-London,Pro,1513,michael98@example.org,2026-09-30,0,108,114,1866.8000000000002,6.533333333333333,9,0.05263157894736842,0,5,5,5,555,VIP,0.23
U0237,2025-01-19,Mumbai,Pro,1540,gwalker@example.com,2026-09-30,0,95,97,1528.8,6.366666666666666,15,0.020618556701030927,0,5,4,5,545,VIP,0.21
U0238,2026-06-08,Mumbai,Basic,482,danny49@example.org,2026-09-30,0,23,61,405.9,4.066666666666666,11,0.6229508196721312,0,5,2,1,521,At-Risk,0.51
U0239,2026-05-11,Bangalore,Basic,498,lynchdiane@example.net,2026-09-30,0,72,86,1193.0000000000002,6.7,16,0.16279069767441862,0,5,4,2,542,Loyal,0.28
U0240,2025-04-12,UK-London,Pro,1453,joshuafarmer@example.com,2026-08-15,46,0,55,0.0,0.0,13,1.0,1,1,1,4,114,At-Risk,0.85
U0241,2025-06-12,Bangalore,Basic,505,mollyknight@example.com,2026-09-29,1,84,74,1364.1,7.033333333333333,10,-0.13513513513513514,0,2,4,2,242,At-Risk,0.2
U0242,2024-11-18,US-East,Basic,533,davisalyssa@example.com,2026-09-30,0,75,70,1201.6999999999998,5.866666666666666,13,-0.07142857142857142,0,5,4,3,543,Loyal,0.2
U0243,2025-08-01,Bangalore,Pro,1499,eric45@example.net,2026-09-30,0,110,111,1929.1,5.9,12,0.009009009009009009,0,5,5,4,554,VIP,0.2
U0244,2025-12-08,Hyderabad,Enterprise,5046,moorekaren@example.org,2026-08-10,51,0,38,0.0,0.0,18,1.0,1,1,1,5,115,At-Risk,0.87
U0245,2026-02-02,Mumbai,Basic,530,scott67@example.net,2026-08-21,40,0,35,0.0,0.0,10,1.0,1,1,1,3,113,At-Risk,0.83
U0246,2025-08-17,Bangalore,Basic,499,jason81@example.com,2026-09-24,6,26,72,425.40000000000003,3.3666666666666667,9,0.6388888888888888,0,1,2,2,122,At-Risk,0.54
U0247,2025-08-08,Hyderabad,Enterprise,4986,erika97@example.net,2026-09-30,0,40,178,578.1999999999999,6.266666666666667,6,0.7752808988764045,0,5,2,5,525,At-Risk,0.59
U0248,2026-01-29,Hyderabad,Basic,478,walkertracey@example.org,2026-09-30,0,68,73,1090.5000000000002,6.966666666666667,8,0.0684931506849315,0,5,3,1,531,Loyal,0.23
U0249,2024-10-04,Bangalore,Pro,1529,sierra24@example.com,2026-09-30,0,100,100,1717.9000000000003,6.7,8,0.0,0,5,4,5,545,VIP,0.2
U0250,2025-05-26,Hyderabad,Enterprise,4958,jimenezryan@example.org,2026-08-24,37,0,118,0.0,0.0,12,1.0,1,1,1,5,115,At-Risk,0.82
U0251,2025-07-03,Mumbai,Enterprise,4965,vincentwhitaker@example.com,2026-09-30,0,137,156,2639.6999999999994,7.0,7,0.12179487179487179,0,5,5,5,555,VIP,0.26
U0252,2024-11-20,US-East,Basic,482,grahamsteve@example.org,2026-09-30,0,63,72,1066.8,5.133333333333334,13,0.125,0,5,3,1,531,Loyal,0.26
U0253,2026-06-20,Mumbai,Pro,1525,tberry@example.net,2026-09-30,0,24,108,358.69999999999993,4.666666666666667,10,0.7777777777777778,0,5,2,5,525,At-Risk,0.59
U0254,2025-07-30,Bangalore,Basic,523,sullivantammy@example.org,2026-09-30,0,65,66,1056.1999999999998,6.233333333333333,4,0.015151515151515152,0,5,3,3,533,Loyal,0.17
U0255,2026-05-06,Delhi,Basic,471,xcollier@example.org,2026-09-30,0,80,74,1313.5000000000002,6.7,9,-0.08108108108108109,0,5,4,1,541,Loyal,0.2
U0256,2025-08-13,Bangalore,Basic,464,sanchezbrianna@example.net,2026-09-30,0,79,79,1178.2000000000003,6.566666666666666,17,0.0,0,5,4,1,541,Loyal,0.2
U0257,2024-11-25,Hyderabad,Pro,1504,julie35@example.org,2026-09-30,0,101,128,1772.8999999999999,6.066666666666666,7,0.2109375,0,5,4,4,544,VIP,0.31
U0258,2024-11-23,Bangalore,Basic,475,schmidtjames@example.com,2026-09-30,0,56,54,1022.7,5.8,19,-0.037037037037037035,0,5,2,1,521,At-Risk,0.2
U0259,2025-06-12,Mumbai,Pro,1509,joelthomas@example.org,2026-09-30,0,100,116,1878.3999999999999,6.3,8,0.13793103448275862,0,5,4,4,544,VIP,0.27
U0260,2025-02-02,Bangalore,Basic,469,kathleenrios@example.org,2026-08-26,35,0,57,0.0,0.0,6,1.0,1,1,1,1,111,At-Risk,0.82
U0261,2026-08-24,Hyderabad,Basic,490,kmarshall@example.net,2026-09-30,0,85,70,1373.2,5.566666666666666,12,-0.21428571428571427,0,5,4,2,542,Loyal,0.2
U0262,2025-08-22,US-East,Basic,518,michelle52@example.com,2026-09-30,0,65,82,955.6999999999999,6.266666666666667,12,0.2073170731707317,0,5,3,3,533,Loyal,0.3
U0263,2024-11-17,Delhi,Basic,460,ywelch@example.com,2026-08-05,56,0,12,0.0,0.0,16,1.0,1,1,1,1,111,At-Risk,0.89
U0264,2025-12-04,Mumbai,Basic,497,william47@example.com,2026-09-30,0,25,84,395.40000000000003,4.8,19,0.7023809523809523,0,5,2,2,522,At-Risk,0.55
U0265,2024-10-26,US-East,Basic,475,marie11@example.net,2026-09-28,2,75,70,1178.7,6.033333333333333,17,-0.07142857142857142,0,1,4,1,141,At-Risk,0.21
U0266,2025-12-06,Delhi,Basic,495,jford@example.net,2026-09-30,0,50,67,921.5000000000001,6.066666666666666,18,0.2537313432835821,0,5,2,2,522,At-Risk,0.33
U0267,2026-07-14,UK-London,Pro,1511,kstout@example.net,2026-09-29,1,28,102,459.59999999999997,4.7,8,0.7254901960784313,0,2,2,4,224,At-Risk,0.57
U0268,2025-02-13,Delhi,Basic,474,dmason@example.com,2026-09-29,1,64,82,1024.5,6.3,14,0.21951219512195122,0,2,3,1,231,At-Risk,0.31
U0269,2024-12-13,Delhi,Pro,1547,toni18@example.net,2026-09-30,0,33,134,560.8000000000001,4.566666666666666,16,0.753731343283582,0,5,2,5,525,At-Risk,0.58
U0270,2025-02-01,UK-London,Basic,462,jasmineritter@example.net,2026-09-30,0,81,74,1405.7,8.066666666666666,5,-0.0945945945945946,0,5,4,1,541,Loyal,0.2
U0271,2025-10-15,UK-London,Pro,1536,michaelhardin@example.com,2026-09-29,1,108,105,1666.4999999999998,7.166666666666667,12,-0.02857142857142857,0,2,5,5,255,At-Risk,0.2
U0272,2025-07-24,Mumbai,Pro,1462,erika05@example.org,2026-08-08,53,0,27,0.0,0.0,16,1.0,1,1,1,4,114,At-Risk,0.88
U0273,2025-05-27,Bangalore,Basic,455,umitchell@example.net,2026-09-29,1,63,59,1048.9,4.666666666666667,6,-0.06779661016949153,0,2,3,1,231,At-Risk,0.2
U0274,2026-09-03,UK-London,Pro,1466,mathewaguilar@example.org,2026-09-29,1,36,104,561.1000000000001,6.6,9,0.6538461538461539,0,2,2,4,224,At-Risk,0.53
U0275,2026-07-30,Bangalore,Basic,463,tammy62@example.net,2026-09-29,1,39,78,650.8000000000001,4.666666666666667,14,0.5,0,2,2,1,221,At-Risk,0.45
U0276,2026-02-28,US-East,Basic,476,collinsnicholas@example.com,2026-09-30,0,18,53,261.8,3.4,11,0.660377358490566,0,5,1,1,511,At-Risk,0.53
U0277,2026-05-15,Delhi,Basic,465,lucasrodney@example.com,2026-09-29,1,82,68,1274.6000000000001,6.8,15,-0.20588235294117646,0,2,4,1,241,At-Risk,0.2
U0278,2024-10-12,Mumbai,Basic,492,henry35@example.com,2026-09-30,0,67,79,1050.8999999999999,6.833333333333333,7,0.1518987341772152,0,5,3,2,532,Loyal,0.28
U0279,2025-02-16,US-East,Basic,532,ericphillips@example.org,2026-09-30,0,70,79,1102.3000000000002,6.466666666666667,13,0.11392405063291139,0,5,3,3,533,Loyal,0.26
U0280,2025-10-04,Mumbai,Basic,515,stanleynancy@example.net,2026-08-25,36,0,72,0.0,0.0,11,1.0,1,1,1,2,112,At-Risk,0.82
U0281,2025-01-02,Mumbai,Pro,1548,lmoore@example.net,2026-09-30,0,112,116,1856.5000000000002,6.133333333333334,14,0.034482758620689655,0,5,5,5,555,VIP,0.22
U0282,2026-04-14,Mumbai,Basic,456,jenniferwilliams@example.com,2026-09-30,0,16,77,250.7,2.6666666666666665,15,0.7922077922077922,0,5,1,1,511,At-Risk,0.6
U0283,2026-02-04,Hyderabad,Basic,531,tarabishop@example.net,2026-09-30,0,75,75,1244.6999999999996,4.7,10,0.0,0,5,4,3,543,Loyal,0.2
U0284,2026-04-24,US-East,Basic,454,amandacollins@example.com,2026-09-30,0,69,74,1038.1,7.933333333333334,15,0.06756756756756757,0,5,3,1,531,Loyal,0.23
U0285,2026-07-20,Mumbai,Pro,1507,michealvalentine@example.com,2026-09-30,0,101,106,1711.6,6.533333333333333,5,0.04716981132075472,0,5,4,4,544,VIP,0.22
U0286,2025-09-01,US-East,Basic,518,kimberly88@example.com,2026-09-30,0,18,64,323.8,2.8666666666666667,14,0.71875,0,5,1,3,513,At-Risk,0.56
U0287,2026-09-04,Delhi,Pro,1501,laurietaylor@example.com,2026-09-29,1,96,125,1583.0,5.733333333333333,12,0.232,0,2,4,4,244,At-Risk,0.32
U0288,2024-11-06,UK-London,Basic,518,jsawyer@example.org,2026-09-30,0,80,59,1394.3,6.0,14,-0.3559322033898305,0,5,4,3,543,Loyal,0.2
U0289,2026-03-02,Hyderabad,Basic,542,mitchellkathryn@example.com,2026-09-27,3,24,79,329.7,2.2666666666666666,14,0.6962025316455697,0,1,2,3,123,At-Risk,0.56
U0290,2025-08-23,UK-London,Basic,542,mariahdavis@example.org,2026-08-02,59,0,3,0.0,0.0,12,1.0,1,1,1,3,113,At-Risk,0.9
U0291,2026-05-18,Delhi,Basic,451,sarah60@example.com,2026-09-30,0,73,54,1323.5999999999997,7.166666666666667,13,-0.35185185185185186,0,5,4,1,541,Loyal,0.2
U0292,2025-09-30,US-East,Basic,484,paulmiller@example.org,2026-09-30,0,62,70,929.4,4.566666666666666,7,0.11428571428571428,0,5,3,2,532,Loyal,0.26
U0293,2024-10-19,UK-London,Enterprise,5014,combsdebra@example.org,2026-09-30,0,178,138,2824.8999999999996,6.433333333333334,10,-0.2898550724637681,0,5,5,5,555,VIP,0.2
U0294,2025-01-07,Bangalore,Basic,452,samantha72@example.net,2026-09-30,0,73,54,1283.5999999999997,7.566666666666666,6,-0.35185185185185186,0,5,4,1,541,Loyal,0.2
U0295,2025-09-06,UK-London,Basic,542,bullockandrew@example.org,2026-09-30,0,76,70,1245.4,6.666666666666667,16,-0.08571428571428572,0,5,4,3,543,Loyal,0.2
U0296,2026-05-31,Bangalore,Basic,510,srodriguez@example.org,2026-09-30,0,16,55,247.29999999999998,3.6,12,0.7090909090909091,0,5,1,2,512,At-Risk,0.55
U0297,2025-05-06,Bangalore,Enterprise,4956,allendanielle@example.net,2026-09-30,0,134,163,2080.0,6.433333333333334,12,0.17791411042944785,0,5,5,5,555,VIP,0.29
U0298,2025-08-28,US-East,Basic,492,copelandvincent@example.net,2026-08-01,60,0,0,0.0,0.0,4,0.0,1,1,1,2,112,At-Risk,0.36
U0299,2024-10-10,Mumbai,Basic,516,jennifercarter@example.org,2026-09-30,0,28,76,464.20000000000005,3.7666666666666666,13,0.631578947368421,0,5,2,3,523,At-Risk,0.52
U0300,2025-12-21,Delhi,Basic,468,ashleylopez@example.net,2026-09-30,0,18,60,302.7,3.7666666666666666,7,0.7,0,5,1,1,511,At-Risk,0.55
U0301,2024-11-30,Delhi,Basic,538,carlos88@example.net,2026-09-30,0,28,76,462.29999999999995,4.466666666666667,10,0.631578947368421,0,5,2,3,523,At-Risk,0.52
U0302,2026-04-26,UK-London,Pro,1485,myerstheodore@example.net,2026-09-30,0,105,96,1693.7,7.5,13,-0.09375,0,5,5,4,554,VIP,0.2
U0303,2025-07-08,Hyderabad,Basic,525,jon05@example.org,2026-08-03,58,0,6,0.0,0.0,10,1.0,1,1,1,3,113,At-Risk,0.89
U0304,2025-06-07,Delhi,Basic,454,ingramjill@example.com,2026-09-30,0,86,70,1461.3,6.8,10,-0.22857142857142856,0,5,4,1,541,Loyal,0.2
U0305,2025-01-04,Mumbai,Basic,453,amy27@example.net,2026-09-30,0,13,57,203.89999999999998,2.6333333333333333,19,0.7719298245614035,0,5,1,1,511,At-Risk,0.59
U0306,2025-09-13,Hyderabad,Basic,450,lisabrown@example.com,2026-09-30,0,79,59,1054.8,5.5,9,-0.3389830508474576,0,5,4,1,541,Loyal,0.2
U0307,2024-10-25,Mumbai,Basic,532,bradleygonzalez@example.org,2026-09-30,0,63,73,1007.1,5.4,15,0.136986301369863,0,5,3,3,533,Loyal,0.27
U0308,2025-05-17,US-East,Basic,521,zachary87@example.com,2026-08-02,59,0,3,0.0,0.0,14,1.0,1,1,1,3,113,At-Risk,0.9
U0309,2024-10-25,Bangalore,Pro,1463,justinatkins@example.org,2026-09-30,0,120,130,1847.8999999999999,6.866666666666666,12,0.07692307692307693,0,5,5,4,554,VIP,0.24
U0310,2026-06-23,Bangalore,Basic,542,joshua56@example.com,2026-09-29,1,58,70,1006.0,5.466666666666667,11,0.17142857142857143,0,2,2,3,223,At-Risk,0.29
U0311,2026-03-25,US-East,Basic,510,lmorgan@example.com,2026-09-30,0,23,62,403.0,4.133333333333334,9,0.6290322580645161,0,5,2,2,522,At-Risk,0.51
U0312,2026-02-16,Mumbai,Pro,1526,sandra84@example.org,2026-08-22,39,0,76,0.0,0.0,12,1.0,1,1,1,5,115,At-Risk,0.83
U0313,2026-03-13,Bangalore,Enterprise,4957,jordanwanda@example.org,2026-08-12,49,0,58,0.0,0.0,9,1.0,1,1,1,5,115,At-Risk,0.86
U0314,2025-11-01,Bangalore,Basic,483,curtis54@example.com,2026-09-29,1,61,68,1133.6999999999998,6.766666666666667,9,0.10294117647058823,0,2,3,1,231,At-Risk,0.25
U0315,2025-08-20,UK-London,Enterprise,5008,cjackson@example.com,2026-09-30,0,153,141,2313.8999999999996,6.433333333333334,7,-0.0851063829787234,0,5,5,5,555,VIP,0.2
U0316,2025-08-21,Bangalore,Pro,1549,christina64@example.net,2026-08-20,41,0,66,0.0,0.0,13,1.0,1,1,1,5,115,At-Risk,0.84
U0317,2026-09-14,UK-London,Basic,483,jonesdana@example.com,2026-08-21,40,0,38,0.0,0.0,24,1.0,1,1,1,1,111,At-Risk,0.83
U0318,2025-10-08,US-East,Basic,531,stephaniethomas@example.net,2026-09-30,0,68,67,1156.0000000000002,5.933333333333334,7,-0.014925373134328358,0,5,3,3,533,Loyal,0.2
U0319,2026-02-06,Mumbai,Pro,1510,ejohnson@example.org,2026-08-10,51,0,30,0.0,0.0,12,1.0,1,1,1,4,114,At-Risk,0.87
U0320,2026-04-20,US-East,Basic,490,michael90@example.net,2026-09-29,1,19,56,348.30000000000007,3.6333333333333333,8,0.6607142857142857,0,2,1,2,212,At-Risk,0.53
U0321,2025-01-19,UK-London,Basic,480,xrush@example.com,2026-09-30,0,20,72,304.2,3.6333333333333333,9,0.7222222222222222,0,5,1,1,511,At-Risk,0.56
U0322,2026-04-09,UK-London,Basic,545,alyssasanders@example.net,2026-09-28,2,23,60,382.5,4.5,9,0.6166666666666667,0,1,2,3,123,At-Risk,0.52
U0323,2025-04-20,Delhi,Pro,1473,johnsonjacob@example.net,2026-09-30,0,102,101,1699.5,4.666666666666667,19,-0.009900990099009901,0,5,5,4,554,VIP,0.2
U0324,2025-07-08,Mumbai,Basic,526,greenjorge@example.com,2026-09-30,0,58,68,824.6000000000001,6.3,16,0.14705882352941177,0,5,2,3,523,At-Risk,0.27
U0325,2025-03-04,Bangalore,Basic,487,heather73@example.org,2026-09-30,0,62,60,1018.9000000000002,4.866666666666666,10,-0.03333333333333333,0,5,3,2,532,Loyal,0.2
U0326,2025-01-06,UK-London,Basic,515,hayesrachel@example.com,2026-09-30,0,73,62,1024.8000000000002,7.333333333333333,10,-0.1774193548387097,0,5,4,2,542,Loyal,0.2
U0327,2026-09-27,Mumbai,Pro,1512,elizabeth18@example.net,2026-09-30,0,100,116,1558.3,8.0,11,0.13793103448275862,0,5,4,4,544,VIP,0.27
U0328,2025-04-28,US-East,Basic,481,melissa25@example.net,2026-09-30,0,73,62,1257.8,7.966666666666667,15,-0.1774193548387097,0,5,4,1,541,Loyal,0.2
U0329,2025-03-11,Bangalore,Basic,484,laurayoung@example.com,2026-09-30,0,70,75,1169.5,6.033333333333333,13,0.06666666666666667,0,5,3,2,532,Loyal,0.23
U0330,2024-10-18,Delhi,Enterprise,5045,tanner82@example.net,2026-09-30,0,49,157,701.7,5.066666666666666,19,0.6878980891719745,0,5,2,5,525,At-Risk,0.54
U0331,2026-07-06,Bangalore,Pro,1503,parkeryvonne@example.net,2026-09-30,0,93,100,1627.2,6.633333333333334,7,0.07,0,5,4,4,544,VIP,0.24
U0332,2025-09-13,Hyderabad,Basic,534,khammond@example.org,2026-09-30,0,86,59,1283.6999999999998,7.466666666666667,14,-0.4576271186440678,0,5,4,3,543,Loyal,0.2
U0333,2024-12-29,US-East,Pro,1522,dawn77@example.net,2026-09-30,0,115,108,2017.7,7.966666666666667,12,-0.06481481481481481,0,5,5,5,555,VIP,0.2
U0334,2025-10-11,UK-London,Basic,461,nataliedeleon@example.net,2026-09-30,0,54,60,900.9,6.1,9,0.1,0,5,2,1,521,At-Risk,0.25
U0335,2025-12-02,Hyderabad,Basic,536,ryanbartlett@example.org,2026-09-30,0,69,79,1177.7999999999997,7.9,4,0.12658227848101267,0,5,3,3,533,Loyal,0.22
U0336,2026-05-28,US-East,Pro,1456,kevinmartin@example.net,2026-09-30,0,122,111,2054.8999999999996,6.833333333333333,15,-0.0990990990990991,0,5,5,4,554,VIP,0.2
U0337,2025-03-12,Hyderabad,Basic,524,meghan43@example.net,2026-08-20,41,0,39,0.0,0.0,10,1.0,1,1,1,3,113,At-Risk,0.84
U0338,2026-08-28,Bangalore,Pro,1543,david49@example.net,2026-09-30,0,107,123,1776.1000000000001,7.633333333333334,13,0.13008130081300814,0,5,5,5,555,VIP,0.27
U0339,2024-12-06,Hyderabad,Basic,484,brittanycarpenter@example.org,2026-08-23,38,0,58,0.0,0.0,7,1.0,1,1,1,2,112,At-Risk,0.83
U0340,2026-01-22,Bangalore,Pro,1517,megan90@example.org,2026-09-30,0,97,128,1579.9,6.866666666666666,9,0.2421875,0,5,4,5,545,VIP,0.32
U0341,2024-11-27,UK-London,Pro,1522,debra96@example.net,2026-09-30,0,122,104,2235.2,8.033333333333333,18,-0.17307692307692307,0,5,5,5,555,VIP,0.2
U0342,2026-01-08,UK-London,Basic,520,ismall@example.com,2026-09-27,3,23,82,386.2,4.066666666666666,21,0.7195121951219512,0,1,2,3,123,At-Risk,0.57
U0343,2026-01-10,Mumbai,Basic,494,timothy64@example.com,2026-09-30,0,79,65,1225.3,6.966666666666667,14,-0.2153846153846154,0,5,4,2,542,Loyal,0.2
U0344,2024-11-21,Mumbai,Pro,1461,moorerobert@example.com,2026-09-30,0,111,127,2064.7000000000003,6.266666666666667,25,0.12598425196850394,0,5,5,4,554,VIP,0.26
U0345,2025-02-24,Mumbai,Basic,537,larryhiggins@example.net,2026-08-04,57,0,7,0.0,0.0,12,1.0,1,1,1,3,113,At-Risk,0.89
U0346,2026-09-20,Hyderabad,Basic,491,theresa25@example.net,2026-09-30,0,71,72,1271.3999999999999,6.533333333333333,15,0.013888888888888888,0,5,3,2,532,Loyal,0.21
U0347,2025-11-13,Hyderabad,Enterprise,5016,john14@example.com,2026-08-13,48,0,58,0.0,0.0,16,1.0,1,1,1,5,115,At-Risk,0.86
U0348,2025-03-28,US-East,Pro,1520,williamssonia@example.net,2026-09-30,0,103,112,1708.3,6.3,15,0.08035714285714286,0,5,5,5,555,VIP,0.24
U0349,2025-07-31,Delhi,Pro,1540,lisapeck@example.net,2026-09-30,0,107,107,1600.5999999999997,6.366666666666666,14,0.0,0,5,5,5,555,VIP,0.2
U0350,2025-05-15,Delhi,Basic,499,tyronerobertson@example.com,2026-09-30,0,83,81,1250.8,6.566666666666666,9,-0.024691358024691357,0,5,4,2,542,Loyal,0.2
U0351,2026-07-02,Delhi,Pro,1534,zjohnson@example.net,2026-09-30,0,99,112,1693.8999999999999,8.466666666666667,8,0.11607142857142858,0,5,4,5,545,VIP,0.26
U0352,2025-08-28,Delhi,Enterprise,4994,jasongomez@example.org,2026-09-30,0,164,128,3073.600000000001,7.533333333333333,17,-0.28125,0,5,5,5,555,VIP,0.2
U0353,2025-04-22,Mumbai,Basic,484,amitchell@example.org,2026-09-29,1,61,62,960.0,6.7,8,0.016129032258064516,0,2,3,2,232,At-Risk,0.21
U0354,2025-08-09,Delhi,Basic,449,jessica65@example.org,2026-08-03,58,0,2,0.0,0.0,8,1.0,1,1,1,1,111,At-Risk,0.89
U0355,2025-07-18,Bangalore,Pro,1488,michaelroberts@example.com,2026-09-30,0,92,110,1647.9,5.7,9,0.16363636363636364,0,5,4,4,544,VIP,0.28
U0356,2025-10-02,Delhi,Pro,1501,marcia99@example.org,2026-08-12,49,0,35,0.0,0.0,14,1.0,1,1,1,4,114,At-Risk,0.86
U0357,2024-12-31,Hyderabad,Basic,505,longlaura@example.com,2026-09-30,0,25,86,375.90000000000003,3.933333333333333,15,0.7093023255813954,0,5,2,2,522,At-Risk,0.55
U0358,2025-11-10,Delhi,Basic,483,kari39@example.net,2026-09-29,1,70,62,1147.8000000000002,4.933333333333334,7,-0.12903225806451613,0,2,3,1,231,At-Risk,0.2
U0359,2025-07-19,Delhi,Basic,538,williamsderrick@example.com,2026-09-27,3,21,75,295.20000000000005,3.6333333333333333,9,0.72,0,1,2,3,123,At-Risk,0.57
U0360,2026-05-08,Mumbai,Enterprise,4955,ghernandez@example.org,2026-08-22,39,0,116,0.0,0.0,10,1.0,1,1,1,5,115,At-Risk,0.83
U0361,2025-05-26,Mumbai,Basic,539,francisco94@example.net,2026-09-30,0,27,74,424.70000000000005,2.933333333333333,11,0.6351351351351351,0,5,2,3,523,At-Risk,0.52
U0362,2025-06-01,Bangalore,Basic,507,terickson@example.com,2026-08-06,55,0,10,0.0,0.0,18,1.0,1,1,1,2,112,At-Risk,0.88
U0363,2026-05-17,Bangalore,Basic,502,mark16@example.net,2026-09-30,0,64,59,1214.1999999999998,6.7,19,-0.0847457627118644,0,5,3,2,532,Loyal,0.2
U0364,2025-05-11,Hyderabad,Basic,518,carlsonjoseph@example.net,2026-09-30,0,63,60,1053.8999999999999,5.8,17,-0.05,0,5,3,3,533,Loyal,0.2
U0365,2026-04-23,Delhi,Basic,497,jennifersilva@example.org,2026-09-30,0,84,73,1338.8000000000002,6.933333333333334,10,-0.1506849315068493,0,5,4,2,542,Loyal,0.2
U0366,2025-10-16,Bangalore,Pro,1470,rhernandez@example.org,2026-09-30,0,31,117,467.50000000000006,3.533333333333333,11,0.7350427350427351,0,5,2,4,524,At-Risk,0.57
U0367,2024-10-22,Mumbai,Basic,533,leescott@example.com,2026-09-30,0,18,75,315.8999999999999,3.7333333333333334,11,0.76,0,5,1,3,513,At-Risk,0.58
U0368,2025-01-17,Delhi,Basic,532,roberthampton@example.com,2026-09-29,1,68,77,1191.5000000000002,5.3,13,0.11688311688311688,0,2,3,3,233,At-Risk,0.26
U0369,2026-06-28,Hyderabad,Basic,534,thorntonapril@example.net,2026-09-30,0,58,68,1112.8,5.5,9,0.14705882352941177,0,5,2,3,523,At-Risk,0.27
U0370,2025-05-24,US-East,Basic,497,ufox@example.org,2026-09-30,0,92,76,1579.9,6.333333333333333,12,-0.21052631578947367,0,5,4,2,542,Loyal,0.2
U0371,2025-08-30,US-East,Basic,542,amy49@example.com,2026-09-30,0,79,65,1267.0,7.433333333333334,12,-0.2153846153846154,0,5,4,3,543,Loyal,0.2
U0372,2025-02-16,Bangalore,Pro,1504,joshuaevans@example.com,2026-09-30,0,38,120,597.5999999999999,6.066666666666666,8,0.6833333333333333,0,5,2,4,524,At-Risk,0.54
U0373,2026-04-14,UK-London,Pro,1477,hannahburns@example.com,2026-09-30,0,126,109,2133.7000000000003,7.133333333333334,16,-0.1559633027522936,0,5,5,4,554,VIP,0.2
U0374,2025-06-10,US-East,Pro,1478,keith98@example.com,2026-09-30,0,117,107,1744.6,6.466666666666667,11,-0.09345794392523364,0,5,5,4,554,VIP,0.2
U0375,2026-07-14,Bangalore,Pro,1466,xcardenas@example.org,2026-09-30,0,111,109,1942.0,5.766666666666667,7,-0.01834862385321101,0,5,5,4,554,VIP,0.2
U0376,2025-04-29,Bangalore,Basic,495,stephanie15@example.com,2026-09-30,0,68,63,1024.3,6.666666666666667,13,-0.07936507936507936,0,5,3,2,532,Loyal,0.2
U0377,2026-01-20,UK-London,Basic,540,ilewis@example.com,2026-09-30,0,60,65,1018.6999999999998,6.2,8,0.07692307692307693,0,5,3,3,533,Loyal,0.24
U0378,2026-08-11,UK-London,Basic,486,derrick99@example.org,2026-09-29,1,68,61,1173.7,5.566666666666666,19,-0.11475409836065574,0,2,3,2,232,At-Risk,0.2
U0379,2025-03-24,Hyderabad,Pro,1449,danawilliams@example.com,2026-09-30,0,135,118,1971.0,7.766666666666667,14,-0.1440677966101695,0,5,5,4,554,VIP,0.2
U0380,2025-05-28,Bangalore,Basic,480,xgarcia@example.org,2026-09-30,0,91,66,1533.4,6.433333333333334,22,-0.3787878787878788,0,5,4,1,541,Loyal,0.2
U0381,2024-10-02,Bangalore,Basic,482,richarddonovan@example.com,2026-09-30,0,18,76,321.1,3.966666666666667,24,0.7631578947368421,0,5,1,1,511,At-Risk,0.58
U0382,2025-09-12,Hyderabad,Basic,480,katelynmitchell@example.com,2026-09-29,1,67,71,1165.6,4.4,10,0.056338028169014086,0,2,3,1,231,At-Risk,0.23
U0383,2026-01-13,US-East,Pro,1456,pearsonjesse@example.net,2026-09-30,0,35,113,618.7,5.666666666666667,17,0.6902654867256637,0,5,2,4,524,At-Risk,0.55
U0384,2026-03-10,Bangalore,Basic,536,gentrygregory@example.org,2026-09-29,1,21,60,378.40000000000003,2.2333333333333334,9,0.65,0,2,2,3,223,At-Risk,0.53
U0385,2026-08-11,US-East,Basic,520,osbornrandy@example.com,2026-09-29,1,70,74,1255.6,7.433333333333334,15,0.05405405405405406,0,2,3,3,233,At-Risk,0.23
U0386,2025-02-12,US-East,Basic,515,nancy04@example.net,2026-09-30,0,72,74,1057.2,6.566666666666666,8,0.02702702702702703,0,5,4,2,542,Loyal,0.21
U0387,2025-12-13,Hyderabad,Pro,1456,justin88@example.com,2026-09-30,0,103,108,1930.0000000000002,5.533333333333333,11,0.046296296296296294,0,5,5,4,554,VIP,0.22
U0388,2026-07-10,UK-London,Basic,480,melissamcdonald@example.org,2026-09-29,1,73,68,1241.3000000000002,6.266666666666667,7,-0.07352941176470588,0,2,4,1,241,At-Risk,0.2
U0389,2026-05-12,Bangalore,Pro,1464,francisco74@example.net,2026-09-30,0,105,99,1624.1000000000001,7.233333333333333,8,-0.06060606060606061,0,5,5,4,554,VIP,0.2
U0390,2025-02-11,US-East,Basic,502,krystal93@example.org,2026-08-05,56,0,10,0.0,0.0,16,1.0,1,1,1,2,112,At-Risk,0.89
U0391,2025-12-18,Mumbai,Basic,455,gwilcox@example.com,2026-09-30,0,56,64,860.9999999999999,5.933333333333334,9,0.125,0,5,2,1,521,At-Risk,0.26
U0392,2024-12-01,Delhi,Pro,1471,lopezdonald@example.com,2026-09-30,0,29,123,514.9,4.366666666666666,12,0.7642276422764228,0,5,2,4,524,At-Risk,0.58
U0393,2026-08-13,US-East,Pro,1467,greenjoe@example.com,2026-09-30,0,129,94,2391.4,7.0,13,-0.3723404255319149,0,5,5,4,554,VIP,0.2
U0394,2026-08-26,Hyderabad,Basic,530,brandi90@example.com,2026-09-30,0,26,85,482.2,4.333333333333333,15,0.6941176470588235,0,5,2,3,523,At-Risk,0.55
U0395,2026-01-19,US-East,Pro,1468,bryanwilson@example.com,2026-09-30,0,32,73,513.9,6.066666666666666,8,0.5616438356164384,0,5,2,4,524,At-Risk,0.48
U0396,2025-01-23,Mumbai,Basic,515,hannah45@example.net,2026-09-30,0,65,54,1050.4,5.166666666666667,15,-0.2037037037037037,0,5,3,2,532,Loyal,0.2
U0397,2025-03-09,Hyderabad,Basic,468,timothygibson@example.net,2026-08-10,51,0,20,0.0,0.0,9,1.0,1,1,1,1,111,At-Risk,0.87
U0398,2025-06-28,UK-London,Pro,1542,ztodd@example.net,2026-09-30,0,94,110,1468.6999999999998,6.1,10,0.14545454545454545,0,5,4,5,545,VIP,0.27
U0399,2026-05-24,US-East,Basic,492,erinlarson@example.org,2026-09-30,0,65,68,1185.8999999999999,5.666666666666667,12,0.04411764705882353,0,5,3,2,532,Loyal,0.22
U0400,2025-10-17,Mumbai,Basic,534,christian91@example.org,2026-08-17,44,0,48,0.0,0.0,10,1.0,1,1,1,3,113,At-Risk,0.85
U0401,2026-05-27,Delhi,Pro,1522,ashleyhernandez@example.com,2026-08-06,55,0,15,0.0,0.0,8,1.0,1,1,1,5,115,At-Risk,0.88
U0402,2026-06-14,Bangalore,Basic,535,nwilson@example.net,2026-09-30,0,71,70,1111.6999999999998,5.166666666666667,15,-0.014285714285714285,0,5,3,3,533,Loyal,0.2
U0403,2025-11-28,Delhi,Pro,1529,nolansean@example.org,2026-09-30,0,106,116,1672.3,7.133333333333334,12,0.08620689655172414,0,5,5,5,555,VIP,0.24
U0404,2025-08-26,Mumbai,Basic,473,dbryant@example.net,2026-09-30,0,72,62,1167.5,5.433333333333334,7,-0.16129032258064516,0,5,4,1,541,Loyal,0.2
U0405,2025-09-01,UK-London,Basic,470,jennifer64@example.org,2026-09-30,0,81,63,1422.8000000000002,6.266666666666667,8,-0.2857142857142857,0,5,4,1,541,Loyal,0.2
U0406,2026-03-27,Hyderabad,Pro,1474,williamsmelvin@example.org,2026-08-23,38,0,68,0.0,0.0,19,1.0,1,1,1,4,114,At-Risk,0.83
U0407,2025-10-29,US-East,Basic,546,michaelcesar@example.com,2026-09-30,0,67,52,1140.2,6.333333333333333,10,-0.28846153846153844,0,5,3,3,533,Loyal,0.2
U0408,2024-10-22,Bangalore,Basic,518,iwhite@example.net,2026-09-30,0,82,60,1378.8999999999999,7.966666666666667,19,-0.36666666666666664,0,5,4,3,543,Loyal,0.2
U0409,2026-09-13,US-East,Enterprise,4990,ybrooks@example.com,2026-09-30,0,154,160,2580.9999999999995,6.633333333333334,15,0.0375,0,5,5,5,555,VIP,0.22
U0410,2026-06-25,UK-London,Basic,482,rbennett@example.net,2026-09-30,0,71,83,1269.1,6.7,16,0.14457831325301204,0,5,3,1,531,Loyal,0.27
U0411,2026-06-29,Delhi,Basic,524,desireebailey@example.org,2026-09-30,0,55,74,847.9,6.733333333333333,16,0.25675675675675674,0,5,2,3,523,At-Risk,0.33
U0412,2026-09-23,Mumbai,Basic,534,urice@example.org,2026-09-30,0,60,73,894.3,7.033333333333333,25,0.1780821917808219,0,5,3,3,533,Loyal,0.29
U0413,2026-05-31,Delhi,Basic,479,goodsteven@example.net,2026-09-29,1,78,60,1212.6,6.2,13,-0.3,0,2,4,1,241,At-Risk,0.2
U0414,2025-10-31,Mumbai,Pro,1460,pmorrow@example.com,2026-09-30,0,129,103,2261.4,6.7,11,-0.2524271844660194,0,5,5,4,554,VIP,0.2
U0415,2025-06-08,US-East,Pro,1519,jacob10@example.net,2026-09-30,0,116,98,1874.3,5.233333333333333,10,-0.1836734693877551,0,5,5,5,555,VIP,0.2
U0416,2025-08-01,Delhi,Basic,474,allencarlos@example.net,2026-09-30,0,75,66,1213.7,6.5,16,-0.13636363636363635,0,5,4,1,541,Loyal,0.2
U0417,2024-10-23,UK-London,Basic,494,sanchezbradley@example.com,2026-08-18,43,0,31,0.0,0.0,10,1.0,1,1,1,2,112,At-Risk,0.84
U0418,2025-03-19,Hyderabad,Basic,502,karenparsons@example.org,2026-09-30,0,69,59,1089.4999999999998,5.6,16,-0.1694915254237288,0,5,3,2,532,Loyal,0.2
U0419,2025-10-01,Bangalore,Pro,1501,jim95@example.net,2026-09-30,0,123,108,2013.1000000000004,7.933333333333334,9,-0.1388888888888889,0,5,5,4,554,VIP,0.2
U0420,2025-12-09,Mumbai,Pro,1477,joel28@example.org,2026-09-30,0,31,103,496.8,4.433333333333334,14,0.6990291262135923,0,5,2,4,524,At-Risk,0.55
U0421,2025-07-27,Bangalore,Basic,484,bruce92@example.net,2026-09-28,2,85,46,1348.3000000000002,5.8,12,-0.8478260869565217,0,1,4,2,142,At-Risk,0.21
U0422,2026-02-06,Bangalore,Pro,1502,wwilliams@example.net,2026-09-30,0,102,96,1586.1,5.6,11,-0.0625,0,5,5,4,554,VIP,0.2
U0423,2026-02-01,UK-London,Basic,470,heather62@example.com,2026-09-30,0,70,71,1263.1999999999998,6.933333333333334,17,0.014084507042253521,0,5,3,1,531,Loyal,0.21
U0424,2025-06-30,Delhi,Pro,1484,oallen@example.com,2026-09-30,0,124,115,2246.8,7.933333333333334,5,-0.0782608695652174,0,5,5,4,554,VIP,0.2
U0425,2026-06-17,Bangalore,Basic,547,lindamelendez@example.net,2026-09-27,3,12,70,186.0,2.966666666666667,16,0.8285714285714286,0,1,1,3,113,At-Risk,0.62
U0426,2025-07-27,Delhi,Pro,1510,igrant@example.com,2026-09-29,1,27,117,429.5,4.666666666666667,14,0.7692307692307693,0,2,2,4,224,At-Risk,0.59
U0427,2025-03-25,Bangalore,Enterprise,5046,markmiller@example.com,2026-09-30,0,149,163,2561.7000000000003,6.9,19,0.08588957055214724,0,5,5,5,555,VIP,0.24
U0428,2026-06-09,Mumbai,Pro,1521,nicholsmaria@example.org,2026-09-30,0,95,127,1623.1999999999998,5.533333333333333,11,0.25196850393700787,0,5,4,5,545,VIP,0.33
U0429,2025-04-12,Delhi,Basic,449,russojacob@example.net,2026-09-30,0,31,65,501.20000000000005,3.966666666666667,10,0.5230769230769231,0,5,2,1,521,At-Risk,0.46
U0430,2026-03-11,Bangalore,Basic,490,timothybooth@example.com,2026-08-06,55,0,8,0.0,0.0,14,1.0,1,1,1,2,112,At-Risk,0.88
U0431,2025-05-08,Bangalore,Basic,451,lewisjames@example.net,2026-08-18,43,0,38,0.0,0.0,5,1.0,1,1,1,1,111,At-Risk,0.84
U0432,2024-12-23,Hyderabad,Basic,492,srocha@example.net,2026-08-02,59,0,3,0.0,0.0,14,1.0,1,1,1,2,112,At-Risk,0.9
U0433,2026-02-24,UK-London,Enterprise,5046,jherman@example.com,2026-09-30,0,156,158,2401.3,7.766666666666667,18,0.012658227848101266,0,5,5,5,555,VIP,0.21
U0434,2026-04-18,US-East,Basic,492,powens@example.com,2026-09-29,1,21,73,315.0,3.4,13,0.7123287671232876,0,2,2,2,222,At-Risk,0.56
U0435,2025-05-12,Delhi,Pro,1509,william77@example.org,2026-09-30,0,124,91,2071.6,6.1,11,-0.3626373626373626,0,5,5,4,554,VIP,0.2
U0436,2026-05-08,Delhi,Pro,1503,ugill@example.org,2026-09-30,0,115,114,1896.9,8.0,10,-0.008771929824561403,0,5,5,4,554,VIP,0.2
U0437,2025-06-26,Hyderabad,Basic,510,owilliams@example.net,2026-08-17,44,0,32,0.0,0.0,6,1.0,1,1,1,2,112,At-Risk,0.85
U0438,2025-01-13,Bangalore,Enterprise,4956,angela99@example.net,2026-09-30,0,151,155,2602.6999999999994,6.433333333333334,9,0.025806451612903226,0,5,5,5,555,VIP,0.21
U0439,2025-07-30,Delhi,Pro,1535,jameshall@example.net,2026-09-30,0,120,106,2055.0,6.466666666666667,18,-0.1320754716981132,0,5,5,5,555,VIP,0.2
U0440,2026-05-30,UK-London,Pro,1520,rpierce@example.com,2026-09-30,0,99,119,1476.1,6.533333333333333,13,0.16806722689075632,0,5,4,5,545,VIP,0.28
U0441,2025-04-04,Delhi,Basic,460,plevy@example.net,2026-09-30,0,70,67,1045.2,7.066666666666666,7,-0.04477611940298507,0,5,3,1,531,Loyal,0.2
U0442,2025-09-22,Mumbai,Basic,474,jessicabell@example.org,2026-09-29,1,16,66,254.3,2.6,7,0.7575757575757576,0,2,1,1,211,At-Risk,0.58
U0443,2026-03-08,Mumbai,Basic,464,iwhite@example.net,2026-09-29,1,23,55,363.1,3.966666666666667,9,0.5818181818181818,0,2,2,1,221,At-Risk,0.49
U0444,2026-08-28,Mumbai,Enterprise,5033,combscharles@example.net,2026-09-30,0,173,172,2698.9,7.166666666666667,9,-0.005813953488372093,0,5,5,5,555,VIP,0.2
U0445,2024-11-03,UK-London,Basic,527,gutierrezmegan@example.org,2026-09-29,1,65,64,1095.4999999999998,6.5,14,-0.015625,0,2,3,3,233,At-Risk,0.2
U0446,2024-11-17,Delhi,Pro,1496,albertwagner@example.com,2026-09-30,0,99,119,1526.4,5.6,13,0.16806722689075632,0,5,4,4,544,VIP,0.28
U0447,2024-11-12,Bangalore,Basic,535,bhopkins@example.org,2026-09-28,2,65,75,1177.4,4.266666666666667,12,0.13333333333333333,0,1,3,3,133,At-Risk,0.27
U0448,2025-10-22,UK-London,Pro,1487,hsmith@example.net,2026-09-30,0,90,96,1533.4,4.766666666666667,13,0.0625,0,5,4,4,544,VIP,0.23
U0449,2025-04-17,Bangalore,Basic,465,andre62@example.org,2026-08-24,37,0,53,0.0,0.0,5,1.0,1,1,1,1,111,At-Risk,0.82
U0450,2026-07-31,Bangalore,Pro,1508,johnharvey@example.com,2026-09-30,0,128,101,2226.0000000000005,7.8,7,-0.26732673267326734,0,5,5,4,554,VIP,0.2
U0451,2026-05-17,Bangalore,Basic,485,laura15@example.com,2026-08-20,41,0,49,0.0,0.0,9,1.0,1,1,1,2,112,At-Risk,0.84
U0452,2025-08-30,Mumbai,Basic,503,veronicaperez@example.net,2026-09-29,1,16,79,228.6,3.3333333333333335,13,0.7974683544303798,0,2,1,2,212,At-Risk,0.6
U0453,2026-05-26,Delhi,Basic,452,valdezmichele@example.org,2026-09-29,1,18,78,279.7,3.6333333333333333,4,0.7692307692307693,0,2,1,1,211,At-Risk,0.55
U0454,2024-12-06,Delhi,Pro,1461,ebennett@example.org,2026-08-22,39,0,68,0.0,0.0,7,1.0,1,1,1,4,114,At-Risk,0.83
U0455,2026-01-06,US-East,Pro,1490,christopherbruce@example.net,2026-09-30,0,122,108,2045.4,7.133333333333334,22,-0.12962962962962962,0,5,5,4,554,VIP,0.2
U0456,2026-04-24,Mumbai,Pro,1503,jacobsonsamantha@example.org,2026-09-30,0,99,110,1675.1000000000001,8.433333333333334,19,0.1,0,5,4,4,544,VIP,0.25
U0457,2025-03-02,Mumbai,Basic,478,enelson@example.net,2026-09-30,0,65,64,1022.9000000000001,5.3,9,-0.015625,0,5,3,1,531,Loyal,0.2
U0458,2026-08-05,US-East,Basic,461,whitemelissa@example.org,2026-09-25,5,17,64,333.2,2.8333333333333335,11,0.734375,0,1,1,1,111,At-Risk,0.58
U0459,2026-08-31,Bangalore,Basic,487,karenmarquez@example.com,2026-09-30,0,65,78,1032.0,5.233333333333333,8,0.16666666666666666,0,5,3,2,532,Loyal,0.28
U0460,2026-08-08,US-East,Basic,510,francisco39@example.com,2026-09-30,0,79,68,1363.3999999999999,7.533333333333333,12,-0.16176470588235295,0,5,4,2,542,Loyal,0.2
U0461,2026-02-05,UK-London,Basic,505,patrick21@example.net,2026-09-30,0,62,59,1169.2,5.6,17,-0.05084745762711865,0,5,3,2,532,Loyal,0.2
U0462,2026-03-27,Hyderabad,Basic,458,brian63@example.org,2026-08-16,45,0,39,0.0,0.0,13,1.0,1,1,1,1,111,At-Risk,0.85
U0463,2025-06-04,Hyderabad,Basic,453,unovak@example.org,2026-09-30,0,56,49,944.4,6.4,6,-0.14285714285714285,0,5,2,1,521,At-Risk,0.2
U0464,2026-01-04,Delhi,Pro,1451,whenry@example.net,2026-09-30,0,96,122,1642.8,8.633333333333333,10,0.21311475409836064,0,5,4,4,544,VIP,0.31
U0465,2026-08-17,UK-London,Basic,516,llopez@example.net,2026-09-30,0,75,71,1342.9,5.633333333333334,9,-0.056338028169014086,0,5,4,3,543,Loyal,0.2
U0466,2025-07-03,US-East,Pro,1473,lauren11@example.com,2026-09-29,1,99,132,1366.3999999999999,6.833333333333333,10,0.25,0,2,4,4,244,At-Risk,0.33
U0467,2025-01-19,US-East,Basic,527,jodistewart@example.org,2026-09-30,0,61,72,939.8,8.533333333333333,6,0.1527777777777778,0,5,3,3,533,Loyal,0.28
U0468,2024-12-04,Delhi,Basic,536,sean41@example.org,2026-09-30,0,77,91,1321.3999999999999,4.466666666666667,15,0.15384615384615385,0,5,4,3,543,Loyal,0.28
U0469,2024-12-01,Bangalore,Basic,485,jcole@example.net,2026-09-29,1,79,68,1358.1000000000004,7.533333333333333,14,-0.16176470588235295,0,2,4,2,242,At-Risk,0.2
U0470,2025-07-23,Bangalore,Pro,1518,davisangela@example.net,2026-09-30,0,129,128,2002.0000000000002,6.566666666666666,7,-0.0078125,0,5,5,5,555,VIP,0.2
U0471,2025-12-09,UK-London,Enterprise,5036,michelle04@example.com,2026-09-29,1,47,143,733.3,6.566666666666666,14,0.6713286713286714,0,2,2,5,225,At-Risk,0.54
U0472,2025-07-09,US-East,Basic,546,hardyanita@example.org,2026-09-30,0,74,78,1326.5000000000002,7.2,9,0.05128205128205128,0,5,4,3,543,Loyal,0.23
U0473,2025-11-20,Hyderabad,Basic,452,ginajackson@example.com,2026-09-29,1,19,78,341.49999999999994,2.3,8,0.7564102564102564,0,2,1,1,211,At-Risk,0.58
U0474,2025-05-06,Hyderabad,Basic,541,kthomas@example.com,2026-09-30,0,56,68,924.2000000000002,5.8,9,0.17647058823529413,0,5,2,3,523,At-Risk,0.29
U0475,2025-04-18,US-East,Pro,1522,todd15@example.com,2026-08-02,59,0,4,0.0,0.0,7,1.0,1,1,1,5,115,At-Risk,0.9
U0476,2026-08-19,Delhi,Basic,538,mwheeler@example.com,2026-09-30,0,22,69,362.6,3.066666666666667,14,0.6811594202898551,0,5,2,3,523,At-Risk,0.54
U0477,2024-12-16,Mumbai,Basic,451,adam65@example.net,2026-09-30,0,13,65,191.7,3.6,16,0.8,0,5,1,1,511,At-Risk,0.6
U0478,2025-07-03,US-East,Pro,1453,scott69@example.org,2026-09-30,0,24,116,362.4,3.566666666666667,12,0.7931034482758621,0,5,2,4,524,At-Risk,0.6
U0479,2025-05-06,Delhi,Pro,1457,timothythompson@example.com,2026-09-29,1,109,102,2010.7,5.2,12,-0.06862745098039216,0,2,5,4,254,At-Risk,0.2
U0480,2026-09-06,Mumbai,Enterprise,5009,jessica79@example.org,2026-09-29,1,142,148,2274.2000000000003,6.6,16,0.04054054054054054,0,2,5,5,255,At-Risk,0.22
U0481,2025-05-24,Bangalore,Basic,498,lisa65@example.org,2026-08-02,59,0,2,0.0,0.0,12,1.0,1,1,1,2,112,At-Risk,0.9
U0482,2026-08-10,Delhi,Basic,536,brittanygardner@example.net,2026-09-30,0,69,65,1187.0999999999997,6.166666666666667,3,-0.06153846153846154,0,5,3,3,533,Loyal,0.12
U0483,2026-04-12,Bangalore,Pro,1461,bentonsteven@example.net,2026-09-29,1,30,104,465.2,5.066666666666666,10,0.7115384615384616,0,2,2,4,224,At-Risk,0.56
U0484,2025-03-01,Delhi,Basic,521,marie16@example.net,2026-09-30,0,64,61,1139.1,8.3,7,-0.04918032786885246,0,5,3,3,533,Loyal,0.2
U0485,2025-09-28,US-East,Pro,1546,john26@example.com,2026-09-30,0,100,113,1778.1000000000004,6.066666666666666,8,0.11504424778761062,0,5,4,5,545,VIP,0.26
U0486,2024-11-21,Bangalore,Basic,540,iaguilar@example.net,2026-09-30,0,65,72,1157.4000000000003,4.566666666666666,13,0.09722222222222222,0,5,3,3,533,Loyal,0.25
U0487,2026-08-04,Bangalore,Basic,473,ystephens@example.com,2026-09-29,1,78,75,1291.6999999999998,7.766666666666667,8,-0.04,0,2,4,1,241,At-Risk,0.2
U0488,2026-02-23,Mumbai,Pro,1457,rodriguezjohn@example.net,2026-08-23,38,0,88,0.0,0.0,6,1.0,1,1,1,4,114,At-Risk,0.83
U0489,2025-06-15,Delhi,Basic,453,hartdeanna@example.net,2026-09-29,1,78,59,1365.5999999999997,6.033333333333333,11,-0.3220338983050847,0,2,4,1,241,At-Risk,0.2
U0490,2025-07-17,Mumbai,Pro,1536,tammy61@example.org,2026-08-11,50,0,28,0.0,0.0,9,1.0,1,1,1,5,115,At-Risk,0.87
U0491,2024-12-09,UK-London,Basic,520,williamstone@example.net,2026-08-03,58,0,5,0.0,0.0,7,1.0,1,1,1,3,113,At-Risk,0.89
U0492,2026-02-12,Mumbai,Pro,1466,seanmyers@example.net,2026-09-30,0,116,110,1955.5999999999997,6.7,12,-0.05454545454545454,0,5,5,4,554,VIP,0.2
U0493,2025-12-02,Hyderabad,Basic,496,michaeljohnson@example.org,2026-09-30,0,79,62,1387.6000000000001,6.566666666666666,10,-0.27419354838709675,0,5,4,2,542,Loyal,0.2
U0494,2025-05-02,US-East,Pro,1525,wilsonshelia@example.org,2026-09-30,0,127,91,1985.9,6.933333333333334,15,-0.3956043956043956,0,5,5,5,555,VIP,0.2
U0495,2025-06-10,US-East,Pro,1544,stanley38@example.com,2026-09-29,1,106,108,1737.1999999999998,6.0,10,0.018518518518518517,0,2,5,5,255,At-Risk,0.21
U0496,2025-06-10,Bangalore,Basic,506,kimheather@example.com,2026-09-30,0,70,74,1135.1,7.3,15,0.05405405405405406,0,5,3,2,532,Loyal,0.23
U0497,2024-11-17,Mumbai,Basic,488,patrickdarin@example.com,2026-09-30,0,62,73,1063.7,5.566666666666666,15,0.1506849315068493,0,5,3,2,532,Loyal,0.28
U0498,2026-01-15,US-East,Basic,481,sarahyang@example.net,2026-09-30,0,20,69,336.59999999999997,4.0,7,0.7101449275362319,0,5,1,1,511,At-Risk,0.56
U0499,2025-02-03,Bangalore,Pro,1528,marksimmons@example.com,2026-09-30,0,131,106,2222.3999999999996,5.666666666666667,15,-0.2358490566037736,0,5,5,5,555,VIP,0.2
U0500,2025-03-17,Delhi,Pro,1507,lsoto@example.net,2026-08-14,47,0,61,0.0,0.0,6,1.0,1,1,1,4,114,At-Risk,0.86
U0501,2026-01-21,Delhi,Pro,1461,njohnson@example.org,2026-09-30,0,112,101,1742.8,6.6,9,-0.10891089108910891,0,5,5,4,554,VIP,0.2
U0502,2025-08-23,Delhi,Pro,1501,tprice@example.org,2026-09-30,0,129,105,2254.1,7.0,14,-0.22857142857142856,0,5,5,4,554,VIP,0.2
U0503,2025-02-26,Bangalore,Pro,1486,raylauren@example.net,2026-09-30,0,120,120,1797.6000000000001,5.733333333333333,7,0.0,0,5,5,4,554,VIP,0.2
U0504,2025-02-12,US-East,Basic,493,james14@example.net,2026-09-28,2,21,65,292.5,3.466666666666667,13,0.676923076923077,0,1,2,2,122,At-Risk,0.55
U0505,2026-06-20,Bangalore,Pro,1479,candice96@example.net,2026-09-29,1,37,105,631.6,5.833333333333333,13,0.6476190476190476,0,2,2,4,224,At-Risk,0.53
U0506,2024-12-21,Mumbai,Pro,1480,megan92@example.net,2026-09-30,0,110,107,1794.2000000000003,6.966666666666667,9,-0.028037383177570093,0,5,5,4,554,VIP,0.2
U0507,2026-02-26,UK-London,Basic,487,samantha91@example.net,2026-09-30,0,71,60,1236.8999999999999,5.533333333333333,14,-0.18333333333333332,0,5,3,2,532,Loyal,0.2
U0508,2025-01-04,Hyderabad,Basic,450,allendaryl@example.com,2026-09-30,0,70,95,1204.2,7.033333333333333,14,0.2631578947368421,0,5,3,1,531,Loyal,0.33
U0509,2026-02-17,US-East,Pro,1460,ibarnes@example.net,2026-09-30,0,108,126,1933.9,7.333333333333333,15,0.14285714285714285,0,5,5,4,554,VIP,0.27
U0510,2025-07-06,US-East,Basic,494,tommymedina@example.net,2026-08-24,37,0,63,0.0,0.0,13,1.0,1,1,1,2,112,At-Risk,0.82
U0511,2026-08-09,Delhi,Basic,465,angelaburns@example.org,2026-09-30,0,66,61,1048.2,7.233333333333333,8,-0.08196721311475409,0,5,3,1,531,Loyal,0.2
U0512,2025-02-12,Mumbai,Basic,508,wharvey@example.org,2026-08-03,58,0,4,0.0,0.0,19,1.0,1,1,1,2,112,At-Risk,0.89
U0513,2025-09-17,US-East,Basic,483,lisamaynard@example.net,2026-09-30,0,17,64,317.40000000000003,3.6666666666666665,14,0.734375,0,5,1,1,511,At-Risk,0.57
U0514,2026-01-18,Bangalore,Basic,478,acohen@example.net,2026-09-25,5,18,57,294.09999999999997,3.2,6,0.6842105263157895,0,1,1,1,111,At-Risk,0.56
U0515,2026-06-04,Delhi,Basic,544,kjackson@example.org,2026-09-28,2,23,58,420.8,3.8666666666666667,10,0.603448275862069,0,1,2,3,123,At-Risk,0.51
U0516,2026-05-02,Hyderabad,Pro,1508,kellyhill@example.net,2026-09-30,0,30,113,439.79999999999995,5.5,11,0.7345132743362832,0,5,2,4,524,At-Risk,0.57
U0517,2025-04-27,US-East,Basic,541,xcunningham@example.com,2026-09-29,1,79,72,1214.8999999999999,7.833333333333333,11,-0.09722222222222222,0,2,4,3,243,At-Risk,0.2
U0518,2025-11-04,Hyderabad,Pro,1544,armstrongjoseph@example.net,2026-09-30,0,106,119,1700.1999999999998,6.333333333333333,15,0.1092436974789916,0,5,5,5,555,VIP,0.25
U0519,2026-05-22,Hyderabad,Pro,1539,amber07@example.net,2026-09-27,3,31,102,546.9,3.3666666666666667,16,0.696078431372549,0,1,2,5,125,At-Risk,0.56
U0520,2025-03-07,Hyderabad,Basic,470,pgarcia@example.org,2026-09-30,0,20,59,280.9,1.4,11,0.6610169491525424,0,5,1,1,511,At-Risk,0.53
U0521,2025-05-04,UK-London,Pro,1513,colemichael@example.org,2026-09-29,1,133,120,2062.2000000000003,8.266666666666667,21,-0.10833333333333334,0,2,5,5,255,At-Risk,0.2
U0522,2025-08-15,Bangalore,Basic,530,rowejoel@example.net,2026-09-30,0,20,77,331.1,4.766666666666667,6,0.7402597402597403,0,5,1,3,513,At-Risk,0.57
U0523,2025-12-02,US-East,Pro,1524,michelle96@example.org,2026-09-30,0,97,127,1602.8999999999999,5.833333333333333,11,0.23622047244094488,0,5,4,5,545,VIP,0.32
U0524,2025-12-22,Bangalore,Pro,1500,lisatrujillo@example.net,2026-09-30,0,107,113,1663.0,5.933333333333334,20,0.05309734513274336,0,5,5,4,554,VIP,0.23
U0525,2025-06-12,US-East,Pro,1459,candice25@example.net,2026-09-29,1,126,107,2141.7,6.0,12,-0.17757009345794392,0,2,5,4,254,At-Risk,0.2
U0526,2025-04-30,Bangalore,Pro,1523,stephanie81@example.org,2026-09-30,0,106,108,1731.0,6.233333333333333,13,0.018518518518518517,0,5,5,5,555,VIP,0.21
U0527,2026-09-01,Mumbai,Pro,1546,rsellers@example.net,2026-08-16,45,0,48,0.0,0.0,15,1.0,1,1,1,5,115,At-Risk,0.85
U0528,2024-12-30,US-East,Basic,452,johndawson@example.org,2026-09-30,0,29,60,489.40000000000003,4.2,18,0.5166666666666667,0,5,2,1,521,At-Risk,0.46
U0529,2026-04-07,US-East,Basic,487,kburns@example.net,2026-09-30,0,54,67,915.4,5.7,13,0.19402985074626866,0,5,2,2,522,At-Risk,0.3
U0530,2025-04-13,US-East,Basic,477,ebrooks@example.net,2026-09-30,0,65,60,1064.2,6.866666666666666,10,-0.08333333333333333,0,5,3,1,531,Loyal,0.2
U0531,2026-05-02,Mumbai,Basic,495,powellkara@example.net,2026-09-30,0,68,62,1113.8999999999999,6.5,10,-0.0967741935483871,0,5,3,2,532,Loyal,0.2
U0532,2026-08-13,UK-London,Pro,1523,shawn75@example.net,2026-09-30,0,39,106,685.1,4.4,6,0.6320754716981132,0,5,2,5,525,At-Risk,0.52
U0533,2024-09-30,Delhi,Basic,504,simonstephen@example.net,2026-09-30,0,91,83,1528.7,6.966666666666667,11,-0.0963855421686747,0,5,4,2,542,Loyal,0.2
U0534,2026-02-20,US-East,Basic,495,flynnraymond@example.com,2026-09-30,0,23,67,393.6,3.3666666666666667,10,0.6567164179104478,0,5,2,2,522,At-Risk,0.53
U0535,2026-05-24,Bangalore,Basic,532,sadams@example.com,2026-09-30,0,15,70,200.0,2.033333333333333,7,0.7857142857142857,0,5,1,3,513,At-Risk,0.59
U0536,2025-11-02,Delhi,Basic,517,ashleewashington@example.com,2026-09-30,0,75,76,1193.4999999999998,5.8,10,0.013157894736842105,0,5,4,3,543,Loyal,0.21
U0537,2026-07-13,Delhi,Enterprise,5006,williamsconnie@example.com,2026-09-30,0,134,129,1993.3,5.633333333333334,11,-0.03875968992248062,0,5,5,5,555,VIP,0.2
U0538,2024-10-10,Mumbai,Pro,1509,scottsmith@example.com,2026-09-30,0,104,101,1768.2000000000003,5.866666666666666,14,-0.0297029702970297,0,5,5,4,554,VIP,0.2
U0539,2025-02-23,Delhi,Basic,473,nicoleturner@example.com,2026-09-30,0,74,70,1296.2000000000003,6.7,10,-0.05714285714285714,0,5,4,1,541,Loyal,0.2
U0540,2024-12-06,Mumbai,Pro,1463,john52@example.org,2026-09-29,1,33,106,553.4999999999999,4.2,14,0.6886792452830188,0,2,2,4,224,At-Risk,0.55
U0541,2025-07-15,Bangalore,Basic,520,jessica36@example.net,2026-08-09,52,0,12,0.0,0.0,10,1.0,1,1,1,3,113,At-Risk,0.87
U0542,2024-12-04,Delhi,Basic,465,smiththomas@example.org,2026-08-11,50,0,25,0.0,0.0,12,1.0,1,1,1,1,111,At-Risk,0.87
U0543,2025-12-06,Bangalore,Basic,494,ssmith@example.com,2026-09-29,1,69,82,1137.8999999999999,6.333333333333333,12,0.15853658536585366,0,2,3,2,232,At-Risk,0.28
U0544,2026-05-18,Bangalore,Basic,541,ebenson@example.org,2026-09-29,1,21,73,320.29999999999995,4.366666666666666,8,0.7123287671232876,0,2,2,3,223,At-Risk,0.56
U0545,2025-03-15,US-East,Basic,472,crosscurtis@example.com,2026-09-30,0,73,70,1201.0,8.466666666666667,20,-0.04285714285714286,0,5,4,1,541,Loyal,0.2
U0546,2025-06-24,Bangalore,Enterprise,4968,derrick22@example.org,2026-09-30,0,167,141,2780.2,6.433333333333334,7,-0.18439716312056736,0,5,5,5,555,VIP,0.2
U0547,2025-10-21,Delhi,Pro,1542,bishopfrank@example.com,2026-09-30,0,93,114,1583.4,7.3,13,0.18421052631578946,0,5,4,5,545,VIP,0.29
U0548,2026-03-10,Delhi,Basic,532,samanthajensen@example.com,2026-09-30,0,17,59,257.9,4.4,13,0.711864406779661,0,5,1,3,513,At-Risk,0.56
U0549,2026-06-18,UK-London,Basic,496,mosleydonald@example.org,2026-09-30,0,71,64,1128.5,7.1,7,-0.109375,0,5,3,2,532,Loyal,0.2
U0550,2025-12-03,UK-London,Basic,450,bbell@example.com,2026-09-30,0,62,77,1053.6000000000001,6.433333333333334,15,0.19480519480519481,0,5,3,1,531,Loyal,0.3
U0551,2026-04-29,Bangalore,Pro,1512,joshuamiller@example.net,2026-09-30,0,113,116,1797.8999999999999,5.866666666666666,11,0.02586206896551724,0,5,5,5,555,VIP,0.21
U0552,2025-12-11,US-East,Basic,466,kimberly04@example.org,2026-09-28,2,19,65,301.6,3.1,11,0.7076923076923077,0,1,1,1,111,At-Risk,0.56
U0553,2025-10-11,Mumbai,Pro,1543,juliephillips@example.org,2026-09-30,0,123,92,2162.0000000000005,6.8,13,-0.33695652173913043,0,5,5,5,555,VIP,0.2
U0554,2026-04-24,Bangalore,Pro,1493,troyrodriguez@example.com,2026-09-29,1,30,120,486.79999999999995,3.966666666666667,6,0.75,0,2,2,4,224,At-Risk,0.58
U0555,2026-01-07,Hyderabad,Pro,1489,ricetiffany@example.com,2026-09-30,0,104,98,1729.4,7.066666666666666,17,-0.061224489795918366,0,5,5,4,554,VIP,0.2
U0556,2026-08-11,UK-London,Basic,499,paulcombs@example.com,2026-09-30,0,68,68,1309.5,7.733333333333333,15,0.0,0,5,3,2,532,Loyal,0.2
U0557,2025-06-22,Delhi,Basic,524,kathrynbest@example.org,2026-09-29,1,71,76,1157.5000000000002,5.8,9,0.06578947368421052,0,2,3,3,233,At-Risk,0.24
U0558,2024-10-11,UK-London,Enterprise,5034,smithjason@example.org,2026-09-30,0,49,166,765.3000000000001,5.9,16,0.7048192771084337,0,5,2,5,525,At-Risk,0.55
U0559,2026-08-22,Delhi,Basic,522,ohunter@example.net,2026-09-29,1,16,74,269.6,2.3,12,0.7837837837837838,0,2,1,3,213,At-Risk,0.6
U0560,2025-09-29,Mumbai,Pro,1545,zhenderson@example.org,2026-09-30,0,28,99,440.09999999999997,4.633333333333334,11,0.7171717171717171,0,5,2,5,525,At-Risk,0.56
U0561,2026-01-09,Delhi,Basic,525,joshuacollins@example.net,2026-09-29,1,69,69,1172.0,6.6,14,0.0,0,2,3,3,233,At-Risk,0.2
U0562,2026-08-02,US-East,Basic,474,amandamyers@example.net,2026-09-30,0,20,65,245.2,2.6333333333333333,14,0.6923076923076923,0,5,1,1,511,At-Risk,0.55
U0563,2026-04-09,Mumbai,Basic,486,collinssamuel@example.org,2026-09-30,0,71,64,1196.1,4.8,10,-0.109375,0,5,3,2,532,Loyal,0.2
U0564,2024-11-10,UK-London,Basic,463,middletondarren@example.net,2026-09-30,0,83,81,1276.6,6.833333333333333,12,-0.024691358024691357,0,5,4,1,541,Loyal,0.2
U0565,2025-12-17,Hyderabad,Basic,497,elizabeth21@example.org,2026-09-30,0,26,65,369.6,4.8,11,0.6,0,5,2,2,522,At-Risk,0.5
U0566,2026-02-27,US-East,Enterprise,5015,martinstephanie@example.net,2026-09-30,0,169,155,2997.8000000000006,6.666666666666667,13,-0.09032258064516129,0,5,5,5,555,VIP,0.2
U0567,2025-10-11,Delhi,Pro,1454,gary24@example.net,2026-09-29,1,110,94,1734.7999999999997,8.9,15,-0.1702127659574468,0,2,5,4,254,At-Risk,0.2
U0568,2026-07-08,Delhi,Pro,1524,rogersruben@example.net,2026-08-22,39,0,76,0.0,0.0,14,1.0,1,1,1,5,115,At-Risk,0.83
U0569,2024-11-14,Mumbai,Pro,1540,crawfordwilliam@example.org,2026-09-30,0,29,113,453.90000000000003,4.233333333333333,12,0.7433628318584071,0,5,2,5,525,At-Risk,0.57
U0570,2025-09-28,UK-London,Pro,1455,michaelscott@example.org,2026-09-30,0,103,115,1693.0000000000002,8.433333333333334,10,0.10434782608695652,0,5,5,4,554,VIP,0.25
U0571,2026-07-13,Hyderabad,Pro,1454,perezwilliam@example.org,2026-08-20,41,0,72,0.0,0.0,15,1.0,1,1,1,4,114,At-Risk,0.84
U0572,2026-06-17,Mumbai,Pro,1451,sanchezthomas@example.com,2026-09-30,0,107,115,1728.8,7.5,8,0.06956521739130435,0,5,5,4,554,VIP,0.23
U0573,2026-08-01,Hyderabad,Basic,462,sarahmathews@example.net,2026-09-27,3,27,70,429.3,4.666666666666667,10,0.6142857142857143,0,1,2,1,121,At-Risk,0.52
U0574,2026-05-08,UK-London,Basic,460,pwalker@example.com,2026-09-30,0,83,78,1337.0,6.866666666666666,11,-0.0641025641025641,0,5,4,1,541,Loyal,0.2
U0575,2026-07-29,US-East,Basic,473,joseph19@example.com,2026-09-30,0,75,59,1198.9,6.0,14,-0.2711864406779661,0,5,4,1,541,Loyal,0.2
U0576,2024-12-25,Mumbai,Pro,1467,whitelinda@example.org,2026-09-30,0,108,112,1585.9,6.1,6,0.03571428571428571,0,5,5,4,554,VIP,0.22
U0577,2026-08-26,Hyderabad,Enterprise,4993,wileymichelle@example.com,2026-09-30,0,181,158,2854.8,8.066666666666666,3,-0.14556962025316456,0,5,5,5,555,VIP,0.12
U0578,2025-05-25,US-East,Basic,503,msmith@example.com,2026-09-30,0,78,58,1308.4999999999998,7.4,18,-0.3448275862068966,0,5,4,2,542,Loyal,0.2
U0579,2025-11-14,Hyderabad,Basic,530,jodi37@example.com,2026-09-30,0,66,73,1006.9999999999999,6.0,12,0.0958904109589041,0,5,3,3,533,Loyal,0.25
U0580,2025-12-04,Bangalore,Basic,470,xcuevas@example.org,2026-09-29,1,57,82,953.2,7.266666666666667,14,0.3048780487804878,0,2,2,1,221,At-Risk,0.36
U0581,2026-03-17,Delhi,Basic,507,edwardrandolph@example.org,2026-09-30,0,66,54,1035.2,6.166666666666667,9,-0.2222222222222222,0,5,3,2,532,Loyal,0.2
U0582,2025-03-18,Mumbai,Pro,1483,cynthia05@example.org,2026-09-30,0,103,92,1938.8999999999999,6.2,11,-0.11956521739130435,0,5,5,4,554,VIP,0.2
U0583,2026-04-06,UK-London,Basic,511,usweeney@example.com,2026-09-30,0,50,45,789.3,2.8,19,-0.1111111111111111,0,5,2,2,522,At-Risk,0.2
U0584,2024-12-13,Hyderabad,Basic,497,robertwoodward@example.org,2026-09-30,0,63,74,972.2999999999998,8.066666666666666,10,0.14864864864864866,0,5,3,2,532,Loyal,0.27
U0585,2026-03-02,Mumbai,Pro,1509,williamsjesse@example.net,2026-08-14,47,0,63,0.0,0.0,10,1.0,1,1,1,4,114,At-Risk,0.86
U0586,2025-07-27,US-East,Pro,1452,stephen19@example.org,2026-09-30,0,107,113,1746.6999999999998,6.9,13,0.05309734513274336,0,5,5,4,554,VIP,0.23
U0587,2025-10-02,UK-London,Pro,1468,kjones@example.org,2026-09-30,0,90,95,1415.0000000000002,7.766666666666667,11,0.05263157894736842,0,5,4,4,544,VIP,0.23
U0588,2025-08-12,Mumbai,Basic,497,joelgreen@example.com,2026-09-30,0,81,60,1403.6999999999998,7.233333333333333,13,-0.35,0,5,4,2,542,Loyal,0.2
U0589,2026-08-06,Delhi,Basic,484,vhaynes@example.com,2026-09-28,2,16,82,267.8,3.1,10,0.8048780487804879,0,1,1,2,112,At-Risk,0.61
U0590,2025-05-19,Mumbai,Basic,548,jesus32@example.net,2026-09-30,0,70,70,1084.0000000000002,6.3,15,0.0,0,5,3,3,533,Loyal,0.2
U0591,2024-12-17,Mumbai,Pro,1484,martinsteven@example.com,2026-08-23,38,0,86,0.0,0.0,13,1.0,1,1,1,4,114,At-Risk,0.83
U0592,2024-12-26,Mumbai,Basic,506,tami37@example.com,2026-09-30,0,75,65,1281.6000000000004,6.866666666666666,15,-0.15384615384615385,0,5,4,2,542,Loyal,0.2
U0593,2025-09-02,Hyderabad,Enterprise,4951,davislindsey@example.com,2026-09-30,0,57,132,706.9,5.366666666666666,10,0.5681818181818182,0,5,2,5,525,At-Risk,0.48
U0594,2026-05-25,US-East,Pro,1463,lewismelissa@example.org,2026-09-30,0,124,116,1992.8999999999999,8.066666666666666,13,-0.06896551724137931,0,5,5,4,554,VIP,0.2
U0595,2024-12-04,Mumbai,Basic,456,tanyafoster@example.org,2026-09-30,0,59,59,936.6,6.7,5,0.0,0,5,3,1,531,Loyal,0.2
U0596,2026-02-05,UK-London,Basic,535,lori20@example.com,2026-09-30,0,69,54,1065.9,6.666666666666667,10,-0.2777777777777778,0,5,3,3,533,Loyal,0.2
U0597,2026-06-14,UK-London,Pro,1526,codygarcia@example.org,2026-09-30,0,128,102,2159.9999999999995,6.333333333333333,15,-0.2549019607843137,0,5,5,5,555,VIP,0.2
U0598,2024-12-26,US-East,Basic,517,greertoni@example.org,2026-09-30,0,19,75,321.2,4.066666666666666,20,0.7466666666666667,0,5,1,3,513,At-Risk,0.57
U0599,2025-02-20,Delhi,Basic,510,owatson@example.net,2026-09-30,0,60,61,933.1999999999999,7.3,6,0.01639344262295082,0,5,3,2,532,Loyal,0.21
U0600,2024-11-29,US-East,Basic,462,samantha10@example.org,2026-09-30,0,52,78,900.1,5.466666666666667,10,0.3333333333333333,0,4,2,1,421,At-Risk,0.37
U0601,2025-02-20,Delhi,Basic,532,flamb@example.com,2026-09-30,0,74,74,1232.6000000000001,5.833333333333333,12,0.0,0,4,4,3,443,Loyal,0.2
U0602,2024-12-27,UK-London,Basic,465,kwilliams@example.com,2026-09-30,0,64,67,903.4999999999999,7.333333333333333,13,0.04477611940298507,0,4,3,1,431,Loyal,0.22
U0603,2026-05-21,Delhi,Basic,476,ycrawford@example.net,2026-09-29,1,12,72,212.8,2.433333333333333,10,0.8333333333333334,0,2,1,1,211,At-Risk,0.62
U0604,2025-08-06,US-East,Basic,453,jason24@example.com,2026-09-29,1,16,82,266.8,3.2333333333333334,12,0.8048780487804879,0,2,1,1,211,At-Risk,0.61
U0605,2025-08-20,Hyderabad,Basic,504,austinharvey@example.org,2026-09-30,0,66,67,1072.7,6.966666666666667,12,0.014925373134328358,0,4,3,2,432,Loyal,0.21
U0606,2026-01-14,Bangalore,Basic,458,jjenkins@example.com,2026-09-30,0,57,53,819.8,5.7,18,-0.07547169811320754,0,4,2,1,421,At-Risk,0.2
U0607,2024-11-12,UK-London,Basic,528,patrick63@example.net,2026-09-30,0,20,68,329.70000000000005,4.2,14,0.7058823529411765,0,4,1,3,413,At-Risk,0.55
U0608,2026-07-06,Mumbai,Basic,524,crystalpham@example.org,2026-09-29,1,72,55,1242.7000000000003,5.133333333333334,9,-0.3090909090909091,0,2,4,3,243,At-Risk,0.2
U0609,2026-09-21,Delhi,Pro,1453,timothy75@example.net,2026-09-30,0,73,114,1147.0,6.033333333333333,8,0.35964912280701755,0,4,4,4,444,VIP,0.38
U0610,2025-09-30,Bangalore,Basic,524,bnelson@example.com,2026-09-30,0,69,79,1071.6000000000001,6.833333333333333,25,0.12658227848101267,0,4,3,3,433,Loyal,0.26
U0611,2025-12-08,UK-London,Pro,1532,huangkimberly@example.org,2026-09-30,0,27,95,407.49999999999994,4.266666666666667,11,0.7157894736842105,0,4,2,5,425,At-Risk,0.56
U0612,2026-05-12,Bangalore,Basic,485,xmoreno@example.net,2026-09-30,0,67,70,1130.1,5.866666666666666,11,0.04285714285714286,0,4,3,2,432,Loyal,0.22
U0613,2026-09-28,Hyderabad,Basic,485,craigsandoval@example.com,2026-08-18,43,0,43,0.0,0.0,16,1.0,1,1,1,2,112,At-Risk,0.84
U0614,2025-10-23,Hyderabad,Pro,1504,gallagherstacie@example.net,2026-09-30,0,107,126,1859.3,6.6,5,0.15079365079365079,0,4,5,4,454,VIP,0.28
U0615,2026-06-08,UK-London,Basic,509,lkelly@example.org,2026-09-29,1,49,80,849.1,6.4,9,0.3875,0,2,2,2,222,At-Risk,0.4
U0616,2025-03-20,UK-London,Basic,450,linda59@example.org,2026-09-30,0,20,72,310.59999999999997,3.2666666666666666,7,0.7222222222222222,0,4,1,1,411,At-Risk,0.56
U0617,2026-02-24,US-East,Basic,468,stacey92@example.net,2026-09-30,0,72,74,1229.9999999999998,7.9,13,0.02702702702702703,0,4,4,1,441,Loyal,0.21
U0618,2026-08-22,Delhi,Basic,483,lweaver@example.com,2026-09-29,1,68,62,1173.1000000000001,5.8,15,-0.0967741935483871,0,2,3,2,232,At-Risk,0.2
U0619,2024-10-26,US-East,Basic,507,halljeffery@example.net,2026-09-30,0,60,77,934.8,6.533333333333333,13,0.22077922077922077,0,4,3,2,432,Loyal,0.31
U0620,2025-09-12,Delhi,Basic,499,samantha32@example.com,2026-09-30,0,67,50,1096.2,4.533333333333333,11,-0.34,0,4,3,2,432,Loyal,0.2
U0621,2026-03-06,Mumbai,Basic,468,brian29@example.net,2026-09-30,0,64,81,934.5999999999998,6.266666666666667,8,0.20987654320987653,0,4,3,1,431,Loyal,0.3
U0622,2026-07-30,Bangalore,Enterprise,4991,mathismichelle@example.org,2026-09-30,0,42,150,692.8000000000001,5.9,18,0.72,0,4,2,5,425,At-Risk,0.56
U0623,2025-06-28,Delhi,Basic,498,vwillis@example.com,2026-08-26,35,0,58,0.0,0.0,10,1.0,1,1,1,2,112,At-Risk,0.82
U0624,2025-05-22,Bangalore,Enterprise,4998,jessicakim@example.net,2026-08-13,48,0,57,0.0,0.0,15,1.0,1,1,1,5,115,At-Risk,0.86
U0625,2026-08-31,UK-London,Basic,532,grant89@example.com,2026-09-28,2,34,66,575.4,5.133333333333334,18,0.48484848484848486,0,1,2,3,123,At-Risk,0.45
U0626,2025-03-10,UK-London,Basic,493,nicholasgross@example.com,2026-08-01,60,0,0,0.0,0.0,16,0.0,1,1,1,2,112,At-Risk,0.4
U0627,2024-12-30,Mumbai,Basic,456,rushstacy@example.com,2026-09-30,0,61,60,1066.1999999999998,5.866666666666666,7,-0.016666666666666666,0,4,3,1,431,Loyal,0.2
U0628,2026-06-12,Delhi,Enterprise,4956,whitelucas@example.net,2026-09-30,0,164,156,2709.6,8.3,16,-0.05128205128205128,0,4,5,5,455,VIP,0.2
U0629,2025-03-09,UK-London,Basic,453,zunigadonald@example.net,2026-09-29,1,18,82,298.09999999999997,2.533333333333333,11,0.7804878048780488,0,2,1,1,211,At-Risk,0.59
U0630,2024-11-24,Mumbai,Enterprise,5013,toni21@example.net,2026-09-30,0,45,179,733.4,6.733333333333333,17,0.7486033519553073,0,4,2,5,425,At-Risk,0.57
U0631,2026-01-31,Mumbai,Pro,1491,sean43@example.org,2026-09-29,1,100,115,1729.9,7.633333333333334,11,0.13043478260869565,0,2,4,4,244,At-Risk,0.27
U0632,2026-02-17,Mumbai,Pro,1530,jonathan10@example.org,2026-09-30,0,106,102,1630.7,7.233333333333333,13,-0.0392156862745098,0,4,5,5,455,VIP,0.2
U0633,2025-07-07,Delhi,Pro,1524,acosta@example.com,2026-09-30,0,114,106,1542.1000000000001,6.9,16,-0.07547169811320754,0,4,5,5,455,VIP,0.2
U0634,2026-07-04,Delhi,Basic,494,amy17@example.net,2026-09-28,2,22,73,405.70000000000005,2.433333333333333,7,0.6986301369863014,0,1,2,2,122,At-Risk,0.56
U0635,2026-01-17,Delhi,Enterprise,4967,franciscojones@example.org,2026-09-30,0,153,161,2702.2000000000003,6.4,13,0.049689440993788817,0,4,5,5,455,VIP,0.22
U0636,2025-05-02,UK-London,Enterprise,5001,jose11@example.com,2026-09-30,0,176,170,2774.9999999999995,6.866666666666666,23,-0.03529411764705882,0,4,5,5,455,VIP,0.2
U0637,2025-01-31,Delhi,Pro,1538,emartin@example.net,2026-09-30,0,30,102,468.9999999999999,4.8,11,0.7058823529411765,0,4,2,5,425,At-Risk,0.55
U0638,2026-08-17,Mumbai,Basic,512,morgantricia@example.com,2026-08-15,46,0,23,0.0,0.0,12,1.0,1,1,1,2,112,At-Risk,0.85
U0639,2026-02-25,Delhi,Basic,481,kdunlap@example.net,2026-09-30,0,59,83,988.4,6.033333333333333,10,0.2891566265060241,0,4,3,1,431,Loyal,0.34
U0640,2026-07-10,US-East,Basic,521,brianrivera@example.org,2026-09-30,0,57,69,844.1999999999999,6.633333333333334,15,0.17391304347826086,0,4,2,3,423,At-Risk,0.29
U0641,2025-07-24,Delhi,Basic,523,donna43@example.org,2026-09-28,2,21,70,344.5,3.7333333333333334,7,0.7,0,1,2,3,123,At-Risk,0.56
U0642,2024-11-04,US-East,Pro,1452,xhernandez@example.org,2026-09-30,0,122,112,2090.6,7.2,14,-0.08928571428571429,0,4,5,4,454,VIP,0.2
U0643,2025-08-07,UK-London,Pro,1546,madison97@example.org,2026-09-30,0,126,100,2088.3,6.766666666666667,13,-0.26,0,4,5,5,455,VIP,0.2
U0644,2024-12-08,Delhi,Pro,1471,georgecarter@example.org,2026-09-30,0,121,87,1988.8000000000004,6.033333333333333,12,-0.39080459770114945,0,4,5,4,454,VIP,0.2
U0645,2025-09-09,Bangalore,Basic,449,parkerraymond@example.com,2026-08-03,58,0,2,0.0,0.0,17,1.0,1,1,1,1,111,At-Risk,0.89
U0646,2026-07-14,UK-London,Basic,519,christopher86@example.org,2026-09-29,1,62,77,1038.0,4.233333333333333,15,0.19480519480519481,0,2,3,3,233,At-Risk,0.3
U0647,2025-06-26,Delhi,Basic,524,cwood@example.org,2026-09-30,0,61,67,991.1999999999999,7.6,14,0.08955223880597014,0,4,3,3,433,Loyal,0.24
U0648,2025-04-09,US-East,Pro,1467,rbaker@example.net,2026-08-16,45,0,61,0.0,0.0,20,1.0,1,1,1,4,114,At-Risk,0.85
U0649,2024-11-12,Delhi,Basic,481,millermaurice@example.net,2026-08-12,49,0,23,0.0,0.0,12,1.0,1,1,1,1,111,At-Risk,0.86
U0650,2025-07-28,Delhi,Basic,483,angelarandall@example.net,2026-08-03,58,0,9,0.0,0.0,10,1.0,1,1,1,2,112,At-Risk,0.89
U0651,2025-07-31,Mumbai,Basic,459,parmstrong@example.com,2026-08-17,44,0,34,0.0,0.0,14,1.0,1,1,1,1,111,At-Risk,0.85
U0652,2025-05-05,UK-London,Pro,1526,torr@example.org,2026-09-30,0,124,90,1998.0,6.2,8,-0.37777777777777777,0,4,5,5,455,VIP,0.2
U0653,2025-09-30,UK-London,Pro,1457,davidtodd@example.org,2026-09-30,0,103,114,1722.8,6.766666666666667,8,0.09649122807017543,0,4,5,4,454,VIP,0.25
U0654,2026-08-22,Mumbai,Basic,520,teresastokes@example.org,2026-08-26,35,0,60,0.0,0.0,10,1.0,1,1,1,3,113,At-Risk,0.82
U0655,2024-10-30,UK-London,Basic,476,mcneilryan@example.net,2026-09-30,0,81,85,1425.0999999999997,7.933333333333334,10,0.047058823529411764,0,4,4,1,441,Loyal,0.22
U0656,2025-01-14,Mumbai,Basic,473,luis11@example.com,2026-09-29,1,66,54,1201.5,8.066666666666666,13,-0.2222222222222222,0,2,3,1,231,At-Risk,0.2
U0657,2025-11-09,Mumbai,Basic,496,melissa87@example.org,2026-09-30,0,63,69,994.2000000000002,6.933333333333334,6,0.08695652173913043,0,4,3,2,432,Loyal,0.24
U0658,2026-04-26,Hyderabad,Basic,548,jrodriguez@example.org,2026-09-30,0,78,69,1279.2,6.533333333333333,9,-0.13043478260869565,0,4,4,3,443,Loyal,0.2
U0659,2025-11-16,UK-London,Pro,1494,buckleyanna@example.org,2026-09-29,1,104,111,1555.3,5.966666666666667,13,0.06306306306306306,0,2,5,4,254,At-Risk,0.23
U0660,2026-04-25,Bangalore,Pro,1491,natalie46@example.net,2026-09-30,0,131,104,2207.2999999999997,8.133333333333333,14,-0.25961538461538464,0,4,5,4,454,VIP,0.2
U0661,2025-09-18,Bangalore,Basic,528,rjohnson@example.com,2026-09-30,0,67,65,1099.6999999999998,5.0,12,-0.03076923076923077,0,4,3,3,433,Loyal,0.2
U0662,2025-01-12,Hyderabad,Pro,1463,vwilliams@example.net,2026-09-30,0,32,106,531.0,6.033333333333333,14,0.6981132075471698,0,4,2,4,424,At-Risk,0.55
U0663,2025-03-21,Bangalore,Basic,499,xmccall@example.org,2026-09-29,1,80,69,1179.8000000000002,7.566666666666666,10,-0.15942028985507245,0,2,4,2,242,At-Risk,0.2
U0664,2025-06-02,US-East,Basic,461,larry71@example.org,2026-09-30,0,65,69,955.3000000000001,5.9,8,0.057971014492753624,0,4,3,1,431,Loyal,0.23
U0665,2025-01-05,Mumbai,Basic,526,uschroeder@example.com,2026-09-30,0,83,63,1237.5000000000002,7.233333333333333,9,-0.31746031746031744,0,4,4,3,443,Loyal,0.2
U0666,2026-03-15,US-East,Basic,500,lopezjason@example.com,2026-09-30,0,60,63,926.8,6.0,14,0.047619047619047616,0,4,3,2,432,Loyal,0.22
U0667,2026-03-23,US-East,Pro,1476,lori82@example.org,2026-09-30,0,34,105,540.0999999999999,5.3,12,0.6761904761904762,0,4,2,4,424,At-Risk,0.54
U0668,2025-05-14,Mumbai,Basic,484,htaylor@example.net,2026-09-30,0,11,50,208.70000000000002,1.8,17,0.78,0,4,1,2,412,At-Risk,0.59
U0669,2024-10-20,Mumbai,Pro,1497,nancygonzalez@example.org,2026-09-30,0,112,110,1816.5999999999997,6.333333333333333,13,-0.01818181818181818,0,4,5,4,454,VIP,0.2
U0670,2025-03-30,Mumbai,Enterprise,5037,xwilliams@example.net,2026-09-30,0,159,142,2626.2999999999997,7.066666666666666,9,-0.11971830985915492,0,4,5,5,455,VIP,0.2
U0671,2025-02-21,Hyderabad,Basic,522,madison86@example.net,2026-09-30,0,65,65,1065.8999999999999,6.066666666666666,6,0.0,0,4,3,3,433,Loyal,0.2
U0672,2026-08-03,Delhi,Pro,1490,allentracy@example.com,2026-09-30,0,136,109,2130.9,6.6,11,-0.24770642201834864,0,4,5,4,454,VIP,0.2
U0673,2025-02-05,Hyderabad,Basic,532,wmatthews@example.com,2026-09-30,0,54,64,981.6,5.5,9,0.15625,0,4,2,3,423,At-Risk,0.28
U0674,2025-01-26,UK-London,Basic,449,kaitlyn14@example.org,2026-09-30,0,78,76,1282.8,5.7,7,-0.02631578947368421,0,4,4,1,441,Loyal,0.2
U0675,2025-07-08,US-East,Basic,495,melissachan@example.org,2026-08-21,40,0,46,0.0,0.0,9,1.0,1,1,1,2,112,At-Risk,0.83
U0676,2026-06-16,UK-London,Enterprise,4969,ericaadams@example.com,2026-08-24,37,0,108,0.0,0.0,10,1.0,1,1,1,5,115,At-Risk,0.82
U0677,2025-10-08,Delhi,Pro,1474,wellsdavid@example.org,2026-09-30,0,109,107,1956.6,6.566666666666666,10,-0.018691588785046728,0,4,5,4,454,VIP,0.2
U0678,2025-12-11,Mumbai,Basic,536,walkercharlene@example.com,2026-09-30,0,73,66,1037.5,5.666666666666667,14,-0.10606060606060606,0,4,4,3,443,Loyal,0.2
U0679,2026-03-03,US-East,Basic,490,rodney65@example.com,2026-09-30,0,74,66,1194.0,6.3,13,-0.12121212121212122,0,4,4,2,442,Loyal,0.2
U0680,2025-03-31,Delhi,Enterprise,4974,hturner@example.net,2026-09-30,0,170,156,3061.3,6.833333333333333,11,-0.08974358974358974,0,4,5,5,455,VIP,0.2
U0681,2025-07-15,Hyderabad,Basic,498,smithyvonne@example.com,2026-09-30,0,58,67,988.2,6.266666666666667,11,0.13432835820895522,0,4,2,2,422,At-Risk,0.27
U0682,2025-11-12,Hyderabad,Pro,1508,kenneth17@example.org,2026-09-30,0,39,108,683.1999999999999,3.6,13,0.6388888888888888,0,4,2,4,424,At-Risk,0.52
U0683,2025-06-01,Delhi,Pro,1466,danielle44@example.net,2026-09-30,0,99,116,1657.1,5.5,15,0.14655172413793102,0,4,4,4,444,VIP,0.27
U0684,2026-03-02,Mumbai,Pro,1545,jacob83@example.org,2026-09-30,0,118,97,2057.8999999999996,6.7,8,-0.21649484536082475,0,4,5,5,455,VIP,0.2
U0685,2026-05-09,US-East,Basic,495,rguerrero@example.org,2026-09-28,2,67,75,1138.6000000000001,6.133333333333334,14,0.10666666666666667,0,1,3,2,132,At-Risk,0.26
U0686,2026-03-09,Hyderabad,Basic,546,qbright@example.com,2026-09-30,0,83,71,1359.9,7.466666666666667,4,-0.16901408450704225,0,4,4,3,443,Loyal,0.16
U0687,2025-07-21,US-East,Basic,529,aguilarwanda@example.org,2026-09-29,1,63,72,1033.3,6.066666666666666,12,0.125,0,2,3,3,233,At-Risk,0.27
U0688,2025-06-06,US-East,Basic,463,ginalittle@example.com,2026-09-30,0,76,57,1376.5000000000002,6.266666666666667,14,-0.3333333333333333,0,4,4,1,441,Loyal,0.2
U0689,2026-07-22,Bangalore,Basic,458,william28@example.org,2026-09-30,0,78,74,1230.1999999999998,6.7,11,-0.05405405405405406,0,4,4,1,441,Loyal,0.2
U0690,2025-05-01,US-East,Basic,505,qanderson@example.net,2026-09-30,0,61,79,1128.2,8.033333333333333,11,0.22784810126582278,0,4,3,2,432,Loyal,0.31
U0691,2026-05-12,Mumbai,Basic,512,staceylam@example.net,2026-09-30,0,83,80,1470.8999999999999,7.9,10,-0.0375,0,4,4,2,442,Loyal,0.2
U0692,2024-12-03,US-East,Basic,466,jeffrey46@example.com,2026-09-30,0,63,53,944.4000000000001,7.2,9,-0.18867924528301888,0,4,3,1,431,Loyal,0.2
U0693,2025-06-27,UK-London,Basic,487,steven17@example.org,2026-09-29,1,52,72,887.2,6.333333333333333,6,0.2777777777777778,0,2,2,2,222,At-Risk,0.34
U0694,2026-06-23,Bangalore,Pro,1472,kennedyjames@example.org,2026-09-30,0,37,118,578.3000000000001,4.0,13,0.6864406779661016,0,4,2,4,424,At-Risk,0.54
U0695,2026-06-24,Bangalore,Basic,516,amoreno@example.org,2026-09-29,1,14,64,264.7,1.9333333333333333,13,0.78125,0,2,1,3,213,At-Risk,0.59
U0696,2026-06-26,Mumbai,Pro,1480,derrickgonzalez@example.com,2026-09-30,0,116,98,1759.9999999999998,6.4,11,-0.1836734693877551,0,4,5,4,454,VIP,0.2
U0697,2026-09-19,UK-London,Basic,484,tthomas@example.org,2026-09-30,0,62,60,950.8999999999999,5.7,18,-0.03333333333333333,0,4,3,2,432,Loyal,0.2
U0698,2026-04-20,Delhi,Basic,484,lcook@example.com,2026-09-29,1,64,64,1017.8,6.566666666666666,15,0.0,0,2,3,2,232,At-Risk,0.2
U0699,2026-01-05,Delhi,Basic,518,hayesjason@example.org,2026-09-29,1,26,54,420.70000000000005,3.5,10,0.5185185185185185,0,2,2,3,223,At-Risk,0.46
U0700,2025-11-23,Hyderabad,Basic,461,tracygallagher@example.org,2026-09-30,0,22,56,375.1,4.133333333333334,12,0.6071428571428571,0,4,2,1,421,At-Risk,0.5
U0701,2025-01-01,Mumbai,Basic,508,zschultz@example.com,2026-08-09,52,0,27,0.0,0.0,12,1.0,1,1,1,2,112,At-Risk,0.87
U0702,2026-09-03,Bangalore,Pro,1480,ismith@example.org,2026-09-30,0,109,126,2084.1,6.266666666666667,14,0.1349206349206349,0,4,5,4,454,VIP,0.27
U0703,2026-03-16,UK-London,Basic,520,mcclainkatherine@example.net,2026-09-30,0,61,75,998.7999999999998,5.9,12,0.18666666666666668,0,4,3,3,433,Loyal,0.29
U0704,2025-02-15,UK-London,Pro,1492,simsjohn@example.net,2026-09-30,0,92,105,1425.8,5.166666666666667,11,0.12380952380952381,0,4,4,4,444,VIP,0.26
U0705,2026-07-01,Bangalore,Basic,534,david68@example.net,2026-09-30,0,70,61,1032.6000000000001,5.5,7,-0.14754098360655737,0,4,3,3,433,Loyal,0.2
U0706,2025-05-10,Hyderabad,Pro,1450,colonkenneth@example.com,2026-09-30,0,142,110,2415.7999999999997,7.066666666666666,25,-0.2909090909090909,0,4,5,4,454,VIP,0.2
U0707,2025-08-27,Bangalore,Basic,546,ryan25@example.com,2026-09-30,0,22,77,410.90000000000003,4.333333333333333,8,0.7142857142857143,0,4,2,3,423,At-Risk,0.56
U0708,2025-06-18,Hyderabad,Basic,456,frederickmeadows@example.com,2026-09-30,0,52,74,807.3,7.133333333333334,12,0.2972972972972973,0,4,2,1,421,At-Risk,0.35
U0709,2024-10-12,Mumbai,Basic,484,jessicaanderson@example.net,2026-09-30,0,80,75,1437.9,6.2,11,-0.06666666666666667,0,4,4,2,442,Loyal,0.2
U0710,2024-10-14,US-East,Enterprise,4979,daviddawson@example.org,2026-09-30,0,162,177,2770.8,5.633333333333334,17,0.0847457627118644,0,4,5,5,455,VIP,0.24
U0711,2025-06-29,Mumbai,Pro,1510,kelsey90@example.net,2026-08-16,45,0,45,0.0,0.0,11,1.0,1,1,1,4,114,At-Risk,0.85
U0712,2026-09-25,Hyderabad,Basic,465,valdezandrew@example.net,2026-09-30,0,82,85,1296.1,5.3,11,0.03529411764705882,0,4,4,1,441,Loyal,0.22
U0713,2024-12-22,Hyderabad,Basic,451,jjames@example.com,2026-09-30,0,73,71,1304.0,6.033333333333333,13,-0.028169014084507043,0,4,4,1,441,Loyal,0.2
U0714,2025-09-10,US-East,Enterprise,4971,jamiejennings@example.org,2026-08-06,55,0,17,0.0,0.0,13,1.0,1,1,1,5,115,At-Risk,0.88
U0715,2025-05-06,UK-London,Basic,453,batesjoseph@example.net,2026-09-30,0,64,45,1061.1999999999998,6.3,12,-0.4222222222222222,0,4,3,1,431,Loyal,0.2
U0716,2026-02-22,Hyderabad,Pro,1513,grivas@example.net,2026-08-09,52,0,34,0.0,0.0,12,1.0,1,1,1,5,115,At-Risk,0.87
U0717,2026-03-07,US-East,Pro,1532,campbellkristen@example.com,2026-09-30,0,107,102,1810.1000000000004,6.666666666666667,17,-0.049019607843137254,0,4,5,5,455,VIP,0.2
U0718,2025-02-21,Mumbai,Pro,1520,kimberlydecker@example.org,2026-09-30,0,102,109,1666.0000000000002,8.466666666666667,7,0.06422018348623854,0,4,5,5,455,VIP,0.23
U0719,2025-06-17,Delhi,Pro,1464,cphillips@example.net,2026-09-30,0,116,103,1966.5000000000002,6.366666666666666,9,-0.1262135922330097,0,4,5,4,454,VIP,0.2
U0720,2025-09-26,Hyderabad,Basic,546,haleycastillo@example.org,2026-09-30,0,70,77,1140.6000000000001,5.5,8,0.09090909090909091,0,4,3,3,433,Loyal,0.25
U0721,2024-09-30,Hyderabad,Basic,545,meadowsmary@example.net,2026-08-26,35,0,47,0.0,0.0,7,1.0,1,1,1,3,113,At-Risk,0.82
U0722,2025-09-24,US-East,Basic,514,chancharles@example.net,2026-08-03,58,0,1,0.0,0.0,7,1.0,1,1,1,2,112,At-Risk,0.89
U0723,2024-12-11,Mumbai,Basic,539,dawn74@example.com,2026-09-30,0,77,77,1331.8,6.1,8,0.0,0,4,4,3,443,Loyal,0.2
U0724,2025-09-02,Delhi,Basic,523,limorgan@example.com,2026-09-29,1,16,69,271.9,4.1,10,0.7681159420289855,0,2,1,3,213,At-Risk,0.59
U0725,2025-06-18,UK-London,Pro,1471,ronald11@example.org,2026-09-30,0,29,104,496.3,4.033333333333333,12,0.7211538461538461,0,4,2,4,424,At-Risk,0.56
U0726,2024-10-06,Mumbai,Enterprise,5003,elizabethjackson@example.com,2026-09-30,0,146,166,2055.4,7.2,12,0.12048192771084337,0,4,5,5,455,VIP,0.26
U0727,2026-07-14,UK-London,Basic,491,natalie15@example.com,2026-09-30,0,66,70,1038.4,5.366666666666666,10,0.05714285714285714,0,4,3,2,432,Loyal,0.23
U0728,2025-02-09,Hyderabad,Basic,549,dross@example.com,2026-09-30,0,69,63,1129.0,6.1,10,-0.09523809523809523,0,4,3,4,434,Loyal,0.2
U0729,2026-06-01,Hyderabad,Basic,497,pmarsh@example.org,2026-09-30,0,82,60,1329.4000000000003,6.266666666666667,16,-0.36666666666666664,0,4,4,2,442,Loyal,0.2
U0730,2024-12-20,Mumbai,Basic,493,jarvismegan@example.org,2026-09-30,0,75,73,1252.8999999999999,6.366666666666666,11,-0.0273972602739726,0,4,4,2,442,Loyal,0.2
U0731,2025-07-29,Mumbai,Basic,478,rpham@example.com,2026-09-30,0,68,66,1164.8999999999999,5.733333333333333,16,-0.030303030303030304,0,4,3,1,431,Loyal,0.2
U0732,2025-02-08,Bangalore,Pro,1528,nmaxwell@example.org,2026-09-30,0,113,116,1915.1,7.8,14,0.02586206896551724,0,4,5,5,455,VIP,0.21
U0733,2026-06-20,UK-London,Basic,521,timothyfreeman@example.com,2026-08-17,44,0,29,0.0,0.0,9,1.0,1,1,1,3,113,At-Risk,0.85
U0734,2025-08-16,Bangalore,Basic,514,greenleon@example.net,2026-08-01,60,0,0,0.0,0.0,13,0.0,1,1,1,2,112,At-Risk,0.4
U0735,2026-06-24,Bangalore,Basic,530,tiffanysantiago@example.com,2026-09-30,0,67,61,1243.1999999999998,7.033333333333333,5,-0.09836065573770492,0,4,3,3,433,Loyal,0.2
U0736,2025-10-12,Mumbai,Enterprise,4958,reynoldsjessica@example.com,2026-09-30,0,156,147,2384.7,6.833333333333333,14,-0.061224489795918366,0,4,5,5,455,VIP,0.2
U0737,2025-06-08,Delhi,Pro,1502,jhernandez@example.net,2026-09-30,0,133,110,2183.1000000000004,8.466666666666667,10,-0.20909090909090908,0,4,5,4,454,VIP,0.2
U0738,2024-11-07,UK-London,Basic,513,williamharrison@example.com,2026-09-28,2,21,95,346.90000000000003,3.5,11,0.7789473684210526,0,1,2,2,122,At-Risk,0.6
U0739,2026-06-25,UK-London,Pro,1500,waltonmalik@example.com,2026-08-22,39,0,81,0.0,0.0,9,1.0,1,1,1,4,114,At-Risk,0.83
U0740,2026-09-07,Delhi,Basic,454,hunterandrea@example.com,2026-09-30,0,55,56,845.6,5.533333333333333,13,0.017857142857142856,0,4,2,1,421,At-Risk,0.21
U0741,2025-07-20,US-East,Basic,546,christianwallace@example.net,2026-09-29,1,69,77,1308.6000000000001,6.633333333333334,9,0.1038961038961039,0,2,3,3,233,At-Risk,0.26
U0742,2025-08-22,Mumbai,Basic,516,hwest@example.com,2026-08-13,48,0,32,0.0,0.0,9,1.0,1,1,1,3,113,At-Risk,0.86
U0743,2026-03-27,Hyderabad,Basic,493,garciarobert@example.net,2026-09-29,1,56,86,906.3000000000001,5.666666666666667,7,0.3488372093023256,0,2,2,2,222,At-Risk,0.38
U0744,2025-11-03,Hyderabad,Basic,461,connersylvia@example.net,2026-08-20,41,0,44,0.0,0.0,17,1.0,1,1,1,1,111,At-Risk,0.84
U0745,2025-05-09,Hyderabad,Enterprise,4966,diamondbryant@example.com,2026-09-30,0,39,155,683.9,4.5,13,0.7483870967741936,0,4,2,5,425,At-Risk,0.57
U0746,2025-06-21,UK-London,Basic,480,velasquezmegan@example.com,2026-09-30,0,90,48,1489.3999999999999,6.666666666666667,19,-0.875,0,4,4,1,441,Loyal,0.2
U0747,2025-11-11,UK-London,Basic,450,xmoran@example.net,2026-08-15,46,0,36,0.0,0.0,20,1.0,1,1,1,1,111,At-Risk,0.85
U0748,2025-08-25,Bangalore,Pro,1479,malonejeffrey@example.com,2026-09-30,0,104,112,1780.6999999999998,7.0,6,0.07142857142857142,0,4,5,4,454,VIP,0.24
U0749,2025-06-15,Bangalore,Basic,482,amy51@example.org,2026-09-29,1,71,70,1192.7,4.8,9,-0.014285714285714285,0,2,3,1,231,At-Risk,0.2
U0750,2026-07-15,Mumbai,Basic,459,ttaylor@example.net,2026-09-30,0,17,68,301.0,2.033333333333333,16,0.75,0,4,1,1,411,At-Risk,0.57
U0751,2026-03-09,Delhi,Pro,1535,kingjames@example.org,2026-09-30,0,109,100,1795.7000000000003,6.333333333333333,14,-0.09,0,4,5,5,455,VIP,0.2
U0752,2026-08-09,Bangalore,Basic,469,ylewis@example.org,2026-09-29,1,72,71,1104.0,5.5,7,-0.014084507042253521,0,2,4,1,241,At-Risk,0.2
U0753,2026-03-06,UK-London,Basic,455,shermanbrandon@example.net,2026-09-30,0,69,74,1139.1,5.9,8,0.06756756756756757,0,4,3,1,431,Loyal,0.23
U0754,2026-06-02,Hyderabad,Pro,1545,bartonshannon@example.net,2026-09-28,2,35,105,530.8,3.7,12,0.6666666666666666,0,1,2,5,125,At-Risk,0.54
U0755,2025-12-03,Delhi,Basic,549,tamarasmith@example.net,2026-09-30,0,94,72,1433.3000000000002,8.766666666666667,8,-0.3055555555555556,0,4,4,4,444,VIP,0.2
U0756,2024-11-03,Hyderabad,Pro,1541,eroberson@example.net,2026-09-30,0,28,127,479.0,6.133333333333334,10,0.7795275590551181,0,4,2,5,425,At-Risk,0.59
U0757,2026-04-22,Hyderabad,Pro,1486,heatherthompson@example.org,2026-09-30,0,104,113,1576.6000000000001,6.833333333333333,10,0.07964601769911504,0,4,5,4,454,VIP,0.24
U0758,2024-12-13,US-East,Basic,511,william66@example.net,2026-09-27,3,23,78,382.2,5.066666666666666,21,0.7051282051282052,0,1,2,2,122,At-Risk,0.56
U0759,2026-07-29,US-East,Basic,547,joshuastuart@example.com,2026-08-03,58,0,6,0.0,0.0,13,1.0,1,1,1,3,113,At-Risk,0.89
U0760,2025-08-25,Hyderabad,Basic,534,devonmorrison@example.net,2026-09-30,0,21,77,389.79999999999995,4.8,13,0.7272727272727273,0,4,2,3,423,At-Risk,0.56
U0761,2025-10-07,US-East,Pro,1534,jennifer83@example.org,2026-09-30,0,32,107,550.5,5.466666666666667,10,0.7009345794392523,0,4,2,5,425,At-Risk,0.55
U0762,2025-03-01,Mumbai,Enterprise,5010,glenda22@example.net,2026-09-30,0,172,141,2757.9,9.233333333333333,6,-0.2198581560283688,0,4,5,5,455,VIP,0.2
U0763,2025-10-30,UK-London,Basic,527,jennifer58@example.com,2026-09-30,0,25,75,371.6000000000001,3.566666666666667,9,0.6666666666666666,0,4,2,3,423,At-Risk,0.53
U0764,2025-11-28,Mumbai,Basic,487,icraig@example.com,2026-09-30,0,70,88,1021.2,6.766666666666667,7,0.20454545454545456,0,4,3,2,432,Loyal,0.3
U0765,2026-07-01,US-East,Pro,1533,hstokes@example.org,2026-09-30,0,121,104,1858.7,7.1,6,-0.16346153846153846,0,4,5,5,455,VIP,0.2
U0766,2024-10-17,US-East,Pro,1533,brianbrown@example.com,2026-09-30,0,124,106,2047.6000000000001,7.666666666666667,10,-0.16981132075471697,0,4,5,5,455,VIP,0.2
U0767,2026-03-30,US-East,Basic,493,tonyavega@example.org,2026-09-30,0,67,75,1141.4,5.566666666666666,5,0.10666666666666667,0,4,3,2,432,Loyal,0.25
U0768,2026-06-03,Delhi,Basic,547,james80@example.com,2026-09-30,0,63,78,945.3999999999999,7.233333333333333,8,0.19230769230769232,0,4,3,3,433,Loyal,0.3
U0769,2026-05-16,Bangalore,Basic,511,jensenemma@example.net,2026-09-30,0,51,80,888.3,5.6,17,0.3625,0,4,2,2,422,At-Risk,0.38
U0770,2026-06-22,US-East,Basic,474,yyoung@example.net,2026-08-24,37,0,49,0.0,0.0,9,1.0,1,1,1,1,111,At-Risk,0.82
U0771,2025-04-26,Mumbai,Basic,500,housepaul@example.net,2026-08-15,46,0,41,0.0,0.0,16,1.0,1,1,1,2,112,At-Risk,0.85
U0772,2025-05-15,Mumbai,Basic,547,smithjohn@example.net,2026-09-30,0,83,73,1284.8000000000002,5.566666666666666,12,-0.136986301369863,0,4,4,3,443,Loyal,0.2
U0773,2026-06-25,Hyderabad,Basic,477,ogreer@example.net,2026-08-09,52,0,26,0.0,0.0,14,1.0,1,1,1,1,111,At-Risk,0.87
U0774,2026-02-28,US-East,Basic,490,kari89@example.org,2026-09-30,0,28,59,465.90000000000003,4.1,18,0.5254237288135594,0,4,2,2,422,At-Risk,0.46
U0775,2026-04-18,Delhi,Pro,1512,kellythompson@example.net,2026-09-30,0,85,110,1306.5,5.533333333333333,7,0.22727272727272727,0,4,4,5,445,VIP,0.31
U0776,2024-11-22,Delhi,Pro,1489,jillwilson@example.org,2026-08-12,49,0,40,0.0,0.0,8,1.0,1,1,1,4,114,At-Risk,0.86
U0777,2025-08-07,Hyderabad,Pro,1496,david94@example.org,2026-09-30,0,109,119,1855.7,6.233333333333333,11,0.08403361344537816,0,4,5,4,454,VIP,0.24
U0778,2025-05-28,Mumbai,Basic,506,billmcfarland@example.net,2026-09-30,0,74,67,1271.1,7.8,9,-0.1044776119402985,0,4,4,2,442,Loyal,0.2
U0779,2024-11-05,US-East,Basic,476,tracy98@example.com,2026-09-30,0,73,54,1264.8,6.866666666666666,13,-0.35185185185185186,0,4,4,1,441,Loyal,0.2
U0780,2024-11-21,Mumbai,Pro,1456,alicia28@example.org,2026-09-30,0,113,102,2008.4999999999998,6.4,11,-0.10784313725490197,0,4,5,4,454,VIP,0.2
U0781,2026-04-25,Delhi,Pro,1527,robertherrera@example.org,2026-09-30,0,99,100,1444.1,5.5,13,0.01,0,4,4,5,445,VIP,0.2
U0782,2025-06-11,US-East,Pro,1531,elizabethrivera@example.com,2026-08-23,38,0,76,0.0,0.0,10,1.0,1,1,1,5,115,At-Risk,0.83
U0783,2025-03-07,Hyderabad,Basic,513,wbarajas@example.net,2026-09-28,2,20,64,383.6000000000001,1.6333333333333333,9,0.6875,0,1,1,2,112,At-Risk,0.55
U0784,2024-10-05,US-East,Basic,520,sean99@example.org,2026-09-29,1,51,67,916.1999999999999,6.233333333333333,15,0.23880597014925373,0,2,2,3,223,At-Risk,0.32
U0785,2026-08-29,Bangalore,Basic,449,patrick16@example.com,2026-08-04,57,0,12,0.0,0.0,10,1.0,1,1,1,1,111,At-Risk,0.89
U0786,2025-10-28,Bangalore,Basic,472,angel85@example.net,2026-09-29,1,27,64,575.4,3.9,10,0.578125,0,2,2,1,221,At-Risk,0.49
U0787,2026-05-08,Hyderabad,Basic,469,stucker@example.net,2026-09-29,1,25,60,414.4999999999999,3.7,15,0.5833333333333334,0,2,2,1,221,At-Risk,0.5
U0788,2025-02-16,UK-London,Basic,548,vaughangary@example.net,2026-09-30,0,77,78,1395.6999999999998,6.666666666666667,10,0.01282051282051282,0,4,4,3,443,Loyal,0.21
U0789,2025-10-23,Bangalore,Basic,455,clarkcrystal@example.org,2026-09-29,1,67,87,1045.0,7.333333333333333,19,0.22988505747126436,0,2,3,1,231,At-Risk,0.32
U0790,2026-06-22,Bangalore,Pro,1506,nhouston@example.net,2026-09-30,0,106,123,1681.0,5.333333333333333,14,0.13821138211382114,0,4,5,4,454,VIP,0.27
U0791,2026-05-26,UK-London,Basic,544,elucas@example.net,2026-09-29,1,76,64,1254.2,5.566666666666666,23,-0.1875,0,2,4,3,243,At-Risk,0.2
U0792,2026-02-11,Mumbai,Basic,486,stevensmartin@example.org,2026-09-30,0,72,80,1249.3,6.966666666666667,10,0.1,0,4,4,2,442,Loyal,0.25
U0793,2024-11-21,Hyderabad,Basic,529,lauragrant@example.net,2026-09-30,0,43,67,769.4,4.1,14,0.3582089552238806,0,4,2,3,423,At-Risk,0.38
U0794,2026-05-21,Delhi,Basic,521,rickey76@example.com,2026-09-30,0,54,61,852.1,4.366666666666666,12,0.11475409836065574,0,4,2,3,423,At-Risk,0.26
U0795,2025-05-17,Mumbai,Basic,515,inunez@example.org,2026-09-28,2,16,74,248.89999999999998,3.6666666666666665,7,0.7837837837837838,0,1,1,2,112,At-Risk,0.6
U0796,2026-01-10,UK-London,Basic,516,avilabrenda@example.net,2026-09-29,1,19,75,334.40000000000003,3.7,10,0.7466666666666667,0,2,1,3,213,At-Risk,0.58
U0797,2026-06-10,Delhi,Pro,1537,sarah14@example.net,2026-08-13,48,0,40,0.0,0.0,9,1.0,1,1,1,5,115,At-Risk,0.86
U0798,2025-05-06,UK-London,Basic,458,campbellsara@example.com,2026-09-30,0,68,70,1063.2,6.8,14,0.02857142857142857,0,4,3,1,431,Loyal,0.21
U0799,2025-07-14,Hyderabad,Pro,1539,wellsamanda@example.org,2026-08-17,44,0,63,0.0,0.0,8,1.0,1,1,1,5,115,At-Risk,0.85
U0800,2026-03-28,UK-London,Enterprise,4961,susan24@example.net,2026-09-30,0,152,150,2294.0,8.266666666666667,15,-0.013333333333333334,0,4,5,5,455,VIP,0.2
U0801,2026-07-08,Hyderabad,Basic,546,susan08@example.net,2026-09-30,0,13,84,215.4,2.533333333333333,14,0.8452380952380952,0,4,1,3,413,At-Risk,0.62
U0802,2025-01-10,Delhi,Basic,488,smithcandice@example.net,2026-09-28,2,52,62,951.8000000000001,5.533333333333333,11,0.16129032258064516,0,1,2,2,122,At-Risk,0.29
U0803,2025-11-02,Delhi,Basic,473,torreskaitlin@example.net,2026-09-30,0,78,60,1254.4,5.666666666666667,8,-0.3,0,4,4,1,441,Loyal,0.2
U0804,2025-06-07,UK-London,Basic,537,gwhitehead@example.org,2026-09-29,1,64,70,1059.3,4.9,19,0.08571428571428572,0,2,3,3,233,At-Risk,0.25
U0805,2025-01-24,Hyderabad,Basic,478,christinaking@example.org,2026-09-28,2,21,63,283.3,2.466666666666667,24,0.6666666666666666,0,1,2,1,121,At-Risk,0.54
U0806,2025-02-08,Hyderabad,Enterprise,4980,yorksarah@example.net,2026-09-30,0,47,160,852.6,7.166666666666667,10,0.70625,0,4,2,5,425,At-Risk,0.55
U0807,2025-08-31,Delhi,Basic,469,robertscarlos@example.org,2026-09-30,0,57,65,910.8000000000001,6.7,5,0.12307692307692308,0,4,2,1,421,At-Risk,0.26
U0808,2025-02-20,UK-London,Basic,487,wlynn@example.org,2026-08-24,37,0,54,0.0,0.0,22,1.0,1,1,1,2,112,At-Risk,0.82
U0809,2026-02-01,Delhi,Pro,1495,craigharvey@example.org,2026-08-12,49,0,34,0.0,0.0,10,1.0,1,1,1,4,114,At-Risk,0.86
U0810,2025-05-18,US-East,Basic,469,qmurphy@example.com,2026-09-30,0,73,85,1263.6000000000001,6.933333333333334,19,0.1411764705882353,0,4,4,1,441,Loyal,0.27
U0811,2026-02-17,UK-London,Enterprise,4955,arianadiaz@example.com,2026-09-30,0,152,144,2613.4999999999995,8.233333333333333,7,-0.05555555555555555,0,4,5,5,455,VIP,0.2
U0812,2026-08-29,Bangalore,Basic,534,adamsanchez@example.org,2026-08-17,44,0,36,0.0,0.0,8,1.0,1,1,1,3,113,At-Risk,0.85
U0813,2026-03-02,Delhi,Pro,1470,xhill@example.org,2026-09-30,0,115,109,1963.3000000000002,8.066666666666666,17,-0.05504587155963303,0,4,5,4,454,VIP,0.2
U0814,2026-02-07,US-East,Basic,530,natalie77@example.com,2026-09-29,1,62,63,1107.5000000000002,5.7,6,0.015873015873015872,0,2,3,3,233,At-Risk,0.21
U0815,2026-04-17,US-East,Basic,527,larnold@example.net,2026-09-27,3,56,83,892.8,5.666666666666667,7,0.3253012048192771,0,1,2,3,123,At-Risk,0.37
U0816,2025-12-15,Mumbai,Basic,543,michele28@example.org,2026-09-30,0,61,73,1025.6,5.9,6,0.1643835616438356,0,4,3,3,433,Loyal,0.28
U0817,2025-04-09,Hyderabad,Basic,525,lunapatricia@example.net,2026-09-30,0,27,76,429.4000000000001,3.033333333333333,10,0.6447368421052632,0,4,2,3,423,At-Risk,0.52
U0818,2026-01-03,US-East,Basic,509,nhammond@example.org,2026-09-30,0,22,79,391.4,3.9,19,0.7215189873417721,0,4,2,2,422,At-Risk,0.56
U0819,2025-11-05,Bangalore,Pro,1511,jvaldez@example.com,2026-09-30,0,103,110,1677.8999999999999,7.166666666666667,8,0.06363636363636363,0,4,5,4,454,VIP,0.23
U0820,2025-07-12,US-East,Basic,478,dennis88@example.org,2026-09-30,0,68,76,982.4,8.133333333333333,16,0.10526315789473684,0,4,3,1,431,Loyal,0.25
U0821,2025-07-15,Delhi,Pro,1549,batesmelanie@example.net,2026-09-29,1,99,103,1666.6000000000004,7.2,11,0.038834951456310676,0,2,4,5,245,At-Risk,0.22
U0822,2026-02-10,Mumbai,Basic,506,seanwhite@example.net,2026-09-29,1,25,55,456.5999999999999,3.966666666666667,12,0.5454545454545454,0,2,2,2,222,At-Risk,0.48
U0823,2026-01-23,Delhi,Basic,453,jillwebb@example.com,2026-09-30,0,73,73,1369.1,7.233333333333333,10,0.0,0,4,4,1,441,Loyal,0.2
U0824,2024-10-28,Hyderabad,Pro,1547,qhall@example.com,2026-09-30,0,124,115,2342.1,8.666666666666666,9,-0.0782608695652174,0,4,5,5,455,VIP,0.2
U0825,2025-03-18,Mumbai,Basic,546,aprilmoody@example.com,2026-09-30,0,77,63,1178.7999999999997,7.633333333333334,14,-0.2222222222222222,0,4,4,3,443,Loyal,0.2
U0826,2025-09-06,Mumbai,Basic,469,ckeith@example.net,2026-09-30,0,88,71,1625.8000000000002,6.766666666666667,10,-0.23943661971830985,0,4,4,1,441,Loyal,0.2
U0827,2025-05-23,Bangalore,Pro,1475,mary49@example.net,2026-09-30,0,128,109,2147.6,6.066666666666666,15,-0.1743119266055046,0,4,5,4,454,VIP,0.2
U0828,2025-11-19,US-East,Pro,1457,xvaldez@example.net,2026-09-30,0,115,124,2078.9,7.833333333333333,7,0.07258064516129033,0,4,5,4,454,VIP,0.24
U0829,2026-01-18,UK-London,Basic,538,blacknicholas@example.org,2026-08-14,47,0,31,0.0,0.0,11,1.0,1,1,1,3,113,At-Risk,0.86
U0830,2025-10-10,Hyderabad,Pro,1529,lisa57@example.com,2026-09-30,0,102,119,1631.9,6.033333333333333,9,0.14285714285714285,0,4,5,5,455,VIP,0.27
U0831,2026-07-08,Delhi,Basic,482,shawdon@example.org,2026-09-30,0,69,80,1059.7000000000003,4.333333333333333,12,0.1375,0,4,3,1,431,Loyal,0.27
U0832,2025-03-15,Hyderabad,Pro,1523,jason22@example.com,2026-09-30,0,90,115,1494.6000000000001,5.866666666666666,15,0.21739130434782608,0,4,4,5,445,VIP,0.31
U0833,2025-12-12,UK-London,Pro,1504,guerrerorobert@example.com,2026-09-30,0,99,117,1723.8,6.933333333333334,4,0.15384615384615385,0,4,4,4,444,VIP,0.24
U0834,2026-03-08,Mumbai,Basic,452,eleonard@example.org,2026-09-30,0,65,61,1157.1999999999998,7.766666666666667,10,-0.06557377049180328,0,4,3,1,431,Loyal,0.2
U0835,2025-12-04,Hyderabad,Basic,468,cjohnson@example.org,2026-09-29,1,57,108,970.3000000000001,5.6,17,0.4722222222222222,0,2,2,1,221,At-Risk,0.44
U0836,2025-11-21,UK-London,Pro,1547,dennishunt@example.net,2026-09-30,0,85,105,1455.7,5.6,12,0.19047619047619047,0,4,4,5,445,VIP,0.3
U0837,2025-01-14,UK-London,Basic,533,jonathanwhite@example.com,2026-08-03,58,0,4,0.0,0.0,11,1.0,1,1,1,3,113,At-Risk,0.89
U0838,2025-12-10,US-East,Basic,522,johnsjessica@example.com,2026-09-29,1,66,85,1137.7,7.366666666666666,6,0.2235294117647059,0,2,3,3,233,At-Risk,0.32
U0839,2026-08-21,Hyderabad,Pro,1508,shanehaney@example.com,2026-09-30,0,89,106,1484.9999999999998,7.066666666666666,6,0.16037735849056603,0,4,4,4,444,VIP,0.28
U0840,2025-01-31,Hyderabad,Pro,1465,yburke@example.net,2026-09-30,0,103,118,1630.5,7.933333333333334,11,0.1271186440677966,0,4,5,4,454,VIP,0.26
U0841,2026-05-20,Hyderabad,Basic,541,cindydixon@example.org,2026-09-30,0,66,83,1058.1,7.0,15,0.20481927710843373,0,4,3,3,433,Loyal,0.3
U0842,2026-03-11,US-East,Pro,1528,sandra99@example.org,2026-08-02,59,0,9,0.0,0.0,9,1.0,1,1,1,5,115,At-Risk,0.9
U0843,2025-03-15,Hyderabad,Basic,452,banderson@example.org,2026-09-30,0,28,72,443.5,4.066666666666666,10,0.6111111111111112,0,4,2,1,421,At-Risk,0.51
U0844,2025-10-15,Mumbai,Basic,478,mserrano@example.org,2026-09-30,0,14,78,232.5,3.7666666666666666,13,0.8205128205128205,0,4,1,1,411,At-Risk,0.61
U0845,2025-02-05,Hyderabad,Pro,1508,richamanda@example.org,2026-09-30,0,117,120,1802.0000000000002,5.5,8,0.025,0,4,5,4,454,VIP,0.21
U0846,2024-12-06,UK-London,Basic,531,rachelryan@example.org,2026-09-29,1,67,66,1153.0,6.6,12,-0.015151515151515152,0,2,3,3,233,At-Risk,0.2
U0847,2026-07-15,US-East,Basic,524,xboyd@example.org,2026-09-29,1,79,77,1277.1000000000001,5.2,13,-0.025974025974025976,0,2,4,3,243,At-Risk,0.2
U0848,2026-02-20,UK-London,Pro,1479,zperez@example.com,2026-09-30,0,114,99,1905.9,6.1,9,-0.15151515151515152,0,4,5,4,454,VIP,0.2
U0849,2026-04-28,Bangalore,Pro,1496,zbell@example.net,2026-08-25,36,0,108,0.0,0.0,19,1.0,1,1,1,4,114,At-Risk,0.82
U0850,2026-07-23,UK-London,Basic,503,colemanjonathan@example.org,2026-09-30,0,64,75,1078.4,7.433333333333334,11,0.14666666666666667,0,4,3,2,432,Loyal,0.27
U0851,2026-07-25,Delhi,Pro,1466,campbellnancy@example.com,2026-09-30,0,117,128,1929.3000000000002,6.733333333333333,8,0.0859375,0,4,5,4,454,VIP,0.24
U0852,2025-04-05,Delhi,Basic,540,fletcherkristine@example.net,2026-09-30,0,69,91,1105.2,4.966666666666667,6,0.24175824175824176,0,4,3,3,433,Loyal,0.32
U0853,2025-10-15,Bangalore,Pro,1505,brooksjamie@example.com,2026-09-30,0,114,116,1949.6,7.233333333333333,8,0.017241379310344827,0,4,5,4,454,VIP,0.21
U0854,2025-07-24,US-East,Enterprise,4981,mooredenise@example.com,2026-09-30,0,180,168,3110.4,7.233333333333333,11,-0.07142857142857142,0,4,5,5,455,VIP,0.2
U0855,2025-04-07,Hyderabad,Basic,468,ncunningham@example.com,2026-09-30,0,89,78,1461.8999999999999,6.533333333333333,15,-0.14102564102564102,0,4,4,1,441,Loyal,0.2
U0856,2026-09-23,Bangalore,Pro,1463,afischer@example.net,2026-09-30,0,110,124,1836.5000000000002,7.966666666666667,14,0.11290322580645161,0,4,5,4,454,VIP,0.26
U0857,2026-04-24,UK-London,Basic,523,jwhite@example.net,2026-09-27,3,27,60,393.09999999999997,3.3333333333333335,8,0.55,0,1,2,3,123,At-Risk,0.49
U0858,2025-09-17,Mumbai,Pro,1464,becky62@example.net,2026-09-29,1,89,127,1591.6,6.1,24,0.2992125984251969,0,2,4,4,244,At-Risk,0.35
U0859,2024-12-24,Hyderabad,Basic,509,seanlyons@example.org,2026-09-30,0,71,60,1142.0,6.8,11,-0.18333333333333332,0,4,3,2,432,Loyal,0.2
U0860,2024-12-11,Bangalore,Enterprise,5025,zhartman@example.net,2026-09-30,0,37,141,639.0,5.766666666666667,22,0.7375886524822695,0,4,2,5,425,At-Risk,0.57
U0861,2025-12-21,UK-London,Pro,1518,martintamara@example.org,2026-08-26,35,0,111,0.0,0.0,11,1.0,1,1,1,5,115,At-Risk,0.82
U0862,2026-05-09,US-East,Basic,499,thomasburke@example.org,2026-09-29,1,68,73,1136.9,7.033333333333333,9,0.0684931506849315,0,2,3,2,232,At-Risk,0.24
U0863,2024-11-14,Mumbai,Enterprise,4983,nathanlynch@example.net,2026-09-30,0,41,138,668.4999999999999,4.7,13,0.7028985507246377,0,4,2,5,425,At-Risk,0.55
U0864,2025-07-06,Bangalore,Basic,517,hmendez@example.com,2026-09-30,0,69,64,1145.6000000000001,6.0,24,-0.078125,0,4,3,3,433,Loyal,0.2
U0865,2026-03-02,US-East,Pro,1532,bautistalori@example.net,2026-09-30,0,103,114,1699.2,7.133333333333334,11,0.09649122807017543,0,4,5,5,455,VIP,0.25
U0866,2025-09-24,Mumbai,Pro,1512,harrisdiane@example.net,2026-09-30,0,40,92,678.7999999999998,4.7,21,0.5652173913043478,0,4,2,5,425,At-Risk,0.48
U0867,2025-04-25,UK-London,Basic,538,bowerswilliam@example.net,2026-09-30,0,79,60,1311.8,5.033333333333333,15,-0.31666666666666665,0,4,4,3,443,Loyal,0.2
U0868,2025-03-17,Mumbai,Basic,483,emilyward@example.net,2026-09-30,0,71,79,1115.8999999999999,6.066666666666666,9,0.10126582278481013,0,4,3,2,432,Loyal,0.25
U0869,2024-09-29,Delhi,Basic,548,christopherhill@example.com,2026-09-30,0,66,89,1058.0,5.466666666666667,15,0.25842696629213485,0,4,3,3,433,Loyal,0.33
U0870,2025-06-13,UK-London,Pro,1494,msullivan@example.net,2026-09-30,0,109,114,1723.7,9.0,15,0.043859649122807015,0,4,5,4,454,VIP,0.22
U0871,2024-10-10,Hyderabad,Pro,1505,calhounandrea@example.net,2026-09-28,2,31,119,509.30000000000007,4.9,9,0.7394957983193278,0,1,2,4,124,At-Risk,0.58
U0872,2026-05-27,Delhi,Pro,1484,michael43@example.net,2026-09-30,0,99,112,1555.3,6.4,5,0.11607142857142858,0,4,4,4,444,VIP,0.26
U0873,2026-09-02,Hyderabad,Basic,478,kspears@example.org,2026-09-30,0,85,70,1332.3,7.333333333333333,10,-0.21428571428571427,0,4,4,1,441,Loyal,0.2
U0874,2025-04-07,Bangalore,Basic,503,jhunter@example.org,2026-09-30,0,75,77,1370.7,4.733333333333333,7,0.025974025974025976,0,4,4,2,442,Loyal,0.21
U0875,2025-10-01,Mumbai,Enterprise,5028,stacey84@example.net,2026-09-29,1,141,143,2691.1,6.033333333333333,9,0.013986013986013986,0,2,5,5,255,At-Risk,0.21
U0876,2026-05-15,Mumbai,Basic,537,heather69@example.com,2026-09-28,2,16,77,249.29999999999998,1.4666666666666666,15,0.7922077922077922,0,1,1,3,113,At-Risk,0.6
U0877,2026-04-14,Hyderabad,Pro,1521,susan77@example.net,2026-08-23,38,0,85,0.0,0.0,16,1.0,1,1,1,5,115,At-Risk,0.83
U0878,2026-06-20,Bangalore,Basic,532,ewilson@example.com,2026-09-30,0,51,68,847.0,4.9,13,0.25,0,4,2,3,423,At-Risk,0.32
U0879,2026-01-04,Bangalore,Pro,1505,ericahall@example.com,2026-09-30,0,29,100,462.99999999999994,4.533333333333333,14,0.71,0,4,2,4,424,At-Risk,0.55
U0880,2025-07-27,Mumbai,Basic,481,zachary04@example.org,2026-09-30,0,71,78,1204.2,7.166666666666667,7,0.08974358974358974,0,4,3,1,431,Loyal,0.24
U0881,2025-04-26,UK-London,Pro,1463,vnunez@example.org,2026-09-30,0,116,99,1867.7000000000005,6.8,5,-0.1717171717171717,0,4,5,4,454,VIP,0.2
U0882,2025-11-07,Bangalore,Basic,468,thomasgomez@example.net,2026-09-30,0,24,68,414.5,4.633333333333334,16,0.6470588235294118,0,4,2,1,421,At-Risk,0.52
U0883,2025-04-13,US-East,Basic,490,victorgonzalez@example.net,2026-09-30,0,82,82,1375.3,6.166666666666667,12,0.0,0,4,4,2,442,Loyal,0.2
U0884,2025-03-24,UK-London,Pro,1505,jamie33@example.net,2026-08-02,59,0,7,0.0,0.0,13,1.0,1,1,1,4,114,At-Risk,0.9
U0885,2025-06-15,US-East,Basic,530,wilsonchristian@example.net,2026-09-30,0,80,68,1394.7000000000003,9.766666666666667,11,-0.17647058823529413,0,4,4,3,443,Loyal,0.2
U0886,2025-09-23,Mumbai,Basic,485,duranamber@example.org,2026-09-30,0,74,76,1323.5999999999997,4.366666666666666,7,0.02631578947368421,0,4,4,2,442,Loyal,0.21
U0887,2026-06-10,Bangalore,Basic,537,christine79@example.com,2026-08-03,58,0,4,0.0,0.0,10,1.0,1,1,1,3,113,At-Risk,0.89
U0888,2025-09-22,Hyderabad,Enterprise,5009,raymond92@example.org,2026-08-10,51,0,48,0.0,0.0,10,1.0,1,1,1,5,115,At-Risk,0.87
U0889,2025-10-17,Mumbai,Basic,516,imendoza@example.org,2026-09-30,0,73,82,1051.0,8.466666666666667,6,0.10975609756097561,0,4,4,3,443,Loyal,0.25
U0890,2025-09-30,Delhi,Basic,519,xdalton@example.org,2026-09-30,0,65,49,1009.5999999999999,6.133333333333334,14,-0.32653061224489793,0,4,3,3,433,Loyal,0.2
U0891,2025-08-28,Delhi,Pro,1529,wolfesteve@example.net,2026-09-30,0,119,116,2017.7000000000003,7.0,11,-0.02586206896551724,0,4,5,5,455,VIP,0.2
U0892,2024-10-05,US-East,Enterprise,5046,nicolasgarcia@example.com,2026-09-30,0,175,151,3033.9,6.366666666666666,8,-0.15894039735099338,0,4,5,5,455,VIP,0.2
U0893,2025-12-20,Bangalore,Basic,489,jacob43@example.com,2026-09-30,0,60,67,1071.9999999999998,5.9,9,0.1044776119402985,0,4,3,2,432,Loyal,0.25
U0894,2025-09-08,Delhi,Pro,1465,michael76@example.org,2026-09-30,0,99,102,1767.8000000000002,5.133333333333334,17,0.029411764705882353,0,4,4,4,444,VIP,0.21
U0895,2025-07-31,UK-London,Pro,1518,michael64@example.com,2026-09-30,0,128,113,2141.6,6.1,11,-0.13274336283185842,0,4,5,5,455,VIP,0.2
U0896,2025-02-07,Mumbai,Pro,1533,tiffanyparks@example.org,2026-09-30,0,102,121,1741.6,7.033333333333333,17,0.15702479338842976,0,4,5,5,455,VIP,0.28
U0897,2026-03-09,UK-London,Basic,505,angelachase@example.org,2026-09-30,0,73,72,1214.6,7.166666666666667,9,-0.013888888888888888,0,4,4,2,442,Loyal,0.2
U0898,2025-01-13,Mumbai,Pro,1464,thomassmith@example.com,2026-09-30,0,111,115,1808.9,7.033333333333333,15,0.034782608695652174,0,4,5,4,454,VIP,0.22
U0899,2025-09-28,US-East,Basic,487,kristen44@example.net,2026-09-30,0,55,77,958.0000000000001,4.5,15,0.2857142857142857,0,4,2,2,422,At-Risk,0.34
U0900,2026-06-17,UK-London,Basic,508,rosshannah@example.org,2026-09-30,0,65,84,1061.8,8.1,16,0.2261904761904762,0,4,3,2,432,Loyal,0.31
U0901,2025-03-05,Bangalore,Basic,512,thomas17@example.net,2026-09-29,1,22,62,377.3,3.8666666666666667,13,0.6451612903225806,0,2,2,2,222,At-Risk,0.53
U0902,2025-05-31,Delhi,Pro,1512,michael84@example.com,2026-09-30,0,126,119,2147.7,7.2,9,-0.058823529411764705,0,4,5,5,455,VIP,0.2
U0903,2024-10-13,US-East,Basic,468,bellerin@example.net,2026-09-29,1,69,70,1189.6,7.566666666666666,15,0.014285714285714285,0,2,3,1,231,At-Risk,0.21
U0904,2025-02-21,Hyderabad,Basic,534,tiffanymitchell@example.com,2026-09-30,0,68,53,1215.1999999999998,6.566666666666666,6,-0.2830188679245283,0,4,3,3,433,Loyal,0.2
U0905,2026-02-02,US-East,Basic,527,champton@example.org,2026-09-30,0,65,65,1124.7999999999997,6.233333333333333,7,0.0,0,4,3,3,433,Loyal,0.2
U0906,2025-07-04,Hyderabad,Pro,1462,steven22@example.net,2026-09-30,0,103,108,1778.2,5.433333333333334,10,0.046296296296296294,0,4,5,4,454,VIP,0.22
U0907,2026-05-11,Delhi,Basic,488,robert99@example.com,2026-08-10,51,0,25,0.0,0.0,24,1.0,1,1,1,2,112,At-Risk,0.87
U0908,2026-06-10,Mumbai,Enterprise,5011,millermatthew@example.com,2026-09-30,0,129,143,1999.7000000000003,6.833333333333333,13,0.0979020979020979,0,4,5,5,455,VIP,0.25
U0909,2025-05-18,UK-London,Basic,451,jennifer96@example.com,2026-08-01,60,0,0,0.0,0.0,6,0.0,1,1,1,1,111,At-Risk,0.4
U0910,2026-07-09,Delhi,Enterprise,4990,julie87@example.com,2026-08-09,52,0,44,0.0,0.0,8,1.0,1,1,1,5,115,At-Risk,0.87
U0911,2025-01-29,UK-London,Basic,487,martinezjimmy@example.com,2026-09-30,0,25,70,388.0,5.0,11,0.6428571428571429,0,4,2,2,422,At-Risk,0.52
U0912,2026-08-16,Delhi,Pro,1498,clarkrandy@example.org,2026-09-30,0,113,97,1941.5,6.4,12,-0.16494845360824742,0,4,5,4,454,VIP,0.2
U0913,2024-11-14,US-East,Basic,499,bkelley@example.com,2026-09-29,1,78,66,1376.2000000000003,5.166666666666667,15,-0.18181818181818182,0,2,4,2,242,At-Risk,0.2
U0914,2025-10-16,Hyderabad,Basic,522,garciachristine@example.org,2026-09-30,0,58,65,1068.4999999999998,6.1,12,0.1076923076923077,0,4,2,3,423,At-Risk,0.25
U0915,2026-01-20,Hyderabad,Basic,540,pparker@example.net,2026-09-30,0,62,73,1024.9,5.266666666666667,14,0.1506849315068493,0,4,3,3,433,Loyal,0.28
U0916,2025-04-24,US-East,Pro,1533,davidroberson@example.org,2026-08-24,37,0,91,0.0,0.0,9,1.0,1,1,1,5,115,At-Risk,0.82
U0917,2024-10-24,Delhi,Basic,495,michelle57@example.com,2026-09-30,0,66,73,1090.3,7.6,10,0.0958904109589041,0,4,3,2,432,Loyal,0.25
U0918,2026-09-10,UK-London,Basic,530,amy28@example.org,2026-09-30,0,73,79,1282.9999999999998,7.533333333333333,8,0.0759493670886076,0,4,4,3,443,Loyal,0.24
U0919,2025-12-04,Hyderabad,Basic,518,owelch@example.net,2026-09-29,1,69,84,1187.1000000000001,6.566666666666666,8,0.17857142857142858,0,2,3,3,233,At-Risk,0.29
U0920,2025-08-12,Bangalore,Pro,1451,regina78@example.org,2026-09-30,0,30,104,480.59999999999997,5.366666666666666,10,0.7115384615384616,0,4,2,4,424,At-Risk,0.56
U0921,2026-05-09,Bangalore,Pro,1488,aparker@example.com,2026-09-29,1,111,108,1903.9,6.533333333333333,14,-0.027777777777777776,0,2,5,4,254,At-Risk,0.2
U0922,2025-01-20,Hyderabad,Basic,449,smithlisa@example.org,2026-08-23,38,0,58,0.0,0.0,6,1.0,1,1,1,1,111,At-Risk,0.83
U0923,2025-06-07,US-East,Basic,480,snichols@example.com,2026-08-02,59,0,2,0.0,0.0,18,1.0,1,1,1,1,111,At-Risk,0.9
U0924,2026-08-21,Bangalore,Pro,1549,xevans@example.com,2026-09-30,0,29,91,519.4,4.6,6,0.6813186813186813,0,4,2,5,425,At-Risk,0.54
U0925,2026-05-04,UK-London,Basic,467,laurakelley@example.org,2026-09-30,0,81,68,1342.8999999999999,4.766666666666667,9,-0.19117647058823528,0,4,4,1,441,Loyal,0.2
U0926,2025-07-26,Hyderabad,Pro,1459,kfoster@example.net,2026-09-30,0,113,125,1870.7000000000003,7.9,24,0.096,0,4,5,4,454,VIP,0.25
U0927,2026-03-21,Delhi,Basic,511,oclayton@example.com,2026-09-29,1,52,68,684.1,4.6,14,0.23529411764705882,0,2,2,2,222,At-Risk,0.32
U0928,2024-11-25,US-East,Basic,469,zacharymarsh@example.net,2026-09-30,0,14,71,242.2,2.1333333333333333,14,0.8028169014084507,0,4,1,1,411,At-Risk,0.6
U0929,2026-05-11,Mumbai,Pro,1452,justin84@example.com,2026-09-30,0,111,125,1571.2,6.866666666666666,10,0.112,0,4,5,4,454,VIP,0.26
U0930,2025-02-13,Mumbai,Enterprise,5043,whitekeith@example.net,2026-09-30,0,148,167,2464.4999999999995,6.166666666666667,13,0.11377245508982035,0,4,5,5,455,VIP,0.26
U0931,2025-08-27,Bangalore,Pro,1517,nnelson@example.com,2026-09-29,1,37,90,562.3,5.2,9,0.5888888888888889,0,2,2,5,225,At-Risk,0.5
U0932,2025-02-13,Delhi,Basic,516,hernandeztara@example.org,2026-09-30,0,68,66,1023.0000000000002,7.433333333333334,15,-0.030303030303030304,0,4,3,3,433,Loyal,0.2
U0933,2025-02-11,Mumbai,Pro,1474,campbelldavid@example.com,2026-09-30,0,28,102,447.90000000000003,3.4,10,0.7254901960784313,0,4,2,4,424,At-Risk,0.56
U0934,2026-03-13,US-East,Basic,547,christophersmith@example.org,2026-08-12,49,0,29,0.0,0.0,6,1.0,1,1,1,3,113,At-Risk,0.86
U0935,2025-06-05,US-East,Basic,457,kristi75@example.com,2026-09-29,1,78,80,1434.8999999999996,7.2,10,0.025,0,2,4,1,241,At-Risk,0.22
U0936,2026-02-19,Mumbai,Pro,1454,riveramegan@example.org,2026-09-30,0,134,119,2179.9999999999995,6.566666666666666,8,-0.12605042016806722,0,4,5,4,454,VIP,0.2
U0937,2024-11-08,Hyderabad,Pro,1459,ejones@example.org,2026-09-30,0,92,120,1570.1999999999998,5.466666666666667,6,0.23333333333333334,0,4,4,4,444,VIP,0.32
U0938,2025-02-16,Hyderabad,Enterprise,5021,lisa01@example.net,2026-09-30,0,165,167,2796.1,8.233333333333333,10,0.011976047904191617,0,4,5,5,455,VIP,0.21
U0939,2025-03-29,Mumbai,Basic,534,cwright@example.org,2026-09-30,0,67,60,1086.6,6.2,15,-0.11666666666666667,0,4,3,3,433,Loyal,0.2
U0940,2025-08-31,Hyderabad,Pro,1478,boydtina@example.com,2026-09-29,1,26,111,474.70000000000005,3.466666666666667,11,0.7657657657657657,0,2,2,4,224,At-Risk,0.59
U0941,2025-07-10,US-East,Basic,476,sharon20@example.net,2026-09-30,0,18,56,256.90000000000003,4.633333333333334,13,0.6785714285714286,0,4,1,1,411,At-Risk,0.54
U0942,2026-08-14,UK-London,Pro,1481,kingdanielle@example.org,2026-08-16,45,0,46,0.0,0.0,16,1.0,1,1,1,4,114,At-Risk,0.85
U0943,2025-06-19,Hyderabad,Basic,482,boyerjeff@example.org,2026-09-28,2,63,72,1012.9000000000001,4.9,11,0.125,0,1,3,1,131,At-Risk,0.27
U0944,2025-03-20,Mumbai,Basic,506,knguyen@example.com,2026-09-30,0,80,65,1258.8999999999999,7.433333333333334,18,-0.23076923076923078,0,4,4,2,442,Loyal,0.2
U0945,2025-11-29,UK-London,Pro,1465,amccormick@example.org,2026-09-30,0,115,126,1865.0,7.633333333333334,10,0.0873015873015873,0,4,5,4,454,VIP,0.24
U0946,2025-11-27,Bangalore,Pro,1542,jbarker@example.com,2026-09-30,0,98,107,1591.0,6.8,12,0.08411214953271028,0,4,4,5,445,VIP,0.24
U0947,2026-04-14,Bangalore,Enterprise,4981,ericdavis@example.net,2026-09-30,0,165,139,2753.5,6.133333333333334,8,-0.18705035971223022,0,4,5,5,455,VIP,0.2
U0948,2025-06-03,Mumbai,Basic,514,browndeanna@example.net,2026-09-29,1,70,70,1212.8,6.7,18,0.0,0,2,3,2,232,At-Risk,0.2
U0949,2025-10-25,Hyderabad,Basic,495,martinezjesse@example.net,2026-09-30,0,63,77,1148.6000000000001,6.733333333333333,18,0.18181818181818182,0,4,3,2,432,Loyal,0.29
U0950,2026-04-27,Delhi,Basic,468,linda73@example.org,2026-09-30,0,63,60,1051.1,5.666666666666667,10,-0.05,0,4,3,1,431,Loyal,0.2
U0951,2026-02-14,Bangalore,Basic,452,jennifer40@example.com,2026-09-30,0,57,57,885.1,6.366666666666666,8,0.0,0,4,2,1,421,At-Risk,0.2
U0952,2026-02-26,UK-London,Pro,1463,amy73@example.net,2026-08-08,53,0,32,0.0,0.0,12,1.0,1,1,1,4,114,At-Risk,0.88
U0953,2025-02-12,Bangalore,Basic,505,mario74@example.net,2026-09-30,0,23,79,318.2,3.7,7,0.7088607594936709,0,4,2,2,422,At-Risk,0.55
U0954,2026-07-28,UK-London,Basic,462,caseymoore@example.com,2026-09-30,0,72,71,1207.2,5.2,3,-0.014084507042253521,0,4,4,1,441,Loyal,0.12
U0955,2026-05-20,Delhi,Enterprise,4987,shawn86@example.net,2026-09-30,0,37,151,607.4,5.066666666666666,8,0.7549668874172185,0,4,2,5,425,At-Risk,0.58
U0956,2025-02-11,Hyderabad,Pro,1525,harveymichael@example.net,2026-09-30,0,121,94,2098.8999999999996,6.1,10,-0.2872340425531915,0,4,5,5,455,VIP,0.2
U0957,2025-03-22,Bangalore,Pro,1545,barrettamber@example.com,2026-09-30,0,35,92,575.0999999999999,5.2,6,0.6195652173913043,0,4,2,5,425,At-Risk,0.51
U0958,2025-02-14,Bangalore,Pro,1471,jcannon@example.net,2026-09-30,0,113,102,1848.2,6.9,20,-0.10784313725490197,0,4,5,4,454,VIP,0.2
U0959,2025-04-23,Mumbai,Basic,494,hdavidson@example.org,2026-09-29,1,60,53,959.8,6.866666666666666,10,-0.1320754716981132,0,2,3,2,232,At-Risk,0.2
U0960,2025-10-15,Hyderabad,Basic,520,williamssharon@example.org,2026-09-30,0,81,73,1260.1,6.1,12,-0.1095890410958904,0,4,4,3,443,Loyal,0.2
U0961,2026-06-28,Bangalore,Basic,478,daniellee@example.org,2026-09-30,0,69,68,1162.5,5.6,16,-0.014705882352941176,0,4,3,1,431,Loyal,0.2
U0962,2025-11-19,Bangalore,Pro,1532,hbarrett@example.net,2026-09-30,0,102,104,1688.9,7.633333333333334,12,0.019230769230769232,0,4,5,5,455,VIP,0.21
U0963,2026-02-22,UK-London,Basic,474,brandon39@example.net,2026-09-29,1,72,62,1360.3000000000002,6.1,10,-0.16129032258064516,0,2,4,1,241,At-Risk,0.2
U0964,2024-11-19,UK-London,Enterprise,4996,dianahebert@example.org,2026-09-29,1,145,162,2446.1000000000004,6.933333333333334,15,0.10493827160493827,0,2,5,5,255,At-Risk,0.26
U0965,2025-09-05,UK-London,Pro,1499,wardjulia@example.com,2026-08-12,49,0,40,0.0,0.0,10,1.0,1,1,1,4,114,At-Risk,0.86
U0966,2026-05-22,Bangalore,Pro,1521,colonjoseph@example.org,2026-08-06,55,0,22,0.0,0.0,9,1.0,1,1,1,5,115,At-Risk,0.88
U0967,2026-03-19,US-East,Pro,1519,christian38@example.org,2026-09-30,0,100,125,1674.1999999999996,7.133333333333334,12,0.2,0,4,4,5,445,VIP,0.3
U0968,2024-12-11,Delhi,Pro,1467,amandalopez@example.net,2026-09-30,0,99,97,1676.2,6.433333333333334,7,-0.020618556701030927,0,4,4,4,444,VIP,0.2
U0969,2026-01-21,UK-London,Pro,1486,angelagrant@example.net,2026-09-30,0,112,103,1872.2000000000003,6.466666666666667,8,-0.08737864077669903,0,4,5,4,454,VIP,0.2
U0970,2024-12-15,Hyderabad,Basic,488,emily61@example.org,2026-09-30,0,83,70,1306.6,6.3,10,-0.18571428571428572,0,4,4,2,442,Loyal,0.2
U0971,2026-04-30,Delhi,Basic,512,qwagner@example.org,2026-09-29,1,16,63,275.70000000000005,2.9,8,0.746031746031746,0,2,1,2,212,At-Risk,0.58
U0972,2025-10-23,Hyderabad,Basic,537,umahoney@example.net,2026-09-30,0,65,45,1065.6000000000001,6.233333333333333,11,-0.4444444444444444,0,4,3,3,433,Loyal,0.2
U0973,2026-09-22,US-East,Pro,1547,megan66@example.net,2026-09-30,0,125,120,2098.6,7.266666666666667,12,-0.041666666666666664,0,4,5,5,455,VIP,0.2
U0974,2025-05-23,UK-London,Basic,542,annalewis@example.net,2026-09-29,1,56,69,891.6,5.8,7,0.18840579710144928,0,2,2,3,223,At-Risk,0.3
U0975,2026-08-06,Bangalore,Basic,516,michael77@example.com,2026-09-30,0,85,66,1271.7000000000003,6.266666666666667,14,-0.2878787878787879,0,4,4,3,443,Loyal,0.2
U0976,2024-09-29,Mumbai,Pro,1534,birdcaitlin@example.net,2026-09-30,0,86,76,1494.0000000000002,6.733333333333333,6,-0.13157894736842105,0,4,4,5,445,VIP,0.2
U0977,2025-01-05,US-East,Pro,1510,adam33@example.com,2026-09-29,1,109,100,1937.8999999999996,7.833333333333333,19,-0.09,0,2,5,4,254,At-Risk,0.2
U0978,2024-10-14,UK-London,Pro,1460,samantha88@example.net,2026-08-03,58,0,4,0.0,0.0,24,1.0,1,1,1,4,114,At-Risk,0.89
U0979,2026-08-05,UK-London,Basic,498,clintonstevens@example.org,2026-09-30,0,78,74,1316.3,6.433333333333334,7,-0.05405405405405406,0,4,4,2,442,Loyal,0.2
U0980,2025-01-08,US-East,Basic,517,pamela33@example.com,2026-09-30,0,72,82,1153.6999999999998,5.733333333333333,15,0.12195121951219512,0,4,4,3,443,Loyal,0.26
U0981,2026-05-14,US-East,Basic,515,duncanashley@example.org,2026-09-30,0,72,60,1094.0,6.666666666666667,13,-0.2,0,4,4,2,442,Loyal,0.2
U0982,2026-03-19,US-East,Basic,521,laura27@example.net,2026-09-30,0,66,60,1092.5,6.766666666666667,7,-0.1,0,4,3,3,433,Loyal,0.2
U0983,2026-02-24,Hyderabad,Enterprise,4983,larsonkevin@example.net,2026-09-30,0,114,167,1774.8,6.266666666666667,10,0.31736526946107785,0,4,5,5,455,VIP,0.36
U0984,2026-05-12,Delhi,Pro,1456,dmiller@example.com,2026-09-30,0,117,120,1999.1,7.066666666666666,10,0.025,0,4,5,4,454,VIP,0.21
U0985,2025-06-09,Hyderabad,Basic,502,hbutler@example.org,2026-09-30,0,17,72,304.7,2.9,12,0.7638888888888888,0,4,1,2,412,At-Risk,0.58
U0986,2026-03-28,Delhi,Basic,467,walterscrystal@example.org,2026-09-30,0,13,70,211.0,2.9,11,0.8142857142857143,0,4,1,1,411,At-Risk,0.61
U0987,2025-05-09,US-East,Pro,1470,floresannette@example.com,2026-08-12,49,0,40,0.0,0.0,17,1.0,1,1,1,4,114,At-Risk,0.86
U0988,2025-09-30,Bangalore,Pro,1486,ericnunez@example.com,2026-09-30,0,141,105,2419.8999999999996,8.766666666666667,7,-0.34285714285714286,0,4,5,4,454,VIP,0.2
U0989,2026-09-07,US-East,Basic,499,walkerkeith@example.com,2026-09-30,0,63,71,1105.0,5.566666666666666,9,0.11267605633802817,0,4,3,2,432,Loyal,0.26
U0990,2025-01-15,Hyderabad,Basic,476,christopher90@example.net,2026-09-30,0,74,79,1107.8999999999999,6.733333333333333,13,0.06329113924050633,0,4,4,1,441,Loyal,0.23
U0991,2025-07-17,Hyderabad,Basic,493,rossryan@example.net,2026-09-30,0,69,65,1113.7999999999997,6.633333333333334,14,-0.06153846153846154,0,4,3,2,432,Loyal,0.2
U0992,2025-01-02,Hyderabad,Enterprise,5014,timothygonzalez@example.com,2026-08-06,55,0,21,0.0,0.0,19,1.0,1,1,1,5,115,At-Risk,0.88
U0993,2026-01-18,Bangalore,Basic,503,annshea@example.net,2026-09-29,1,71,74,1189.1999999999998,7.2,7,0.04054054054054054,0,2,3,2,232,At-Risk,0.22
U0994,2025-03-27,UK-London,Enterprise,4954,adamsrussell@example.net,2026-08-08,53,0,44,0.0,0.0,15,1.0,1,1,1,5,115,At-Risk,0.88
U0995,2026-08-04,Mumbai,Pro,1465,rodriguezrobert@example.com,2026-09-30,0,39,103,652.0,4.566666666666666,7,0.6213592233009708,0,4,2,4,424,At-Risk,0.51
U0996,2025-06-10,UK-London,Basic,538,melvin04@example.org,2026-09-30,0,20,79,352.40000000000003,3.933333333333333,13,0.7468354430379747,0,4,1,3,413,At-Risk,0.57
U0997,2026-09-19,Bangalore,Enterprise,5013,chanson@example.org,2026-09-30,0,165,151,2894.1,7.866666666666666,12,-0.09271523178807947,0,4,5,5,455,VIP,0.2
U0998,2026-08-04,US-East,Basic,547,jamesbrooks@example.net,2026-09-30,0,57,61,925.3,5.633333333333334,12,0.06557377049180328,0,4,2,3,423,At-Risk,0.23
U0999,2026-06-13,Bangalore,Basic,496,singhjohn@example.net,2026-09-30,0,23,82,383.5,3.6666666666666665,9,0.7195121951219512,0,4,2,2,422,At-Risk,0.56
U1000,2026-08-06,Delhi,Basic,461,alexander14@example.com,2026-09-30,0,71,72,1238.5999999999997,5.966666666666667,12,0.013888888888888888,0,4,3,1,431,Loyal,0.21
U1001,2025-09-07,Delhi,Basic,494,jason83@example.org,2026-09-30,0,77,56,1272.1,7.766666666666667,8,-0.375,0,4,4,2,442,Loyal,0.2
U1002,2025-11-01,Bangalore,Basic,468,ana92@example.net,2026-09-30,0,63,64,932.4000000000001,5.666666666666667,9,0.015625,0,4,3,1,431,Loyal,0.21
U1003,2026-02-21,Mumbai,Basic,487,bennettrebecca@example.net,2026-09-30,0,74,52,1274.8,8.266666666666667,10,-0.4230769230769231,0,4,4,2,442,Loyal,0.2
U1004,2024-10-30,Delhi,Pro,1512,briangonzalez@example.net,2026-09-30,0,100,109,1703.1999999999996,6.866666666666666,16,0.08256880733944955,0,4,4,5,445,VIP,0.24
U1005,2025-12-24,Bangalore,Basic,502,marshallsierra@example.org,2026-09-30,0,81,78,1385.3999999999996,5.666666666666667,12,-0.038461538461538464,0,4,4,2,442,Loyal,0.2
U1006,2025-07-09,Delhi,Enterprise,5036,elizabeth51@example.org,2026-09-30,0,143,151,2252.6,7.933333333333334,14,0.052980132450331126,0,4,5,5,455,VIP,0.23
U1007,2025-04-30,Delhi,Basic,465,yhall@example.net,2026-08-19,42,0,41,0.0,0.0,8,1.0,1,1,1,1,111,At-Risk,0.84
U1008,2026-09-11,Bangalore,Basic,507,mckeetodd@example.net,2026-09-29,1,73,62,1254.3999999999999,6.366666666666666,21,-0.1774193548387097,0,2,4,2,242,At-Risk,0.2
U1009,2025-10-22,Delhi,Basic,487,jamesrasmussen@example.net,2026-09-30,0,73,76,1059.6999999999998,6.933333333333334,17,0.039473684210526314,0,4,4,2,442,Loyal,0.22
U1010,2026-08-06,Bangalore,Basic,467,williamssandra@example.com,2026-09-30,0,54,70,845.6,5.4,10,0.22857142857142856,0,4,2,1,421,At-Risk,0.31
U1011,2025-05-30,UK-London,Basic,493,bgarner@example.com,2026-09-30,0,70,73,1209.6000000000001,5.933333333333334,13,0.0410958904109589,0,4,3,2,432,Loyal,0.22
U1012,2026-02-10,Hyderabad,Basic,467,colleen38@example.com,2026-09-30,0,70,74,1077.6,6.633333333333334,11,0.05405405405405406,0,4,3,1,431,Loyal,0.23
U1013,2026-05-14,US-East,Basic,460,natasha08@example.com,2026-09-30,0,83,71,1277.9999999999998,7.8,11,-0.16901408450704225,0,4,4,1,441,Loyal,0.2
U1014,2025-03-12,Delhi,Pro,1493,penny21@example.net,2026-09-30,0,121,114,2094.4,7.7,11,-0.06140350877192982,0,4,5,4,454,VIP,0.2
U1015,2025-07-05,Hyderabad,Pro,1517,robertberry@example.com,2026-09-30,0,116,118,1958.9,7.066666666666666,11,0.01694915254237288,0,4,5,5,455,VIP,0.21
U1016,2026-09-07,Bangalore,Basic,494,shane23@example.net,2026-09-30,0,58,88,880.4999999999999,6.266666666666667,19,0.3409090909090909,0,4,2,2,422,At-Risk,0.37
U1017,2025-01-08,US-East,Basic,495,michelleparker@example.net,2026-09-25,5,26,62,419.0,4.6,9,0.5806451612903226,0,1,2,2,122,At-Risk,0.51
U1018,2026-07-17,Hyderabad,Basic,530,russellstout@example.org,2026-09-30,0,46,83,702.5,5.5,12,0.4457831325301205,0,4,2,3,423,At-Risk,0.42
U1019,2026-01-21,Hyderabad,Basic,542,lonniegrant@example.net,2026-09-29,1,71,67,1227.7,5.966666666666667,19,-0.05970149253731343,0,2,3,3,233,At-Risk,0.2
U1020,2024-12-24,Hyderabad,Pro,1530,mary20@example.com,2026-09-30,0,41,108,692.9000000000001,5.966666666666667,10,0.6203703703703703,0,4,2,5,425,At-Risk,0.51
U1021,2026-07-03,Hyderabad,Basic,488,tali@example.com,2026-09-30,0,22,84,396.7,3.8333333333333335,13,0.7380952380952381,0,4,2,2,422,At-Risk,0.57
U1022,2026-03-27,Delhi,Pro,1524,edwin31@example.org,2026-09-30,0,127,119,1899.9999999999998,6.1,16,-0.06722689075630252,0,4,5,5,455,VIP,0.2
U1023,2025-02-10,Delhi,Basic,487,catherine93@example.net,2026-09-30,0,21,65,364.70000000000005,4.9,9,0.676923076923077,0,4,2,2,422,At-Risk,0.54
U1024,2025-03-17,US-East,Basic,522,howardhailey@example.com,2026-09-30,0,31,68,550.7,5.033333333333333,12,0.5441176470588235,0,4,2,3,423,At-Risk,0.47
U1025,2025-01-04,Bangalore,Basic,525,xjoseph@example.org,2026-09-30,0,68,96,1157.9,6.066666666666666,10,0.2916666666666667,0,4,3,3,433,Loyal,0.35
U1026,2026-06-13,Mumbai,Basic,499,kwells@example.org,2026-09-30,0,66,61,942.3,5.933333333333334,13,-0.08196721311475409,0,4,3,2,432,Loyal,0.2
U1027,2025-03-13,Delhi,Enterprise,4987,aduran@example.com,2026-08-10,51,0,49,0.0,0.0,11,1.0,1,1,1,5,115,At-Risk,0.87
U1028,2026-08-23,Hyderabad,Pro,1518,juliamcneil@example.org,2026-08-02,59,0,1,0.0,0.0,7,1.0,1,1,1,5,115,At-Risk,0.9
U1029,2024-11-16,Mumbai,Basic,541,fcamacho@example.net,2026-09-30,0,70,59,1095.0,6.0,17,-0.1864406779661017,0,4,3,3,433,Loyal,0.2
U1030,2025-05-24,UK-London,Basic,488,bclay@example.com,2026-08-07,54,0,20,0.0,0.0,8,1.0,1,1,1,2,112,At-Risk,0.88
U1031,2026-04-18,Delhi,Pro,1460,zcortez@example.net,2026-09-30,0,119,107,1887.6000000000001,7.133333333333334,13,-0.11214953271028037,0,4,5,4,454,VIP,0.2
U1032,2026-08-15,Delhi,Basic,503,meyershannon@example.org,2026-09-30,0,64,66,1102.2,6.933333333333334,13,0.030303030303030304,0,4,3,2,432,Loyal,0.22
U1033,2026-07-01,Mumbai,Basic,549,aprilfoster@example.net,2026-09-29,1,56,74,996.4,6.5,11,0.24324324324324326,0,2,2,4,224,At-Risk,0.32
U1034,2024-10-27,Delhi,Basic,543,oblack@example.org,2026-09-29,1,64,57,1022.3,7.533333333333333,17,-0.12280701754385964,0,2,3,3,233,At-Risk,0.2
U1035,2025-02-14,Delhi,Basic,486,tsanders@example.com,2026-09-30,0,73,65,1140.5000000000002,8.2,6,-0.12307692307692308,0,4,4,2,442,Loyal,0.2
U1036,2025-08-31,UK-London,Pro,1466,dphillips@example.net,2026-09-30,0,113,119,1545.0,6.866666666666666,9,0.05042016806722689,0,4,5,4,454,VIP,0.23
U1037,2025-10-11,US-East,Basic,521,stevenlucas@example.org,2026-09-30,0,75,81,1306.5,6.133333333333334,9,0.07407407407407407,0,4,4,3,443,Loyal,0.24
U1038,2026-03-10,Mumbai,Basic,478,whitebrenda@example.net,2026-09-30,0,29,77,467.0,4.266666666666667,12,0.6233766233766234,0,4,2,1,421,At-Risk,0.51
U1039,2025-11-01,Mumbai,Basic,480,cgutierrez@example.org,2026-09-30,0,70,77,1213.2000000000003,7.033333333333333,16,0.09090909090909091,0,4,3,1,431,Loyal,0.25
U1040,2025-02-06,Hyderabad,Pro,1492,nicoledavis@example.com,2026-09-30,0,44,113,758.6999999999999,5.266666666666667,12,0.6106194690265486,0,4,2,4,424,At-Risk,0.51
U1041,2026-02-15,Bangalore,Enterprise,4996,jennifermartinez@example.org,2026-08-16,45,0,72,0.0,0.0,18,1.0,1,1,1,5,115,At-Risk,0.85
U1042,2026-02-26,Bangalore,Basic,505,christopher68@example.net,2026-09-29,1,67,81,1144.5,6.566666666666666,7,0.1728395061728395,0,2,3,2,232,At-Risk,0.29
U1043,2026-08-23,Hyderabad,Basic,481,cpierce@example.org,2026-09-30,0,17,61,332.90000000000003,2.4,10,0.7213114754098361,0,4,1,1,411,At-Risk,0.56
U1044,2026-07-26,Mumbai,Basic,504,fernandothomas@example.net,2026-09-30,0,63,63,1228.6,4.833333333333333,13,0.0,0,4,3,2,432,Loyal,0.2
U1045,2024-11-05,Hyderabad,Basic,485,kyle74@example.net,2026-08-11,50,0,28,0.0,0.0,8,1.0,1,1,1,2,112,At-Risk,0.87
U1046,2025-02-07,Delhi,Pro,1495,susansmith@example.com,2026-09-30,0,85,117,1545.8,5.8,8,0.27350427350427353,0,4,4,4,444,VIP,0.34
U1047,2024-10-07,US-East,Basic,522,ifoley@example.org,2026-09-29,1,18,69,292.6,3.433333333333333,4,0.7391304347826086,0,2,1,3,213,At-Risk,0.53
U1048,2025-12-16,Hyderabad,Pro,1483,lyoung@example.net,2026-09-30,0,96,115,1442.6,7.8,10,0.16521739130434782,0,4,4,4,444,VIP,0.28
U1049,2025-09-11,Bangalore,Basic,459,mramos@example.net,2026-08-03,58,0,5,0.0,0.0,15,1.0,1,1,1,1,111,At-Risk,0.89
U1050,2024-10-03,UK-London,Basic,512,christine83@example.org,2026-09-30,0,68,70,1103.3999999999999,7.3,10,0.02857142857142857,0,4,3,2,432,Loyal,0.21
U1051,2025-02-10,Mumbai,Pro,1496,delgadobenjamin@example.org,2026-09-29,1,115,126,2005.8999999999999,6.266666666666667,12,0.0873015873015873,0,2,5,4,254,At-Risk,0.25
U1052,2026-01-28,Hyderabad,Basic,513,mark10@example.org,2026-09-30,0,22,77,437.2,5.433333333333334,7,0.7142857142857143,0,4,2,2,422,At-Risk,0.56
U1053,2025-07-30,Delhi,Basic,498,evanmitchell@example.net,2026-08-14,47,0,31,0.0,0.0,16,1.0,1,1,1,2,112,At-Risk,0.86
U1054,2026-02-15,Bangalore,Basic,515,tammycurry@example.com,2026-09-30,0,25,58,414.1,2.6666666666666665,7,0.5689655172413793,0,4,2,2,422,At-Risk,0.48
U1055,2026-08-09,Hyderabad,Enterprise,4974,mackmarcus@example.com,2026-09-30,0,156,162,2555.3,6.666666666666667,20,0.037037037037037035,0,4,5,5,455,VIP,0.22
U1056,2026-05-20,UK-London,Basic,512,ebridges@example.com,2026-09-28,2,23,45,415.9,3.466666666666667,15,0.4888888888888889,0,1,2,2,122,At-Risk,0.45
U1057,2025-09-07,Bangalore,Basic,498,nealjoshua@example.net,2026-09-30,0,68,75,959.2000000000002,5.533333333333333,9,0.09333333333333334,0,4,3,2,432,Loyal,0.25
U1058,2025-07-28,US-East,Basic,463,heathersalazar@example.org,2026-08-25,36,0,60,0.0,0.0,11,1.0,1,1,1,1,111,At-Risk,0.82
U1059,2025-11-20,Mumbai,Basic,549,webbhaley@example.net,2026-09-30,0,76,73,1247.1,5.833333333333333,10,-0.0410958904109589,0,4,4,4,444,VIP,0.2
U1060,2025-04-26,US-East,Pro,1490,jordan99@example.com,2026-09-30,0,104,119,1652.4,6.8,15,0.12605042016806722,0,4,5,4,454,VIP,0.26
U1061,2026-08-06,Bangalore,Basic,535,ostone@example.com,2026-09-27,3,23,65,368.2,2.6333333333333333,8,0.6461538461538462,0,1,2,3,123,At-Risk,0.53
U1062,2025-09-23,Mumbai,Basic,521,nicolehall@example.com,2026-08-21,40,0,43,0.0,0.0,19,1.0,1,1,1,3,113,At-Risk,0.83
U1063,2026-09-13,US-East,Enterprise,5007,wilsonsteven@example.org,2026-09-30,0,164,130,2846.7000000000003,7.1,5,-0.26153846153846155,0,4,5,5,455,VIP,0.2
U1064,2026-03-21,Hyderabad,Enterprise,4965,laurenduarte@example.com,2026-09-30,0,164,158,2874.4,6.1,15,-0.0379746835443038,0,4,5,5,455,VIP,0.2
U1065,2024-11-01,UK-London,Basic,516,ann30@example.net,2026-09-30,0,67,73,1127.5000000000002,7.266666666666667,14,0.0821917808219178,0,4,3,3,433,Loyal,0.24
U1066,2025-02-22,Delhi,Enterprise,4997,jonathan14@example.com,2026-09-30,0,156,147,2709.9,6.366666666666666,12,-0.061224489795918366,0,4,5,5,455,VIP,0.2
U1067,2025-10-03,US-East,Basic,534,katie15@example.com,2026-09-30,0,66,62,990.9000000000001,4.433333333333334,15,-0.06451612903225806,0,4,3,3,433,Loyal,0.2
U1068,2025-07-15,Bangalore,Basic,451,collierjames@example.com,2026-09-30,0,72,73,1220.9000000000003,7.933333333333334,8,0.0136986301369863,0,4,4,1,441,Loyal,0.21
U1069,2026-08-03,US-East,Basic,499,zhendricks@example.org,2026-09-30,0,68,67,1135.3,6.333333333333333,8,-0.014925373134328358,0,4,3,2,432,Loyal,0.2
U1070,2026-01-13,US-East,Basic,494,dmoore@example.net,2026-09-30,0,68,87,1113.6,5.533333333333333,15,0.21839080459770116,0,4,3,2,432,Loyal,0.31
U1071,2026-07-15,US-East,Pro,1492,abowers@example.net,2026-09-30,0,105,102,1787.5999999999997,7.566666666666666,14,-0.029411764705882353,0,4,5,4,454,VIP,0.2
U1072,2024-11-08,Hyderabad,Pro,1449,annette58@example.net,2026-08-15,46,0,48,0.0,0.0,10,1.0,1,1,1,4,114,At-Risk,0.85
U1073,2024-10-12,US-East,Basic,547,lauren51@example.org,2026-09-30,0,79,78,1253.7,7.033333333333333,11,-0.01282051282051282,0,4,4,3,443,Loyal,0.2
U1074,2025-04-21,Mumbai,Basic,459,morgannicholas@example.net,2026-09-30,0,63,74,1001.9,7.4,15,0.14864864864864866,0,4,3,1,431,Loyal,0.27
U1075,2026-06-05,US-East,Basic,465,hlopez@example.com,2026-09-28,2,21,65,337.2,4.733333333333333,10,0.676923076923077,0,1,2,1,121,At-Risk,0.55
U1076,2026-02-25,Mumbai,Pro,1534,jennifer46@example.org,2026-09-30,0,110,112,2073.7,6.8,11,0.017857142857142856,0,4,5,5,455,VIP,0.21
U1077,2025-09-26,Mumbai,Basic,467,nathangallegos@example.com,2026-08-13,48,0,42,0.0,0.0,10,1.0,1,1,1,1,111,At-Risk,0.86
U1078,2025-03-05,US-East,Basic,456,gregory50@example.org,2026-09-30,0,75,66,1195.2,6.333333333333333,10,-0.13636363636363635,0,4,4,1,441,Loyal,0.2
U1079,2026-07-27,Delhi,Basic,549,zhunter@example.com,2026-08-06,55,0,18,0.0,0.0,16,1.0,1,1,1,4,114,At-Risk,0.88
U1080,2026-07-21,Bangalore,Basic,512,jamesmclean@example.net,2026-09-30,0,78,69,1192.1000000000001,6.4,15,-0.13043478260869565,0,4,4,2,442,Loyal,0.2
U1081,2026-06-28,Mumbai,Basic,459,kimberly21@example.net,2026-09-30,0,67,86,1152.2,6.033333333333333,15,0.22093023255813954,0,4,3,1,431,Loyal,0.31
U1082,2026-02-05,Hyderabad,Basic,469,jamiejohnson@example.com,2026-09-30,0,60,68,923.5,5.5,9,0.11764705882352941,0,4,3,1,431,Loyal,0.26
U1083,2026-03-03,Hyderabad,Pro,1453,smithsarah@example.net,2026-09-29,1,33,101,538.4,4.066666666666666,14,0.6732673267326733,0,2,2,4,224,At-Risk,0.54
U1084,2026-06-10,Hyderabad,Pro,1489,cookpamela@example.org,2026-09-30,0,115,115,1938.5,7.9,11,0.0,0,4,5,4,454,VIP,0.2
U1085,2025-10-14,Hyderabad,Pro,1518,andrew43@example.com,2026-09-30,0,114,98,1709.4999999999998,8.6,11,-0.16326530612244897,0,4,5,5,455,VIP,0.2
U1086,2025-02-22,Bangalore,Basic,474,joshua57@example.net,2026-09-30,0,67,71,1111.6000000000001,5.166666666666667,12,0.056338028169014086,0,4,3,1,431,Loyal,0.23
U1087,2024-12-23,Hyderabad,Enterprise,5000,ericwilson@example.net,2026-08-20,41,0,107,0.0,0.0,8,1.0,1,1,1,5,115,At-Risk,0.84
U1088,2025-11-11,Mumbai,Pro,1548,clarkmichael@example.com,2026-08-21,40,0,90,35.4,0.0,12,1.0,1,1,1,5,115,At-Risk,0.83
U1089,2025-04-14,Delhi,Basic,510,audrey21@example.com,2026-09-30,0,57,71,974.6,6.1,13,0.19718309859154928,0,4,2,2,422,At-Risk,0.3
U1090,2025-12-20,Bangalore,Pro,1523,amber02@example.org,2026-08-04,57,0,10,0.0,0.0,15,1.0,1,1,1,5,115,At-Risk,0.89
U1091,2025-09-07,Bangalore,Enterprise,5029,rodriguezbrian@example.com,2026-08-14,47,0,61,0.0,0.0,9,1.0,1,1,1,5,115,At-Risk,0.86
U1092,2025-07-12,UK-London,Pro,1539,tjensen@example.com,2026-09-30,0,94,112,1580.7,7.266666666666667,8,0.16071428571428573,0,4,4,5,445,VIP,0.28
U1093,2026-05-18,Bangalore,Basic,495,beltrankatelyn@example.com,2026-09-30,0,62,77,1073.3000000000002,6.433333333333334,10,0.19480519480519481,0,4,3,2,432,Loyal,0.3
U1094,2025-11-17,Hyderabad,Pro,1455,hesssamantha@example.com,2026-09-30,0,91,115,1435.7999999999997,5.566666666666666,9,0.20869565217391303,0,4,4,4,444,VIP,0.3
U1095,2024-12-09,Delhi,Enterprise,5020,gabrielle77@example.org,2026-09-30,0,154,194,2698.6,4.033333333333333,14,0.20618556701030927,0,4,5,5,455,VIP,0.3
U1096,2026-08-21,Delhi,Pro,1529,michellejensen@example.com,2026-08-19,42,0,74,0.0,0.0,19,1.0,1,1,1,5,115,At-Risk,0.84
U1097,2025-07-12,Bangalore,Pro,1511,kristina57@example.com,2026-09-30,0,122,107,2144.7,6.066666666666666,12,-0.14018691588785046,0,4,5,4,454,VIP,0.2
U1098,2024-10-21,Bangalore,Pro,1517,erodriguez@example.com,2026-09-30,0,89,115,1380.3999999999999,5.233333333333333,20,0.22608695652173913,0,4,4,5,445,VIP,0.31
U1099,2026-06-08,UK-London,Basic,509,katrina99@example.org,2026-09-30,0,83,65,1324.0,5.433333333333334,11,-0.27692307692307694,0,4,4,2,442,Loyal,0.2
U1100,2025-10-04,Mumbai,Enterprise,5044,yroth@example.org,2026-09-30,0,55,149,996.5,6.2,11,0.6308724832214765,0,4,2,5,425,At-Risk,0.52
U1101,2025-05-24,UK-London,Enterprise,4991,sparksamanda@example.com,2026-09-29,1,153,158,2408.8999999999996,7.533333333333333,7,0.03164556962025317,0,2,5,5,255,At-Risk,0.22
U1102,2025-12-04,Mumbai,Pro,1490,christinekelley@example.com,2026-09-30,0,31,132,522.3,5.433333333333334,7,0.7651515151515151,0,4,2,4,424,At-Risk,0.58
U1103,2025-07-06,US-East,Pro,1528,jared96@example.com,2026-09-30,0,136,111,2359.7,8.333333333333334,12,-0.22522522522522523,0,4,5,5,455,VIP,0.2
U1104,2025-11-17,Delhi,Pro,1472,amy32@example.net,2026-09-30,0,129,121,2058.8,6.933333333333334,11,-0.06611570247933884,0,4,5,4,454,VIP,0.2
U1105,2026-01-30,UK-London,Pro,1505,mwilson@example.com,2026-09-30,0,117,117,2025.9999999999998,6.033333333333333,10,0.0,0,4,5,4,454,VIP,0.2
U1106,2025-05-24,Bangalore,Pro,1467,shortgregory@example.com,2026-09-30,0,114,118,1976.3000000000004,8.066666666666666,12,0.03389830508474576,0,4,5,4,454,VIP,0.22
U1107,2024-11-18,Mumbai,Basic,519,jenningscandace@example.com,2026-09-30,0,21,67,363.8,3.8666666666666667,8,0.6865671641791045,0,4,2,3,423,At-Risk,0.54
U1108,2025-05-26,Bangalore,Basic,513,davislisa@example.net,2026-09-30,0,23,62,443.9,3.1666666666666665,11,0.6290322580645161,0,4,2,2,422,At-Risk,0.51
U1109,2026-07-20,US-East,Basic,449,shermandonna@example.com,2026-09-30,0,66,74,1190.0,6.1,14,0.10810810810810811,0,4,3,1,431,Loyal,0.25
U1110,2025-10-21,US-East,Basic,456,cgilbert@example.org,2026-09-30,0,58,83,1037.6,7.433333333333334,13,0.30120481927710846,0,4,2,1,421,At-Risk,0.35
U1111,2025-02-26,Delhi,Pro,1449,kevin46@example.net,2026-09-30,0,110,84,1747.2,8.5,7,-0.30952380952380953,0,4,5,4,454,VIP,0.2
U1112,2026-09-16,Mumbai,Pro,1511,veronica90@example.net,2026-09-30,0,30,96,541.9000000000001,5.666666666666667,16,0.6875,0,4,2,4,424,At-Risk,0.54
U1113,2026-09-19,Delhi,Basic,482,sabbott@example.org,2026-09-30,0,66,79,1130.9,6.666666666666667,14,0.16455696202531644,0,4,3,1,431,Loyal,0.28
U1114,2025-06-25,Hyderabad,Basic,478,smithann@example.com,2026-09-28,2,22,57,377.09999999999997,4.366666666666666,9,0.6140350877192983,0,1,2,1,121,At-Risk,0.51
U1115,2024-12-18,Bangalore,Basic,547,michelle36@example.net,2026-09-30,0,73,66,1283.4999999999998,6.733333333333333,11,-0.10606060606060606,0,4,4,3,443,Loyal,0.2
U1116,2025-12-03,UK-London,Basic,508,jennifer66@example.com,2026-09-29,1,76,65,1259.9999999999998,6.533333333333333,7,-0.16923076923076924,0,2,4,2,242,At-Risk,0.2
U1117,2025-10-31,Mumbai,Basic,493,thomaslopez@example.com,2026-09-28,2,27,71,426.20000000000005,4.033333333333333,9,0.6197183098591549,0,1,2,2,122,At-Risk,0.52
U1118,2026-06-06,Bangalore,Enterprise,4964,mary24@example.net,2026-09-30,0,177,147,2945.3,7.766666666666667,5,-0.20408163265306123,0,4,5,5,455,VIP,0.2
U1119,2024-12-29,Delhi,Pro,1482,jonesalfred@example.net,2026-09-29,1,113,125,1859.7,6.633333333333334,11,0.096,0,2,5,4,254,At-Risk,0.25
U1120,2026-07-06,UK-London,Pro,1508,iproctor@example.org,2026-08-21,40,0,69,0.0,0.0,8,1.0,1,1,1,4,114,At-Risk,0.83
U1121,2025-01-07,Mumbai,Basic,461,ydalton@example.net,2026-09-30,0,60,66,1034.7,5.1,11,0.09090909090909091,0,4,3,1,431,Loyal,0.25
U1122,2025-12-14,Hyderabad,Pro,1482,dhanson@example.net,2026-09-30,0,30,109,532.5000000000001,4.366666666666666,15,0.7247706422018348,0,4,2,4,424,At-Risk,0.56
U1123,2025-08-04,UK-London,Basic,503,ocruz@example.org,2026-09-30,0,55,74,889.3000000000002,5.833333333333333,11,0.25675675675675674,0,4,2,2,422,At-Risk,0.33
U1124,2025-08-05,US-East,Enterprise,5001,lanemelanie@example.org,2026-08-03,58,0,7,0.0,0.0,12,1.0,1,1,1,5,115,At-Risk,0.89
U1125,2026-03-02,Delhi,Pro,1478,robert89@example.com,2026-09-30,0,98,130,1441.4999999999998,6.833333333333333,5,0.24615384615384617,0,4,4,4,444,VIP,0.32
U1126,2024-10-23,US-East,Enterprise,4967,carrolljanet@example.org,2026-09-30,0,137,162,2213.7000000000003,5.366666666666666,18,0.15432098765432098,0,4,5,5,455,VIP,0.28
U1127,2025-11-26,Delhi,Basic,473,thomasjessica@example.com,2026-09-30,0,65,64,1012.9,7.933333333333334,8,-0.015625,0,4,3,1,431,Loyal,0.2
U1128,2025-09-03,Delhi,Basic,503,millschelsea@example.org,2026-09-30,0,67,73,1186.5,5.433333333333334,5,0.0821917808219178,0,4,3,2,432,Loyal,0.24
U1129,2025-09-08,UK-London,Basic,522,suttonamber@example.net,2026-09-30,0,80,86,1359.8999999999999,6.5,9,0.06976744186046512,0,4,4,3,443,Loyal,0.23
U1130,2025-05-15,UK-London,Basic,500,bergeramanda@example.org,2026-09-30,0,74,67,1191.6000000000001,8.366666666666667,15,-0.1044776119402985,0,4,4,2,442,Loyal,0.2
U1131,2025-09-06,Mumbai,Pro,1462,vberry@example.com,2026-09-30,0,109,117,1845.6000000000001,5.866666666666666,10,0.06837606837606838,0,4,5,4,454,VIP,0.23
U1132,2025-06-13,UK-London,Basic,501,keith09@example.net,2026-09-30,0,15,66,261.09999999999997,2.5,10,0.7727272727272727,0,4,1,2,412,At-Risk,0.59
U1133,2025-05-08,UK-London,Pro,1478,bryan79@example.org,2026-08-26,35,0,76,0.0,0.0,10,1.0,1,1,1,4,114,At-Risk,0.82
U1134,2025-11-21,US-East,Basic,507,lisa90@example.com,2026-09-30,0,59,57,1160.5000000000002,5.1,9,-0.03508771929824561,0,4,3,2,432,Loyal,0.2
U1135,2025-09-17,Mumbai,Pro,1460,williamyork@example.com,2026-09-30,0,86,117,1405.1,5.933333333333334,10,0.26495726495726496,0,4,4,4,444,VIP,0.33
U1136,2025-03-31,UK-London,Basic,482,joshua40@example.net,2026-09-30,0,47,71,800.4999999999999,6.166666666666667,10,0.3380281690140845,0,4,2,1,421,At-Risk,0.37
U1137,2024-12-19,Mumbai,Basic,523,reneestevenson@example.net,2026-09-30,0,85,59,1547.7,7.5,11,-0.4406779661016949,0,4,4,3,443,Loyal,0.2
U1138,2025-08-21,Delhi,Basic,527,josehaynes@example.com,2026-09-30,0,61,68,1030.5,6.6,6,0.10294117647058823,0,4,3,3,433,Loyal,0.25
U1139,2025-02-07,Delhi,Basic,541,cooperchristopher@example.org,2026-09-28,2,74,62,1046.2,5.066666666666666,9,-0.1935483870967742,0,1,4,3,143,At-Risk,0.21
U1140,2025-12-07,UK-London,Basic,486,marymullins@example.com,2026-08-02,59,0,6,0.0,0.0,5,1.0,1,1,1,2,112,At-Risk,0.9
U1141,2026-04-14,Mumbai,Pro,1456,donnabarber@example.org,2026-09-30,0,21,113,363.0,4.2,14,0.8141592920353983,0,4,2,4,424,At-Risk,0.61
U1142,2025-03-01,US-East,Basic,492,brian41@example.org,2026-09-30,0,75,52,1293.2,7.1,8,-0.4423076923076923,0,4,4,2,442,Loyal,0.2
U1143,2025-01-29,US-East,Pro,1476,ealvarez@example.net,2026-09-30,0,114,116,1849.9,5.233333333333333,9,0.017241379310344827,0,4,5,4,454,VIP,0.21
U1144,2026-08-22,Delhi,Basic,467,noahthornton@example.com,2026-09-30,0,70,61,1214.0,6.4,10,-0.14754098360655737,0,4,3,1,431,Loyal,0.2
U1145,2025-04-08,Mumbai,Basic,492,zsmith@example.com,2026-09-30,0,57,68,977.9,5.133333333333334,6,0.16176470588235295,0,4,2,2,422,At-Risk,0.28
U1146,2025-07-04,Mumbai,Basic,463,suzanne01@example.net,2026-09-30,0,79,60,1232.3,7.933333333333334,18,-0.31666666666666665,0,4,4,1,441,Loyal,0.2
U1147,2026-01-07,Bangalore,Enterprise,4997,pbishop@example.com,2026-09-30,0,162,135,2625.5,5.4,18,-0.2,0,4,5,5,455,VIP,0.2
U1148,2025-05-31,Hyderabad,Basic,499,leah49@example.com,2026-09-30,0,74,67,1205.7,7.5,12,-0.1044776119402985,0,4,4,2,442,Loyal,0.2
U1149,2025-08-31,Mumbai,Basic,535,jessicachapman@example.org,2026-09-30,0,76,80,1205.8,5.066666666666666,14,0.05,0,4,4,3,443,Loyal,0.22
U1150,2025-10-13,Delhi,Basic,508,lawrencesmith@example.org,2026-09-30,0,60,58,845.6999999999999,5.866666666666666,16,-0.034482758620689655,0,4,3,2,432,Loyal,0.2
U1151,2026-05-29,Mumbai,Pro,1495,jenkinsalicia@example.net,2026-09-30,0,41,110,661.6999999999999,4.866666666666666,9,0.6272727272727273,0,4,2,4,424,At-Risk,0.51
U1152,2025-08-20,US-East,Basic,461,jessicaking@example.org,2026-09-30,0,56,69,953.1999999999999,4.833333333333333,12,0.18840579710144928,0,4,2,1,421,At-Risk,0.29
U1153,2024-10-16,Hyderabad,Basic,459,brownbrooke@example.org,2026-09-30,0,73,75,1259.6000000000004,4.666666666666667,16,0.02666666666666667,0,4,4,1,441,Loyal,0.21
U1154,2026-08-23,Delhi,Enterprise,5042,ericksondavid@example.net,2026-09-30,0,166,155,2733.1,6.666666666666667,10,-0.07096774193548387,0,4,5,5,455,VIP,0.2
U1155,2025-01-01,Hyderabad,Basic,531,pauladominguez@example.com,2026-09-30,0,65,83,1003.9999999999999,5.833333333333333,7,0.21686746987951808,0,4,3,3,433,Loyal,0.31
U1156,2025-05-02,US-East,Pro,1490,fowlersandra@example.com,2026-09-30,0,106,112,1935.0000000000002,6.033333333333333,11,0.05357142857142857,0,4,5,4,454,VIP,0.23
U1157,2026-04-13,UK-London,Basic,496,jonathan14@example.org,2026-08-16,45,0,34,0.0,0.0,10,1.0,1,1,1,2,112,At-Risk,0.85
U1158,2025-07-05,Delhi,Basic,547,wendy44@example.org,2026-09-30,0,71,54,1185.1999999999998,4.766666666666667,9,-0.3148148148148148,0,4,3,3,433,Loyal,0.2
U1159,2025-08-16,Mumbai,Basic,526,mkrause@example.net,2026-09-29,1,18,64,308.50000000000006,4.033333333333333,14,0.71875,0,2,1,3,213,At-Risk,0.56
U1160,2025-07-12,Delhi,Pro,1519,irodriguez@example.com,2026-09-30,0,100,115,1649.6999999999998,7.033333333333333,20,0.13043478260869565,0,4,4,5,445,VIP,0.27
U1161,2025-03-07,Mumbai,Pro,1549,gainesjennifer@example.org,2026-09-30,0,89,97,1417.8999999999999,6.733333333333333,13,0.08247422680412371,0,4,4,5,445,VIP,0.24
U1162,2024-10-24,Mumbai,Pro,1464,duncanjohn@example.com,2026-09-30,0,95,93,1621.3999999999999,7.2,12,-0.021505376344086023,0,4,4,4,444,VIP,0.2
U1163,2024-10-12,UK-London,Basic,523,ohernandez@example.org,2026-09-29,1,50,64,792.9,6.0,8,0.21875,0,2,2,3,223,At-Risk,0.31
U1164,2026-08-11,UK-London,Pro,1545,sadams@example.com,2026-09-28,2,114,131,1782.9,6.866666666666666,15,0.1297709923664122,0,1,5,5,155,At-Risk,0.27
U1165,2026-07-21,US-East,Pro,1482,robertsonshelby@example.com,2026-09-30,0,114,131,1745.4,6.3,11,0.1297709923664122,0,4,5,4,454,VIP,0.26
U1166,2025-09-13,Hyderabad,Basic,466,xanthony@example.org,2026-09-30,0,71,76,1166.9999999999998,6.566666666666666,16,0.06578947368421052,0,4,3,1,431,Loyal,0.23
U1167,2025-10-28,UK-London,Pro,1492,cruzhannah@example.com,2026-09-30,0,111,108,1781.0,7.266666666666667,14,-0.027777777777777776,0,4,5,4,454,VIP,0.2
U1168,2024-12-26,UK-London,Basic,502,mathew46@example.org,2026-09-30,0,63,61,1012.6999999999998,5.233333333333333,8,-0.03278688524590164,0,4,3,2,432,Loyal,0.2
U1169,2026-01-03,US-East,Basic,547,diazmelissa@example.com,2026-09-30,0,64,64,997.4,5.766666666666667,11,0.0,0,4,3,3,433,Loyal,0.2
U1170,2024-11-26,Delhi,Pro,1502,shodges@example.net,2026-09-29,1,34,104,479.2,6.066666666666666,11,0.6730769230769231,0,2,2,4,224,At-Risk,0.54
U1171,2025-02-24,Hyderabad,Basic,495,poncedonna@example.com,2026-09-30,0,66,63,1024.8999999999999,5.733333333333333,11,-0.047619047619047616,0,4,3,2,432,Loyal,0.2
U1172,2026-02-18,UK-London,Pro,1461,mccoymichael@example.org,2026-09-30,0,106,100,1451.6999999999998,4.8,12,-0.06,0,4,5,4,454,VIP,0.2
U1173,2026-07-07,Mumbai,Basic,534,imoss@example.org,2026-09-30,0,62,79,1005.3000000000001,6.266666666666667,12,0.21518987341772153,0,4,3,3,433,Loyal,0.31
U1174,2025-02-16,UK-London,Pro,1458,tracybrown@example.net,2026-09-30,0,86,93,1577.1000000000004,5.5,14,0.07526881720430108,0,4,4,4,444,VIP,0.24
U1175,2026-01-11,Bangalore,Basic,465,zferguson@example.com,2026-09-30,0,71,75,1095.3,6.2,15,0.05333333333333334,0,4,3,1,431,Loyal,0.23
U1176,2026-09-04,Hyderabad,Enterprise,4972,johnsonbrian@example.net,2026-09-29,1,47,149,697.1000000000001,5.266666666666667,17,0.6845637583892618,0,2,2,5,225,At-Risk,0.55
U1177,2024-10-30,Delhi,Pro,1548,lewisdesiree@example.net,2026-08-26,35,0,79,0.0,0.0,17,1.0,1,1,1,5,115,At-Risk,0.82
U1178,2025-08-29,Mumbai,Basic,513,joycehall@example.org,2026-09-30,0,25,63,432.6,4.733333333333333,14,0.6031746031746031,0,4,2,2,422,At-Risk,0.5
U1179,2024-10-25,Hyderabad,Basic,464,tracysmith@example.net,2026-09-30,0,79,83,1328.4,5.4,9,0.04819277108433735,0,3,4,1,341,Loyal,0.22
U1180,2024-11-01,Hyderabad,Pro,1506,alexischen@example.com,2026-09-30,0,102,111,1647.8,5.966666666666667,13,0.08108108108108109,0,3,5,4,354,Loyal,0.24
U1181,2026-05-21,UK-London,Pro,1501,bryantgeorge@example.net,2026-09-29,1,92,116,1478.3,6.666666666666667,12,0.20689655172413793,0,2,4,4,244,At-Risk,0.31
U1182,2024-11-14,UK-London,Basic,482,wilsonbrooke@example.net,2026-09-30,0,64,71,1185.4999999999998,7.6,16,0.09859154929577464,0,3,3,1,331,Loyal,0.25
U1183,2025-03-09,US-East,Basic,473,ronaldcain@example.net,2026-09-30,0,63,74,963.4,5.266666666666667,9,0.14864864864864866,0,3,3,1,331,Loyal,0.27
U1184,2026-02-06,Mumbai,Pro,1455,david98@example.org,2026-09-29,1,109,110,1625.5,6.266666666666667,9,0.00909090909090909,0,2,5,4,254,At-Risk,0.21
U1185,2025-05-21,UK-London,Basic,460,kathrynwatkins@example.com,2026-09-27,3,15,58,272.0,3.6,14,0.7413793103448276,0,1,1,1,111,At-Risk,0.58
U1186,2024-11-14,Bangalore,Basic,548,donald62@example.net,2026-09-30,0,86,83,1365.1,5.866666666666666,11,-0.03614457831325301,0,3,4,3,343,Loyal,0.2
U1187,2025-06-26,Hyderabad,Basic,499,samuelfrost@example.org,2026-09-30,0,68,62,1098.0,7.433333333333334,8,-0.0967741935483871,0,3,3,2,332,Loyal,0.2
U1188,2025-01-04,Bangalore,Basic,456,bstrickland@example.com,2026-08-26,35,0,64,0.0,0.0,10,1.0,1,1,1,1,111,At-Risk,0.82
U1189,2024-11-26,Delhi,Pro,1520,whitechristopher@example.net,2026-09-30,0,118,111,2027.9000000000003,6.633333333333334,7,-0.06306306306306306,0,3,5,5,355,Loyal,0.2
U1190,2025-12-06,Bangalore,Basic,452,robert72@example.org,2026-09-30,0,19,69,242.70000000000002,3.4,11,0.7246376811594203,0,3,1,1,311,At-Risk,0.56
U1191,2025-01-11,US-East,Pro,1477,alexandra63@example.org,2026-09-30,0,38,107,628.5999999999999,5.266666666666667,14,0.6448598130841121,0,3,2,4,324,At-Risk,0.52
U1192,2025-12-18,Hyderabad,Basic,525,carlsonjennifer@example.net,2026-09-30,0,59,66,988.1000000000001,4.7,8,0.10606060606060606,0,3,3,3,333,Loyal,0.25
U1193,2026-08-23,Hyderabad,Pro,1538,michael08@example.org,2026-09-30,0,124,120,1901.7999999999997,6.1,20,-0.03333333333333333,0,3,5,5,355,Loyal,0.2
U1194,2025-02-16,Delhi,Basic,453,montgomerymichelle@example.net,2026-09-29,1,69,68,1220.6000000000001,6.133333333333334,10,-0.014705882352941176,0,2,3,1,231,At-Risk,0.2
U1195,2025-10-04,Hyderabad,Basic,498,qtownsend@example.org,2026-09-30,0,65,80,1190.3999999999999,5.266666666666667,13,0.1875,0,3,3,2,332,Loyal,0.29
U1196,2025-04-18,Hyderabad,Pro,1470,danielhernandez@example.com,2026-08-09,52,0,28,0.0,0.0,10,1.0,1,1,1,4,114,At-Risk,0.87
U1197,2025-09-27,Bangalore,Basic,538,elizabethwilliams@example.net,2026-09-30,0,58,74,968.4000000000001,6.266666666666667,8,0.21621621621621623,0,3,2,3,323,At-Risk,0.31
U1198,2025-06-21,Mumbai,Basic,505,ryancook@example.com,2026-09-30,0,66,75,1002.6,5.333333333333333,6,0.12,0,3,3,2,332,Loyal,0.26
U1199,2024-10-30,Mumbai,Pro,1493,buckleygregory@example.org,2026-09-30,0,110,121,1835.8000000000002,7.466666666666667,10,0.09090909090909091,0,3,5,4,354,Loyal,0.25
U1200,2025-09-18,US-East,Basic,501,jonesjoe@example.com,2026-09-29,1,25,62,455.99999999999994,3.966666666666667,14,0.5967741935483871,0,2,2,2,222,At-Risk,0.5
U1201,2025-12-05,Hyderabad,Basic,543,robert53@example.org,2026-09-30,0,65,65,967.2,7.0,16,0.0,0,3,3,3,333,Loyal,0.2
U1202,2025-05-25,Bangalore,Pro,1513,youngrobert@example.org,2026-09-29,1,107,107,1836.3000000000002,5.9,9,0.0,0,2,5,5,255,At-Risk,0.2
U1203,2025-06-30,Hyderabad,Basic,536,charlesrichards@example.org,2026-09-30,0,72,71,1125.5000000000002,7.766666666666667,8,-0.014084507042253521,0,3,4,3,343,Loyal,0.2
U1204,2026-07-11,Delhi,Pro,1495,javierlynch@example.org,2026-09-30,0,112,110,1888.8000000000002,6.1,22,-0.01818181818181818,0,3,5,4,354,Loyal,0.2
U1205,2025-07-08,UK-London,Basic,474,stephenlee@example.com,2026-09-29,1,18,77,326.3,3.2,10,0.7662337662337663,0,2,1,1,211,At-Risk,0.59
U1206,2026-09-11,US-East,Basic,532,matthewjohnson@example.net,2026-09-30,0,27,92,418.5999999999999,5.5,13,0.7065217391304348,0,3,2,3,323,At-Risk,0.55
U1207,2024-11-11,Bangalore,Pro,1502,danielowens@example.com,2026-09-29,1,106,109,1626.7000000000003,6.733333333333333,9,0.027522935779816515,0,2,5,4,254,At-Risk,0.22
U1208,2025-01-31,UK-London,Basic,475,jeffrey49@example.org,2026-09-30,0,70,65,1202.0000000000002,5.633333333333334,14,-0.07692307692307693,0,3,3,1,331,Loyal,0.2
U1209,2026-04-28,US-East,Pro,1469,belindatran@example.org,2026-09-30,0,122,113,2018.5999999999997,5.666666666666667,15,-0.07964601769911504,0,3,5,4,354,Loyal,0.2
U1210,2024-12-01,UK-London,Enterprise,4986,natkins@example.net,2026-09-30,0,143,128,2397.8,8.166666666666666,9,-0.1171875,0,3,5,5,355,Loyal,0.2
U1211,2025-09-09,UK-London,Enterprise,5030,uramirez@example.com,2026-09-30,0,153,135,2394.9,8.1,12,-0.13333333333333333,0,3,5,5,355,Loyal,0.2
U1212,2026-03-20,UK-London,Basic,461,johnhamilton@example.org,2026-09-29,1,62,71,872.9000000000001,7.166666666666667,15,0.1267605633802817,0,2,3,1,231,At-Risk,0.27
U1213,2026-07-12,Bangalore,Basic,542,robinvillanueva@example.com,2026-09-28,2,30,86,612.9,4.233333333333333,12,0.6511627906976745,0,1,2,3,123,At-Risk,0.53
U1214,2026-09-14,Hyderabad,Pro,1481,esparzajessica@example.net,2026-09-30,0,32,93,490.99999999999994,5.033333333333333,14,0.6559139784946236,0,3,2,4,324,At-Risk,0.53
U1215,2024-10-23,Bangalore,Basic,525,zmendoza@example.net,2026-09-30,0,70,69,1238.3999999999999,6.266666666666667,12,-0.014492753623188406,0,3,3,3,333,Loyal,0.2
U1216,2026-05-21,Hyderabad,Basic,518,fsimpson@example.net,2026-09-28,2,15,70,244.0,2.566666666666667,13,0.7857142857142857,0,1,1,3,113,At-Risk,0.6
U1217,2026-04-01,Hyderabad,Basic,547,idodson@example.com,2026-09-27,3,17,67,273.1,2.533333333333333,9,0.746268656716418,0,1,1,3,113,At-Risk,0.58
U1218,2025-05-02,Bangalore,Basic,538,smithelizabeth@example.org,2026-09-30,0,50,73,790.7,6.966666666666667,15,0.3150684931506849,0,3,2,3,323,At-Risk,0.36
U1219,2026-02-24,Hyderabad,Basic,459,braysteven@example.org,2026-08-09,52,0,17,0.0,0.0,8,1.0,1,1,1,1,111,At-Risk,0.87
U1220,2026-06-29,Mumbai,Basic,467,xlopez@example.net,2026-08-16,45,0,40,0.0,0.0,13,1.0,1,1,1,1,111,At-Risk,0.85
U1221,2025-09-02,UK-London,Basic,530,daltonchad@example.net,2026-09-30,0,75,79,1233.3,6.866666666666666,10,0.05063291139240506,0,3,4,3,343,Loyal,0.23
U1222,2025-05-30,Hyderabad,Enterprise,4977,phillipskaren@example.net,2026-09-29,1,39,136,722.5,5.2,8,0.7132352941176471,0,2,2,5,225,At-Risk,0.56
U1223,2026-08-20,Mumbai,Enterprise,4965,kristinmiller@example.com,2026-09-30,0,151,164,2590.4000000000005,6.1,10,0.07926829268292683,0,3,5,5,355,Loyal,0.24
U1224,2026-03-20,US-East,Enterprise,5028,robertsonrenee@example.com,2026-09-30,0,155,142,2576.1,6.166666666666667,6,-0.09154929577464789,0,3,5,5,355,Loyal,0.2
U1225,2026-07-09,US-East,Enterprise,4956,reyessteven@example.org,2026-09-30,0,148,154,2467.2999999999997,10.2,17,0.03896103896103896,0,3,5,5,355,Loyal,0.22
U1226,2025-06-22,Hyderabad,Pro,1542,deborahbush@example.net,2026-09-30,0,34,98,586.6,4.6,12,0.6530612244897959,0,3,2,5,325,At-Risk,0.53
U1227,2026-02-28,Delhi,Pro,1507,devonrogers@example.net,2026-08-26,35,0,80,0.0,0.0,6,1.0,1,1,1,4,114,At-Risk,0.82
U1228,2024-12-20,Mumbai,Enterprise,5034,wmclaughlin@example.net,2026-08-21,40,0,90,0.0,0.0,11,1.0,1,1,1,5,115,At-Risk,0.83
U1229,2026-06-26,Hyderabad,Pro,1457,karenhodges@example.com,2026-09-30,0,102,112,1531.6000000000001,7.233333333333333,10,0.08928571428571429,0,3,5,4,354,Loyal,0.24
U1230,2025-06-13,Hyderabad,Pro,1549,wesley64@example.org,2026-09-30,0,116,88,1642.4999999999998,8.0,14,-0.3181818181818182,0,3,5,5,355,Loyal,0.2
U1231,2024-11-14,Hyderabad,Basic,490,shaun88@example.org,2026-09-30,0,80,77,1209.3999999999999,6.9,13,-0.03896103896103896,0,3,4,2,342,Loyal,0.2
U1232,2025-09-07,US-East,Pro,1536,shannon51@example.org,2026-09-30,0,128,119,1923.9,6.666666666666667,8,-0.07563025210084033,0,3,5,5,355,Loyal,0.2
U1233,2026-07-12,Mumbai,Pro,1503,zmiller@example.org,2026-09-30,0,31,118,491.1,3.8333333333333335,16,0.7372881355932204,0,3,2,4,324,At-Risk,0.57
U1234,2025-04-27,Bangalore,Pro,1470,rodriguezjoshua@example.net,2026-09-30,0,31,106,521.1,4.533333333333333,18,0.7075471698113207,0,3,2,4,324,At-Risk,0.55
U1235,2025-01-15,Delhi,Basic,541,nancymeyer@example.net,2026-09-30,0,52,74,835.1,6.433333333333334,8,0.2972972972972973,0,3,2,3,323,At-Risk,0.35
U1236,2024-10-15,US-East,Basic,493,imontes@example.org,2026-09-30,0,24,67,382.0,4.166666666666667,13,0.6417910447761194,0,3,2,2,322,At-Risk,0.52
U1237,2025-09-09,Delhi,Basic,502,pwallace@example.org,2026-09-30,0,72,71,1157.9,7.466666666666667,13,-0.014084507042253521,0,3,4,2,342,Loyal,0.2
U1238,2025-04-29,Bangalore,Basic,482,johnsonlaurie@example.net,2026-09-30,0,89,62,1511.3000000000002,8.7,10,-0.43548387096774194,0,3,4,1,341,Loyal,0.2
U1239,2026-01-12,Delhi,Enterprise,5041,plane@example.net,2026-09-30,0,38,147,565.1999999999999,4.333333333333333,11,0.7414965986394558,0,3,2,5,325,At-Risk,0.57
U1240,2026-04-26,Bangalore,Basic,532,swatkins@example.net,2026-09-30,0,65,72,950.9999999999999,5.8,14,0.09722222222222222,0,3,3,3,333,Loyal,0.25
U1241,2026-06-05,UK-London,Basic,483,kellis@example.org,2026-08-10,51,0,11,0.0,0.0,11,1.0,1,1,1,2,112,At-Risk,0.87
U1242,2026-07-16,Bangalore,Basic,538,george43@example.com,2026-09-28,2,19,82,300.9,4.333333333333333,11,0.7682926829268293,0,1,1,3,113,At-Risk,0.59
U1243,2025-06-27,Mumbai,Basic,493,kayla02@example.com,2026-09-28,2,21,70,379.19999999999993,3.3666666666666667,8,0.7,0,1,2,2,122,At-Risk,0.56
U1244,2025-04-24,Hyderabad,Basic,501,christinemartin@example.net,2026-09-30,0,59,68,896.4,7.333333333333333,7,0.1323529411764706,0,3,3,2,332,Loyal,0.27
U1245,2025-04-25,Hyderabad,Basic,513,maryschwartz@example.net,2026-09-30,0,80,58,1357.9999999999998,5.433333333333334,14,-0.3793103448275862,0,3,4,2,342,Loyal,0.2
U1246,2026-05-01,Mumbai,Basic,474,johnwilliams@example.com,2026-09-30,0,62,70,1026.2,6.933333333333334,10,0.11428571428571428,0,3,3,1,331,Loyal,0.26
U1247,2025-11-22,Hyderabad,Enterprise,5035,lgreen@example.org,2026-08-21,40,0,114,0.0,0.0,9,1.0,1,1,1,5,115,At-Risk,0.83
U1248,2025-11-13,Bangalore,Basic,489,wadetiffany@example.org,2026-09-30,0,71,85,1061.2,6.166666666666667,6,0.16470588235294117,0,3,3,2,332,Loyal,0.28
U1249,2025-06-28,Mumbai,Basic,513,amandamartinez@example.org,2026-09-30,0,52,63,836.5999999999999,4.733333333333333,9,0.1746031746031746,0,3,2,2,322,At-Risk,0.29
U1250,2025-07-21,Mumbai,Basic,489,dmack@example.com,2026-09-30,0,56,52,1012.9000000000002,6.8,15,-0.07692307692307693,0,3,2,2,322,At-Risk,0.2
U1251,2025-01-20,US-East,Enterprise,4959,deborah47@example.com,2026-09-30,0,151,154,2631.0,6.6,6,0.01948051948051948,0,3,5,5,355,Loyal,0.21
U1252,2026-09-06,US-East,Basic,547,laurenchandler@example.com,2026-08-09,52,0,25,0.0,0.0,15,1.0,1,1,1,3,113,At-Risk,0.87
U1253,2025-06-03,Bangalore,Basic,467,dennisrachel@example.org,2026-09-30,0,21,53,290.2,1.5666666666666667,12,0.6037735849056604,0,3,2,1,321,At-Risk,0.5
U1254,2026-02-05,Mumbai,Basic,488,parkerrichard@example.org,2026-09-30,0,72,62,1166.1,6.066666666666666,13,-0.16129032258064516,0,3,4,2,342,Loyal,0.2
U1255,2025-08-20,UK-London,Basic,452,nguyencathy@example.org,2026-08-20,41,0,47,0.0,0.0,10,1.0,1,1,1,1,111,At-Risk,0.84
U1256,2025-11-28,Hyderabad,Pro,1463,kimberlywang@example.org,2026-09-30,0,117,135,2026.8,5.566666666666666,14,0.13333333333333333,0,3,5,4,354,Loyal,0.27
U1257,2024-10-15,US-East,Basic,541,frhodes@example.net,2026-09-30,0,64,68,941.2,6.266666666666667,10,0.058823529411764705,0,3,3,3,333,Loyal,0.23
U1258,2025-07-13,Bangalore,Basic,494,mstewart@example.net,2026-08-05,56,0,7,0.0,0.0,14,1.0,1,1,1,2,112,At-Risk,0.89
U1259,2026-08-18,Delhi,Basic,539,raymond65@example.com,2026-09-30,0,86,68,1449.8,6.666666666666667,16,-0.2647058823529412,0,3,4,3,343,Loyal,0.2
U1260,2025-06-28,Bangalore,Basic,485,michael47@example.net,2026-09-29,1,18,65,323.9,4.0,16,0.7230769230769231,0,2,1,2,212,At-Risk,0.56
U1261,2024-12-01,Bangalore,Basic,488,afigueroa@example.com,2026-09-30,0,55,82,837.8,5.4,7,0.32926829268292684,0,3,2,2,322,At-Risk,0.36
U1262,2025-04-27,Hyderabad,Basic,546,achandler@example.org,2026-09-30,0,66,67,1126.1,6.533333333333333,14,0.014925373134328358,0,3,3,3,333,Loyal,0.21
U1263,2026-05-31,Mumbai,Pro,1452,thomaskevin@example.net,2026-09-29,1,99,119,1501.7,6.333333333333333,11,0.16806722689075632,0,2,4,4,244,At-Risk,0.29
U1264,2026-09-19,Delhi,Basic,497,fitzpatrickbrittany@example.com,2026-09-29,1,66,69,1007.3000000000001,5.3,9,0.043478260869565216,0,2,3,2,232,At-Risk,0.23
U1265,2024-12-02,Hyderabad,Basic,471,rfowler@example.com,2026-08-05,56,0,12,0.0,0.0,9,1.0,1,1,1,1,111,At-Risk,0.89
U1266,2025-02-03,UK-London,Enterprise,5001,wpage@example.org,2026-09-30,0,147,143,2634.1,6.466666666666667,16,-0.027972027972027972,0,3,5,5,355,Loyal,0.2
U1267,2025-02-21,Delhi,Pro,1508,froberts@example.org,2026-09-30,0,38,112,613.6999999999999,5.666666666666667,11,0.6607142857142857,0,3,2,4,324,At-Risk,0.53
U1268,2026-05-22,US-East,Basic,505,mary47@example.net,2026-09-27,3,23,69,439.9,3.8,10,0.6666666666666666,0,1,2,2,122,At-Risk,0.54
U1269,2026-03-23,UK-London,Enterprise,5033,anthonysmith@example.com,2026-09-30,0,179,142,2763.7000000000003,7.533333333333333,7,-0.2605633802816901,0,3,5,5,355,Loyal,0.2
U1270,2025-05-06,Bangalore,Basic,499,qmartinez@example.com,2026-09-30,0,71,41,1163.6999999999998,7.366666666666666,11,-0.7317073170731707,0,3,3,2,332,Loyal,0.2
U1271,2025-07-30,Hyderabad,Basic,540,pknox@example.org,2026-09-30,0,79,68,1329.7000000000003,8.333333333333334,13,-0.16176470588235295,0,3,4,3,343,Loyal,0.2
U1272,2024-10-19,Bangalore,Basic,484,trevor19@example.net,2026-09-30,0,67,69,1152.4,5.533333333333333,15,0.028985507246376812,0,3,3,2,332,Loyal,0.21
U1273,2025-06-20,US-East,Pro,1461,qcunningham@example.net,2026-08-05,56,0,14,0.0,0.0,11,1.0,1,1,1,4,114,At-Risk,0.89
U1274,2026-02-11,Mumbai,Basic,478,brooksjessica@example.org,2026-09-30,0,67,88,1015.8,6.033333333333333,15,0.23863636363636365,0,3,3,1,331,Loyal,0.32
U1275,2026-06-08,Delhi,Basic,475,bonniethomas@example.com,2026-09-30,0,26,71,387.40000000000003,4.433333333333334,10,0.6338028169014085,0,3,2,1,321,At-Risk,0.52
U1276,2026-07-02,Delhi,Basic,495,michaelbrown@example.com,2026-09-30,0,56,60,874.3000000000001,6.533333333333333,16,0.06666666666666667,0,3,2,2,322,At-Risk,0.23
U1277,2025-08-01,UK-London,Pro,1533,brandon48@example.net,2026-09-30,0,100,90,1711.2000000000003,8.0,9,-0.1111111111111111,0,3,4,5,345,Loyal,0.2
U1278,2026-08-13,Delhi,Basic,464,katiewhite@example.org,2026-09-30,0,67,59,952.0999999999999,4.9,10,-0.13559322033898305,0,3,3,1,331,Loyal,0.2
U1279,2025-12-10,Mumbai,Basic,522,amybrennan@example.net,2026-09-30,0,99,77,1484.9000000000003,7.033333333333333,14,-0.2857142857142857,0,3,4,3,343,Loyal,0.2
U1280,2026-05-05,Mumbai,Basic,457,gina51@example.net,2026-09-29,1,53,72,879.4,6.266666666666667,14,0.2638888888888889,0,2,2,1,221,At-Risk,0.34
U1281,2025-11-26,Mumbai,Basic,534,alexanderholmes@example.com,2026-09-30,0,23,88,429.9,3.8333333333333335,10,0.7386363636363636,0,3,2,3,323,At-Risk,0.57
U1282,2026-04-20,Hyderabad,Basic,496,kpeterson@example.org,2026-09-30,0,64,72,1059.6,6.9,15,0.1111111111111111,0,3,3,2,332,Loyal,0.26
U1283,2025-03-07,Delhi,Basic,469,mariepope@example.net,2026-09-28,2,15,72,261.8,2.466666666666667,8,0.7916666666666666,0,1,1,1,111,At-Risk,0.6
U1284,2025-12-20,Delhi,Basic,513,butlersabrina@example.org,2026-09-30,0,76,58,1298.8999999999999,7.633333333333334,5,-0.3103448275862069,0,3,4,2,342,Loyal,0.2
U1285,2026-05-19,Bangalore,Pro,1484,mendozalarry@example.com,2026-09-29,1,95,126,1590.0,6.0,13,0.24603174603174602,0,2,4,4,244,At-Risk,0.33
U1286,2025-01-08,Mumbai,Enterprise,4963,mpreston@example.net,2026-09-29,1,145,133,2658.2000000000007,5.6,5,-0.09022556390977443,0,2,5,5,255,At-Risk,0.2
U1287,2026-04-09,Bangalore,Pro,1518,gerald40@example.net,2026-09-30,0,121,105,1826.1000000000001,7.0,9,-0.1523809523809524,0,3,5,5,355,Loyal,0.2
U1288,2026-05-16,Mumbai,Enterprise,4987,davidbenson@example.net,2026-08-11,50,0,55,0.0,0.0,21,1.0,1,1,1,5,115,At-Risk,0.87
U1289,2025-03-13,Delhi,Pro,1529,jasonzavala@example.com,2026-09-28,2,41,94,675.1000000000001,3.8666666666666667,16,0.5638297872340425,0,1,2,5,125,At-Risk,0.49
U1290,2026-02-15,Delhi,Basic,541,joneskim@example.com,2026-09-30,0,73,67,1200.1,5.966666666666667,13,-0.08955223880597014,0,3,4,3,343,Loyal,0.2
U1291,2024-10-30,UK-London,Basic,454,johnsondonna@example.net,2026-09-30,0,77,78,1257.6,7.033333333333333,8,0.01282051282051282,0,3,4,1,341,Loyal,0.21
U1292,2024-11-11,US-East,Pro,1451,kerrbradley@example.com,2026-09-30,0,102,90,1668.1,6.766666666666667,16,-0.13333333333333333,0,3,5,4,354,Loyal,0.2
U1293,2026-01-29,Delhi,Basic,524,pattonsamantha@example.org,2026-08-09,52,0,25,0.0,0.0,8,1.0,1,1,1,3,113,At-Risk,0.87
U1294,2025-12-01,US-East,Pro,1503,jackbell@example.org,2026-09-30,0,115,115,1822.0,7.233333333333333,3,0.0,0,3,5,4,354,Loyal,0.12
U1295,2025-01-13,Delhi,Basic,515,stacy55@example.org,2026-09-30,0,73,67,1302.0000000000002,6.633333333333334,9,-0.08955223880597014,0,3,4,2,342,Loyal,0.2
U1296,2026-06-15,Hyderabad,Basic,480,williamjones@example.net,2026-09-30,0,79,70,1342.5,7.0,9,-0.12857142857142856,0,3,4,1,341,Loyal,0.2
U1297,2026-04-09,Hyderabad,Basic,466,jenniferbrandt@example.org,2026-09-30,0,73,75,1259.7000000000003,6.366666666666666,12,0.02666666666666667,0,3,4,1,341,Loyal,0.21
U1298,2026-07-19,Bangalore,Basic,483,beltrancorey@example.org,2026-09-30,0,86,82,1340.9,6.4,10,-0.04878048780487805,0,3,4,2,342,Loyal,0.2
U1299,2026-08-01,Mumbai,Basic,481,lrichardson@example.org,2026-08-08,53,0,17,0.0,0.0,10,1.0,1,1,1,1,111,At-Risk,0.88
U1300,2025-08-15,US-East,Enterprise,4952,whitemichael@example.com,2026-09-30,0,171,144,2955.9,7.233333333333333,19,-0.1875,0,3,5,5,355,Loyal,0.2
U1301,2025-08-04,US-East,Basic,531,rickjuarez@example.com,2026-09-30,0,60,69,975.8000000000002,7.9,14,0.13043478260869565,0,3,3,3,333,Loyal,0.27
U1302,2024-12-28,Delhi,Pro,1497,stonetyler@example.com,2026-09-30,0,136,101,2075.9,7.866666666666666,10,-0.3465346534653465,0,3,5,4,354,Loyal,0.2
U1303,2026-02-25,US-East,Basic,513,millertristan@example.com,2026-09-30,0,71,73,1240.3999999999999,3.966666666666667,13,0.0273972602739726,0,3,3,2,332,Loyal,0.21
U1304,2025-04-24,UK-London,Basic,461,gloria73@example.net,2026-09-30,0,69,57,1204.8999999999999,5.5,19,-0.21052631578947367,0,3,3,1,331,Loyal,0.2
U1305,2025-07-23,UK-London,Enterprise,5047,elopez@example.com,2026-08-04,57,0,12,35.4,0.0,17,1.0,1,1,1,5,115,At-Risk,0.89
U1306,2026-08-15,Bangalore,Enterprise,4991,harry71@example.com,2026-09-29,1,138,154,2295.5999999999995,6.8,9,0.1038961038961039,0,2,5,5,255,At-Risk,0.26
U1307,2025-08-14,Hyderabad,Pro,1543,wilsonralph@example.net,2026-09-30,0,105,84,1855.9999999999998,6.033333333333333,15,-0.25,0,3,5,5,355,Loyal,0.2
U1308,2025-12-04,Mumbai,Basic,470,figueroapatricia@example.org,2026-09-30,0,70,67,1182.6000000000001,6.0,6,-0.04477611940298507,0,3,3,1,331,Loyal,0.2
U1309,2024-11-15,US-East,Pro,1520,matthewlarson@example.com,2026-08-07,54,0,28,0.0,0.0,16,1.0,1,1,1,5,115,At-Risk,0.88
U1310,2024-12-27,Bangalore,Basic,464,rhardy@example.net,2026-09-30,0,68,69,1160.3999999999999,6.733333333333333,10,0.014492753623188406,0,3,3,1,331,Loyal,0.21
U1311,2026-04-11,Bangalore,Enterprise,5030,katelyn65@example.com,2026-09-30,0,145,133,2228.7999999999997,5.4,7,-0.09022556390977443,0,3,5,5,355,Loyal,0.2
U1312,2026-01-28,Hyderabad,Basic,545,garcher@example.com,2026-08-22,39,0,51,0.0,0.0,17,1.0,1,1,1,3,113,At-Risk,0.83
U1313,2025-01-14,UK-London,Basic,501,qrodriguez@example.com,2026-09-30,0,73,59,1219.9999999999998,6.233333333333333,18,-0.23728813559322035,0,3,4,2,342,Loyal,0.2
U1314,2025-09-27,Bangalore,Basic,460,anthonyrojas@example.org,2026-08-01,60,0,0,0.0,0.0,9,0.0,1,1,1,1,111,At-Risk,0.4
U1315,2025-09-27,Delhi,Pro,1453,stantonpatrick@example.net,2026-08-17,44,0,46,0.0,0.0,10,1.0,1,1,1,4,114,At-Risk,0.85
U1316,2025-05-25,UK-London,Pro,1517,christy11@example.net,2026-09-29,1,97,118,1847.0,6.8,13,0.17796610169491525,0,2,4,5,245,At-Risk,0.29
U1317,2026-03-31,Bangalore,Basic,481,msparks@example.com,2026-08-12,49,0,28,35.4,0.0,12,1.0,1,1,1,1,111,At-Risk,0.86
U1318,2026-01-25,Delhi,Basic,467,iwagner@example.com,2026-09-30,0,74,69,1244.4,6.133333333333334,10,-0.07246376811594203,0,3,4,1,341,Loyal,0.2
U1319,2026-05-12,Bangalore,Pro,1514,cisnerosanthony@example.com,2026-08-05,56,0,21,0.0,0.0,9,1.0,1,1,1,5,115,At-Risk,0.89
U1320,2026-07-03,Hyderabad,Basic,481,reyesleonard@example.com,2026-09-30,0,72,81,1246.1000000000001,6.566666666666666,20,0.1111111111111111,0,3,4,1,341,Loyal,0.26
U1321,2025-08-18,UK-London,Pro,1455,johnsonangela@example.com,2026-09-30,0,37,114,647.4,5.1,11,0.6754385964912281,0,3,2,4,324,At-Risk,0.54
U1322,2026-07-06,UK-London,Pro,1535,travistaylor@example.net,2026-09-30,0,117,108,1927.4999999999998,6.466666666666667,17,-0.08333333333333333,0,3,5,5,355,Loyal,0.2
U1323,2025-07-10,UK-London,Basic,541,carrolltracy@example.net,2026-08-07,54,0,10,0.0,0.0,15,1.0,1,1,1,3,113,At-Risk,0.88
U1324,2026-02-11,US-East,Basic,472,kalvarez@example.net,2026-09-30,0,72,66,1094.8999999999999,6.666666666666667,22,-0.09090909090909091,0,3,4,1,341,Loyal,0.2
U1325,2024-11-08,Mumbai,Basic,505,troy69@example.net,2026-09-30,0,58,69,1018.2,5.033333333333333,17,0.15942028985507245,0,3,2,2,322,At-Risk,0.28
U1326,2025-06-13,UK-London,Basic,477,luke09@example.org,2026-09-30,0,18,75,297.59999999999997,3.566666666666667,7,0.76,0,3,1,1,311,At-Risk,0.58
U1327,2024-12-31,Mumbai,Enterprise,4954,michael90@example.net,2026-09-30,0,180,171,3035.7000000000003,6.5,15,-0.05263157894736842,0,3,5,5,355,Loyal,0.2
U1328,2025-06-05,Hyderabad,Basic,510,pattersonvictoria@example.com,2026-09-30,0,61,60,1030.8000000000002,5.133333333333334,11,-0.016666666666666666,0,3,3,2,332,Loyal,0.2
U1329,2025-06-12,Mumbai,Basic,538,johnwong@example.net,2026-09-30,0,21,72,310.4,4.566666666666666,13,0.7083333333333334,0,3,2,3,323,At-Risk,0.55
U1330,2024-11-30,Delhi,Basic,539,meltondanny@example.org,2026-08-17,44,0,38,0.0,0.0,18,1.0,1,1,1,3,113,At-Risk,0.85
U1331,2024-10-13,Bangalore,Basic,451,benjamin69@example.net,2026-09-24,6,15,74,294.5,2.8333333333333335,14,0.7972972972972973,0,1,1,1,111,At-Risk,0.62
U1332,2026-07-19,Delhi,Basic,483,andrew79@example.org,2026-09-30,0,56,85,914.6999999999999,3.5,5,0.3411764705882353,0,3,2,2,322,At-Risk,0.37
U1333,2026-09-18,Hyderabad,Basic,472,uhudson@example.net,2026-09-30,0,65,67,1006.1999999999998,5.933333333333334,15,0.029850746268656716,0,3,3,1,331,Loyal,0.21
U1334,2024-12-09,UK-London,Pro,1474,rgarcia@example.org,2026-09-30,0,37,98,590.7,5.233333333333333,7,0.6224489795918368,0,3,2,4,324,At-Risk,0.51
U1335,2025-06-01,Bangalore,Pro,1477,garrett45@example.com,2026-09-30,0,132,110,1911.0,6.866666666666666,8,-0.2,0,3,5,4,354,Loyal,0.2
U1336,2025-02-23,Hyderabad,Enterprise,5039,pittmanamanda@example.com,2026-09-30,0,168,121,2564.9999999999995,6.8,5,-0.3884297520661157,0,3,5,5,355,Loyal,0.2
U1337,2025-04-10,Hyderabad,Basic,467,wendy63@example.net,2026-09-30,0,74,67,1105.4999999999998,5.333333333333333,13,-0.1044776119402985,0,3,4,1,341,Loyal,0.2
U1338,2026-03-25,Mumbai,Pro,1478,robbinsbelinda@example.net,2026-09-30,0,96,100,1803.6999999999998,6.066666666666666,8,0.04,0,3,4,4,344,Loyal,0.22
U1339,2025-06-01,UK-London,Pro,1515,knightamanda@example.com,2026-09-29,1,110,103,1906.6,7.4,8,-0.06796116504854369,0,2,5,5,255,At-Risk,0.2
U1340,2025-03-01,Bangalore,Basic,458,pearsonkevin@example.com,2026-08-07,54,0,16,0.0,0.0,10,1.0,1,1,1,1,111,At-Risk,0.88
U1341,2025-08-11,UK-London,Basic,507,james64@example.net,2026-09-30,0,71,69,1312.8000000000002,6.733333333333333,8,-0.028985507246376812,0,3,3,2,332,Loyal,0.2
U1342,2025-10-10,Hyderabad,Basic,450,nicoleburton@example.net,2026-09-30,0,77,67,1190.1999999999998,5.3,9,-0.14925373134328357,0,3,4,1,341,Loyal,0.2
U1343,2026-06-20,Delhi,Pro,1531,vlewis@example.com,2026-08-14,47,0,49,0.0,0.0,4,1.0,1,1,1,5,115,At-Risk,0.82
U1344,2025-04-12,Mumbai,Basic,501,umichael@example.net,2026-08-06,55,0,9,0.0,0.0,12,1.0,1,1,1,2,112,At-Risk,0.88
U1345,2024-11-11,UK-London,Enterprise,4999,michaelhernandez@example.org,2026-09-30,0,148,143,2493.6,5.2,7,-0.03496503496503497,0,3,5,5,355,Loyal,0.2
U1346,2026-03-27,Bangalore,Pro,1470,megan65@example.org,2026-09-29,1,26,99,438.99999999999994,2.933333333333333,11,0.7373737373737373,0,2,2,4,224,At-Risk,0.57
U1347,2026-01-04,UK-London,Pro,1473,sadams@example.net,2026-09-30,0,115,98,1754.6000000000001,7.5,3,-0.17346938775510204,0,3,5,4,354,Loyal,0.12
U1348,2025-01-24,Delhi,Basic,493,richardwilson@example.org,2026-08-12,49,0,29,0.0,0.0,6,1.0,1,1,1,2,112,At-Risk,0.86
U1349,2024-10-19,Delhi,Basic,457,steven86@example.com,2026-09-30,0,70,54,1266.0000000000002,7.733333333333333,6,-0.2962962962962963,0,3,3,1,331,Loyal,0.2
U1350,2026-01-14,Delhi,Basic,458,harrisjoseph@example.org,2026-09-30,0,63,66,1015.5999999999999,8.0,12,0.045454545454545456,0,3,3,1,331,Loyal,0.22
U1351,2025-04-05,US-East,Basic,494,donna20@example.net,2026-09-30,0,58,76,945.6000000000003,4.866666666666666,8,0.23684210526315788,0,3,2,2,322,At-Risk,0.32
U1352,2025-09-18,UK-London,Basic,496,brownpeggy@example.com,2026-09-30,0,68,55,1045.3,8.1,10,-0.23636363636363636,0,3,3,2,332,Loyal,0.2
U1353,2025-12-12,Mumbai,Pro,1475,lesterrichard@example.com,2026-09-30,0,49,111,708.1,5.933333333333334,18,0.5585585585585585,0,3,2,4,324,At-Risk,0.48
U1354,2026-02-01,Bangalore,Basic,533,sandersmary@example.org,2026-09-30,0,73,78,1270.2,5.766666666666667,11,0.0641025641025641,0,3,4,3,343,Loyal,0.23
U1355,2025-03-20,Hyderabad,Enterprise,4963,boydmaria@example.net,2026-08-02,59,0,4,0.0,0.0,14,1.0,1,1,1,5,115,At-Risk,0.9
U1356,2025-03-31,Bangalore,Pro,1521,youngdavid@example.com,2026-09-30,0,105,103,1905.2,5.866666666666666,14,-0.019417475728155338,0,3,5,5,355,Loyal,0.2
U1357,2025-05-27,Bangalore,Basic,540,vshaffer@example.org,2026-08-14,47,0,37,0.0,0.0,5,1.0,1,1,1,3,113,At-Risk,0.86
U1358,2026-08-12,Delhi,Pro,1489,drewthompson@example.com,2026-09-30,0,37,126,718.4,5.433333333333334,13,0.7063492063492064,0,3,2,4,324,At-Risk,0.55
U1359,2025-08-15,Hyderabad,Basic,488,michelle07@example.net,2026-09-30,0,66,66,1196.6000000000001,6.6,8,0.0,0,3,3,2,332,Loyal,0.2
U1360,2025-06-29,US-East,Pro,1471,stewartrodney@example.net,2026-09-30,0,29,133,499.1,5.0,12,0.7819548872180451,0,3,2,4,324,At-Risk,0.59
U1361,2025-03-27,Hyderabad,Basic,495,natasha25@example.com,2026-09-29,1,69,85,1238.5,5.433333333333334,14,0.18823529411764706,0,2,3,2,232,At-Risk,0.3
U1362,2026-03-05,Delhi,Basic,517,andrew90@example.net,2026-09-29,1,65,63,1007.2,6.3,13,-0.031746031746031744,0,2,3,3,233,At-Risk,0.2
U1363,2026-01-25,Mumbai,Basic,488,vazquezkristina@example.org,2026-09-29,1,28,77,486.7,4.0,8,0.6363636363636364,0,2,2,2,222,At-Risk,0.52
U1364,2025-04-01,Mumbai,Basic,515,sparker@example.com,2026-09-27,3,22,56,390.3,4.6,14,0.6071428571428571,0,1,2,2,122,At-Risk,0.51
U1365,2026-07-20,Delhi,Basic,523,nicholsjoel@example.com,2026-09-30,0,68,59,981.8,6.366666666666666,8,-0.15254237288135594,0,3,3,3,333,Loyal,0.2
U1366,2025-07-09,UK-London,Basic,496,qpennington@example.com,2026-09-30,0,84,65,1477.8,5.5,14,-0.2923076923076923,0,3,4,2,342,Loyal,0.2
U1367,2024-12-03,Mumbai,Basic,486,kennethvillarreal@example.org,2026-09-29,1,17,77,273.3,3.9,6,0.7792207792207793,0,2,1,2,212,At-Risk,0.59
U1368,2026-07-29,Hyderabad,Basic,507,natasha60@example.com,2026-09-30,0,78,93,1313.6,6.666666666666667,12,0.16129032258064516,0,3,4,2,342,Loyal,0.28
U1369,2026-06-23,UK-London,Basic,451,aruiz@example.com,2026-09-30,0,94,63,1599.3,6.466666666666667,12,-0.49206349206349204,0,3,4,1,341,Loyal,0.2
U1370,2026-03-06,Delhi,Pro,1539,hollowayholly@example.net,2026-09-30,0,129,109,2019.7,6.2,7,-0.1834862385321101,0,3,5,5,355,Loyal,0.2
U1371,2024-11-16,Bangalore,Basic,529,jguzman@example.net,2026-09-29,1,18,60,241.79999999999998,3.5,17,0.7,0,2,1,3,213,At-Risk,0.55
U1372,2025-05-25,UK-London,Enterprise,5037,gilldanielle@example.org,2026-08-08,53,0,55,0.0,0.0,8,1.0,1,1,1,5,115,At-Risk,0.88
U1373,2026-01-02,Hyderabad,Basic,476,aarongonzalez@example.com,2026-09-29,1,81,82,1377.6999999999998,6.4,6,0.012195121951219513,0,2,4,1,241,At-Risk,0.21
U1374,2025-05-16,US-East,Enterprise,4957,rodriguezjohn@example.net,2026-08-20,41,0,113,0.0,0.0,18,1.0,1,1,1,5,115,At-Risk,0.84
U1375,2026-09-06,Bangalore,Basic,533,melaniejennings@example.com,2026-09-30,0,75,62,1368.1000000000001,6.266666666666667,11,-0.20967741935483872,0,3,4,3,343,Loyal,0.2
U1376,2025-08-24,Mumbai,Basic,508,jorgemcdaniel@example.com,2026-09-29,1,53,65,858.1000000000001,5.133333333333334,3,0.18461538461538463,0,2,2,2,222,At-Risk,0.22
U1377,2026-05-05,Hyderabad,Pro,1485,christopherrichardson@example.com,2026-09-30,0,100,123,1761.9,7.833333333333333,13,0.18699186991869918,0,3,4,4,344,Loyal,0.29
U1378,2026-06-30,Mumbai,Pro,1546,andrewjohnson@example.net,2026-09-30,0,101,114,1604.5,6.9,5,0.11403508771929824,0,3,4,5,345,Loyal,0.26
U1379,2026-01-14,Bangalore,Basic,506,rebeccamccann@example.org,2026-09-29,1,19,71,345.80000000000007,3.2,10,0.7323943661971831,0,2,1,2,212,At-Risk,0.57
U1380,2025-04-08,Hyderabad,Basic,534,brandonwilliamson@example.net,2026-09-30,0,83,64,1211.8,6.633333333333334,8,-0.296875,0,3,4,3,343,Loyal,0.2
U1381,2025-04-06,US-East,Basic,502,rubiogeorge@example.net,2026-09-30,0,19,58,324.2,3.6333333333333333,8,0.6724137931034483,0,3,1,2,312,At-Risk,0.54
U1382,2024-12-23,Hyderabad,Basic,527,dayala@example.net,2026-08-01,60,0,0,0.0,0.0,19,0.0,1,1,1,3,113,At-Risk,0.4
U1383,2025-09-24,Bangalore,Basic,526,jenniferlee@example.com,2026-09-30,0,71,73,1198.2,7.033333333333333,13,0.0273972602739726,0,3,3,3,333,Loyal,0.21
U1384,2025-04-27,Delhi,Basic,449,breyes@example.org,2026-09-26,4,20,71,313.8,2.966666666666667,12,0.7183098591549296,0,1,2,1,121,At-Risk,0.57
U1385,2025-12-11,US-East,Enterprise,4977,jessica36@example.org,2026-09-30,0,160,139,2637.8000000000006,7.733333333333333,11,-0.1510791366906475,0,3,5,5,355,Loyal,0.2
U1386,2025-07-24,Mumbai,Basic,540,anthonycherry@example.org,2026-09-30,0,87,83,1574.2,8.1,13,-0.04819277108433735,0,3,4,3,343,Loyal,0.2
U1387,2025-12-23,Bangalore,Pro,1495,mikesutton@example.com,2026-08-21,40,0,73,0.0,0.0,13,1.0,1,1,1,4,114,At-Risk,0.83
U1388,2024-11-30,Bangalore,Pro,1516,uanderson@example.net,2026-09-30,0,29,115,471.7,4.366666666666666,12,0.7478260869565218,0,3,2,5,325,At-Risk,0.57
U1389,2025-07-16,Hyderabad,Basic,460,jennifererickson@example.net,2026-09-30,0,18,68,327.20000000000005,2.8666666666666667,9,0.7352941176470589,0,3,1,1,311,At-Risk,0.57
U1390,2025-12-08,Mumbai,Basic,471,davisbrian@example.com,2026-09-30,0,54,62,953.5999999999999,6.233333333333333,11,0.12903225806451613,0,3,2,1,321,At-Risk,0.26
U1391,2026-08-09,US-East,Basic,511,modonnell@example.net,2026-09-30,0,72,80,1185.3000000000002,5.966666666666667,12,0.1,0,3,4,2,342,Loyal,0.25
U1392,2026-09-05,Delhi,Basic,503,smithwilliam@example.com,2026-09-30,0,63,76,1182.6,7.4,12,0.17105263157894737,0,3,3,2,332,Loyal,0.29
U1393,2025-05-07,US-East,Basic,484,ilambert@example.net,2026-09-29,1,64,85,1173.6000000000001,6.733333333333333,13,0.24705882352941178,0,2,3,2,232,At-Risk,0.33
U1394,2024-10-29,Delhi,Pro,1506,jorgegordon@example.com,2026-09-30,0,102,112,1435.0,7.666666666666667,9,0.08928571428571429,0,3,5,4,354,Loyal,0.24
U1395,2026-07-01,Delhi,Enterprise,5033,christopherpage@example.com,2026-08-10,51,0,45,0.0,0.0,11,1.0,1,1,1,5,115,At-Risk,0.87
U1396,2025-01-10,UK-London,Enterprise,4983,edwardstiffany@example.com,2026-09-30,0,161,138,2812.2000000000003,7.933333333333334,8,-0.16666666666666666,0,3,5,5,355,Loyal,0.2
U1397,2026-06-27,Delhi,Basic,453,julie64@example.com,2026-08-13,48,0,25,0.0,0.0,14,1.0,1,1,1,1,111,At-Risk,0.86
U1398,2025-12-20,Delhi,Pro,1524,zachary62@example.com,2026-09-30,0,111,109,1704.2,6.533333333333333,10,-0.01834862385321101,0,3,5,5,355,Loyal,0.2
U1399,2026-03-20,Bangalore,Pro,1478,jgallagher@example.net,2026-09-28,2,111,104,2065.4,7.433333333333334,14,-0.0673076923076923,0,1,5,4,154,At-Risk,0.21
U1400,2026-06-13,UK-London,Basic,521,jbrown@example.org,2026-09-30,0,22,72,374.5,4.433333333333334,11,0.6944444444444444,0,3,2,3,323,At-Risk,0.55
U1401,2025-03-15,US-East,Basic,535,harrisonfrank@example.com,2026-09-30,0,62,89,1016.9000000000001,5.566666666666666,8,0.30337078651685395,0,3,3,3,333,Loyal,0.35
U1402,2025-08-13,UK-London,Basic,471,wwilliams@example.net,2026-09-30,0,59,75,1075.9,6.166666666666667,17,0.21333333333333335,0,3,3,1,331,Loyal,0.31
U1403,2025-11-12,US-East,Basic,514,uvasquez@example.org,2026-09-30,0,72,71,1272.8,6.866666666666666,11,-0.014084507042253521,0,3,4,2,342,Loyal,0.2
U1404,2024-12-28,Hyderabad,Basic,466,harrisjustin@example.org,2026-09-29,1,73,68,1210.9,5.9,7,-0.07352941176470588,0,2,4,1,241,At-Risk,0.2
U1405,2026-03-30,UK-London,Basic,481,anna93@example.net,2026-09-30,0,50,64,886.0,7.166666666666667,9,0.21875,0,3,2,1,321,At-Risk,0.31
U1406,2026-09-27,UK-London,Basic,480,foxashley@example.com,2026-08-14,47,0,34,0.0,0.0,7,1.0,1,1,1,1,111,At-Risk,0.86
U1407,2026-08-01,UK-London,Pro,1458,kaylarhodes@example.com,2026-09-30,0,94,120,1607.6000000000001,4.566666666666666,15,0.21666666666666667,0,3,4,4,344,Loyal,0.31
U1408,2024-10-17,Bangalore,Pro,1484,longbrittany@example.org,2026-09-30,0,94,108,1556.7,5.833333333333333,5,0.12962962962962962,0,3,4,4,344,Loyal,0.26
U1409,2026-06-01,Mumbai,Basic,476,anthonystevens@example.net,2026-09-30,0,19,75,320.09999999999997,4.566666666666666,11,0.7466666666666667,0,3,1,1,311,At-Risk,0.57
U1410,2026-01-23,UK-London,Basic,467,rfuller@example.net,2026-09-30,0,53,69,909.9,6.4,13,0.2318840579710145,0,3,2,1,321,At-Risk,0.32
U1411,2026-01-22,UK-London,Basic,476,tara97@example.com,2026-09-30,0,57,72,972.0,5.033333333333333,9,0.20833333333333334,0,3,2,1,321,At-Risk,0.3
U1412,2026-08-21,Bangalore,Basic,457,jasonwilliams@example.net,2026-08-02,59,0,2,0.0,0.0,10,1.0,1,1,1,1,111,At-Risk,0.9
U1413,2025-04-23,UK-London,Basic,545,manningamy@example.net,2026-09-30,0,80,77,1151.8999999999999,7.133333333333334,12,-0.03896103896103896,0,3,4,3,343,Loyal,0.2
U1414,2025-07-04,Mumbai,Basic,488,pscott@example.com,2026-09-30,0,19,66,318.6,4.366666666666666,9,0.7121212121212122,0,3,1,2,312,At-Risk,0.56
U1415,2024-12-03,Delhi,Pro,1477,frankchan@example.com,2026-09-30,0,97,106,1587.0000000000002,6.8,13,0.08490566037735849,0,3,4,4,344,Loyal,0.24
U1416,2026-01-14,Bangalore,Basic,461,davidhenry@example.com,2026-09-30,0,14,77,207.4,3.6666666666666665,10,0.8181818181818182,0,3,1,1,311,At-Risk,0.61
U1417,2026-03-20,Mumbai,Pro,1541,rebecca92@example.com,2026-09-30,0,119,109,1951.0999999999997,7.066666666666666,11,-0.09174311926605505,0,3,5,5,355,Loyal,0.2
U1418,2026-01-27,US-East,Basic,496,william77@example.com,2026-09-27,3,15,84,241.7,2.2666666666666666,7,0.8214285714285714,0,1,1,2,112,At-Risk,0.62
U1419,2025-09-11,US-East,Pro,1477,bdavis@example.com,2026-09-30,0,108,134,1897.7999999999997,6.8,17,0.19402985074626866,0,3,5,4,354,Loyal,0.3
U1420,2025-12-21,Mumbai,Basic,465,fmccoy@example.org,2026-09-30,0,32,73,453.40000000000003,5.566666666666666,19,0.5616438356164384,0,3,2,1,321,At-Risk,0.48
U1421,2025-10-08,US-East,Basic,474,prhodes@example.net,2026-09-27,3,17,79,240.39999999999998,3.2666666666666666,15,0.7848101265822784,0,1,1,1,111,At-Risk,0.6
U1422,2026-03-03,Mumbai,Pro,1497,prose@example.net,2026-09-30,0,132,110,2145.7,6.966666666666667,13,-0.2,0,3,5,4,354,Loyal,0.2
U1423,2024-11-29,Delhi,Enterprise,5010,zkim@example.com,2026-09-29,1,164,134,3020.6,7.3,10,-0.22388059701492538,0,2,5,5,255,At-Risk,0.2
U1424,2025-05-06,Delhi,Pro,1451,gabrielleevans@example.org,2026-08-18,43,0,71,0.0,0.0,10,1.0,1,1,1,4,114,At-Risk,0.84
U1425,2025-10-15,US-East,Basic,480,ashley81@example.org,2026-09-30,0,60,69,991.1000000000001,6.933333333333334,7,0.13043478260869565,0,3,3,1,331,Loyal,0.27
U1426,2025-10-08,Delhi,Pro,1502,dgutierrez@example.net,2026-09-30,0,43,115,693.7,5.8,6,0.6260869565217392,0,3,2,4,324,At-Risk,0.51
U1427,2026-03-08,Delhi,Pro,1541,michael91@example.net,2026-08-13,48,0,48,0.0,0.0,19,1.0,1,1,1,5,115,At-Risk,0.86
U1428,2024-10-10,Delhi,Pro,1499,lwhite@example.com,2026-09-30,0,39,100,666.9,5.133333333333334,14,0.61,0,3,2,4,324,At-Risk,0.5
U1429,2024-11-01,UK-London,Basic,477,tmcdowell@example.com,2026-09-29,1,75,63,1317.2,6.966666666666667,9,-0.19047619047619047,0,2,4,1,241,At-Risk,0.2
U1430,2025-12-01,Mumbai,Basic,489,ctodd@example.net,2026-09-29,1,62,76,1111.8,5.166666666666667,12,0.18421052631578946,0,2,3,2,232,At-Risk,0.3
U1431,2026-05-11,Bangalore,Pro,1459,tammy23@example.org,2026-09-30,0,109,109,1870.7999999999997,7.333333333333333,10,0.0,0,3,5,4,354,Loyal,0.2
U1432,2024-11-25,UK-London,Basic,505,monica16@example.net,2026-09-30,0,72,67,1181.1,6.333333333333333,24,-0.07462686567164178,0,3,4,2,342,Loyal,0.2
U1433,2024-10-12,Bangalore,Pro,1496,kwilson@example.net,2026-08-03,58,0,1,0.0,0.0,15,1.0,1,1,1,4,114,At-Risk,0.89
U1434,2025-09-12,UK-London,Basic,454,vmelton@example.net,2026-09-30,0,70,66,971.0,5.2,7,-0.06060606060606061,0,3,3,1,331,Loyal,0.2
U1435,2026-03-12,Delhi,Basic,484,christine95@example.net,2026-09-30,0,73,75,1253.6999999999998,4.433333333333334,10,0.02666666666666667,0,3,4,2,342,Loyal,0.21
U1436,2026-02-02,Hyderabad,Pro,1505,fballard@example.org,2026-08-21,40,0,85,0.0,0.0,10,1.0,1,1,1,4,114,At-Risk,0.83
U1437,2025-01-05,Mumbai,Enterprise,5014,danielsmith@example.org,2026-09-30,0,150,134,2310.499999999999,6.5,18,-0.11940298507462686,0,3,5,5,355,Loyal,0.2
U1438,2026-06-18,UK-London,Basic,527,timothythomas@example.org,2026-09-30,0,74,56,1134.8999999999999,4.8,19,-0.32142857142857145,0,3,4,3,343,Loyal,0.2
U1439,2025-08-13,US-East,Basic,541,christophercarrillo@example.org,2026-09-30,0,68,81,1220.4,6.0,11,0.16049382716049382,0,3,3,3,333,Loyal,0.28
U1440,2025-09-10,Bangalore,Basic,502,wilsonrachel@example.net,2026-08-13,48,0,29,0.0,0.0,7,1.0,1,1,1,2,112,At-Risk,0.86
U1441,2026-02-23,Bangalore,Pro,1503,cruiz@example.net,2026-09-30,0,38,113,672.9999999999999,4.866666666666666,15,0.6637168141592921,0,3,2,4,324,At-Risk,0.53
U1442,2025-03-25,Bangalore,Basic,508,ashley60@example.com,2026-09-29,1,90,72,1452.2,6.266666666666667,6,-0.25,0,2,4,2,242,At-Risk,0.2
U1443,2024-10-04,Mumbai,Pro,1543,fpetty@example.net,2026-09-30,0,102,122,1567.2,5.833333333333333,12,0.16393442622950818,0,3,5,5,355,Loyal,0.28
U1444,2025-11-25,Bangalore,Pro,1478,benjamin67@example.net,2026-09-30,0,115,106,1999.1000000000004,7.5,10,-0.08490566037735849,0,3,5,4,354,Loyal,0.2
U1445,2025-12-04,UK-London,Basic,497,dhall@example.net,2026-09-28,2,21,63,333.8,3.533333333333333,17,0.6666666666666666,0,1,2,2,122,At-Risk,0.54
U1446,2024-10-12,Hyderabad,Basic,546,angela46@example.com,2026-09-30,0,75,62,1266.4,6.033333333333333,15,-0.20967741935483872,0,3,4,3,343,Loyal,0.2
U1447,2024-12-23,Delhi,Pro,1484,shane60@example.org,2026-08-02,59,0,3,0.0,0.0,15,1.0,1,1,1,4,114,At-Risk,0.9
U1448,2025-04-27,Mumbai,Pro,1506,taylorkim@example.net,2026-09-30,0,123,113,2089.5000000000005,8.033333333333333,13,-0.08849557522123894,0,3,5,4,354,Loyal,0.2
U1449,2025-03-08,US-East,Pro,1510,sandra72@example.com,2026-09-30,0,39,129,651.0999999999999,4.266666666666667,12,0.6976744186046512,0,3,2,4,324,At-Risk,0.55
U1450,2026-03-10,Mumbai,Pro,1529,rmoyer@example.net,2026-09-30,0,130,119,1966.4999999999998,6.733333333333333,9,-0.09243697478991597,0,3,5,5,355,Loyal,0.2
U1451,2026-03-19,Bangalore,Basic,512,kmarsh@example.net,2026-09-30,0,71,68,1135.9,6.466666666666667,7,-0.04411764705882353,0,3,3,2,332,Loyal,0.2
U1452,2025-02-27,Bangalore,Pro,1519,estradadavid@example.org,2026-08-02,59,0,5,0.0,0.0,9,1.0,1,1,1,5,115,At-Risk,0.9
U1453,2025-01-21,Hyderabad,Pro,1454,agarcia@example.com,2026-09-30,0,126,115,1949.8999999999999,5.8,8,-0.09565217391304348,0,3,5,4,354,Loyal,0.2
U1454,2025-05-08,Delhi,Pro,1464,angelakidd@example.com,2026-08-24,37,0,71,0.0,0.0,15,1.0,1,1,1,4,114,At-Risk,0.82
U1455,2026-07-04,Bangalore,Pro,1469,erica28@example.org,2026-09-29,1,87,95,1239.9999999999998,5.9,19,0.08421052631578947,0,2,4,4,244,At-Risk,0.25
U1456,2026-05-10,Hyderabad,Pro,1549,ryan93@example.org,2026-09-30,0,40,83,731.7,5.9,23,0.5180722891566265,0,3,2,5,325,At-Risk,0.46
U1457,2025-11-13,UK-London,Basic,490,vscott@example.com,2026-08-16,45,0,32,0.0,0.0,21,1.0,1,1,1,2,112,At-Risk,0.85
U1458,2026-04-13,US-East,Basic,461,paula89@example.net,2026-09-30,0,20,66,308.9,2.7666666666666666,6,0.696969696969697,0,3,2,1,321,At-Risk,0.55
U1459,2024-12-14,Bangalore,Pro,1505,housesamuel@example.com,2026-09-30,0,25,84,423.8,4.166666666666667,12,0.7023809523809523,0,3,2,4,324,At-Risk,0.55
U1460,2026-09-01,Bangalore,Basic,450,villegaskimberly@example.net,2026-09-29,1,68,77,1163.8999999999999,6.1,14,0.11688311688311688,0,2,3,1,231,At-Risk,0.26
U1461,2026-04-22,Hyderabad,Basic,458,colonbobby@example.org,2026-09-30,0,70,65,1092.1000000000001,8.133333333333333,12,-0.07692307692307693,0,3,3,1,331,Loyal,0.2
U1462,2025-01-28,Delhi,Basic,538,pittsrhonda@example.org,2026-09-30,0,70,62,1177.8000000000002,8.866666666666667,14,-0.12903225806451613,0,3,3,3,333,Loyal,0.2
U1463,2026-03-14,Hyderabad,Pro,1538,fgill@example.net,2026-09-30,0,92,110,1367.9,5.566666666666666,15,0.16363636363636364,0,3,4,5,345,Loyal,0.28
U1464,2026-06-26,UK-London,Basic,544,deborahcook@example.org,2026-09-29,1,80,77,1229.3000000000002,6.4,15,-0.03896103896103896,0,2,4,3,243,At-Risk,0.2
U1465,2024-12-27,UK-London,Basic,486,scottperry@example.org,2026-09-30,0,70,56,1251.3999999999999,5.566666666666666,10,-0.25,0,3,3,2,332,Loyal,0.2
U1466,2025-03-27,Bangalore,Basic,486,gpeterson@example.org,2026-09-29,1,68,70,1231.2,7.066666666666666,8,0.02857142857142857,0,2,3,2,232,At-Risk,0.22
U1467,2024-11-30,US-East,Pro,1449,jennifer65@example.net,2026-09-29,1,105,136,1783.2,6.5,8,0.22794117647058823,0,2,5,4,254,At-Risk,0.32
U1468,2026-01-27,Hyderabad,Basic,469,karenmoreno@example.org,2026-09-30,0,24,76,387.2,4.433333333333334,19,0.6842105263157895,0,3,2,1,321,At-Risk,0.54
U1469,2025-01-07,US-East,Pro,1475,agutierrez@example.com,2026-09-29,1,36,120,622.3,5.966666666666667,11,0.7,0,2,2,4,224,At-Risk,0.55
U1470,2026-08-24,UK-London,Basic,522,sherry72@example.org,2026-09-30,0,75,66,1068.5,6.666666666666667,7,-0.13636363636363635,0,3,4,3,343,Loyal,0.2
U1471,2026-03-06,Hyderabad,Pro,1544,millerleroy@example.org,2026-09-30,0,40,105,603.3,4.6,10,0.6190476190476191,0,3,2,5,325,At-Risk,0.51
U1472,2025-08-11,UK-London,Pro,1536,qmalone@example.net,2026-09-30,0,110,96,1612.9,7.6,13,-0.14583333333333334,0,3,5,5,355,Loyal,0.2
U1473,2025-01-17,US-East,Basic,532,levinetina@example.net,2026-09-30,0,66,73,1062.2,4.6,11,0.0958904109589041,0,3,3,3,333,Loyal,0.25
U1474,2026-06-30,Hyderabad,Basic,456,robert84@example.net,2026-09-27,3,16,69,302.29999999999995,2.966666666666667,10,0.7681159420289855,0,1,1,1,111,At-Risk,0.59
U1475,2026-03-25,UK-London,Basic,518,alan48@example.net,2026-09-30,0,63,78,1042.0,4.966666666666667,12,0.19230769230769232,0,3,3,3,333,Loyal,0.3
U1476,2026-08-01,Bangalore,Basic,527,ngriffin@example.net,2026-09-30,0,71,83,1097.7,6.7,16,0.14457831325301204,0,3,3,3,333,Loyal,0.27
U1477,2025-12-28,UK-London,Basic,498,zterry@example.net,2026-09-30,0,74,55,1199.6000000000004,5.8,11,-0.34545454545454546,0,3,4,2,342,Loyal,0.2
U1478,2025-07-21,Delhi,Pro,1504,nicolemiller@example.net,2026-09-30,0,100,129,1612.3,6.466666666666667,5,0.2248062015503876,0,3,4,4,344,Loyal,0.31
U1479,2025-05-31,US-East,Basic,519,abigailfernandez@example.org,2026-08-05,56,0,12,0.0,0.0,8,1.0,1,1,1,3,113,At-Risk,0.89
U1480,2024-12-05,UK-London,Enterprise,4966,adrienne20@example.org,2026-09-30,0,53,151,888.5,5.866666666666666,12,0.6490066225165563,0,3,2,5,325,At-Risk,0.52
U1481,2026-07-10,Bangalore,Pro,1545,john46@example.net,2026-09-30,0,104,104,1792.5000000000002,6.0,11,0.0,0,3,5,5,355,Loyal,0.2
U1482,2024-12-18,UK-London,Basic,496,skinnerjordan@example.net,2026-08-18,43,0,36,0.0,0.0,17,1.0,1,1,1,2,112,At-Risk,0.84
U1483,2025-06-14,Hyderabad,Pro,1491,shermanshelly@example.com,2026-09-30,0,84,126,1287.1000000000001,6.866666666666666,11,0.3333333333333333,0,3,4,4,344,Loyal,0.37
U1484,2025-05-04,Bangalore,Enterprise,5044,chaveztonya@example.net,2026-09-30,0,57,145,973.1999999999999,7.3,12,0.6068965517241379,0,3,2,5,325,At-Risk,0.5
U1485,2026-09-20,Bangalore,Pro,1539,michaelmitchell@example.net,2026-09-30,0,110,112,1948.6000000000001,7.833333333333333,8,0.017857142857142856,0,3,5,5,355,Loyal,0.21
U1486,2025-11-21,US-East,Basic,461,jenniferstone@example.org,2026-09-30,0,61,73,954.6,5.866666666666666,14,0.1643835616438356,0,3,3,1,331,Loyal,0.28
U1487,2024-12-14,Hyderabad,Basic,523,mackenzieward@example.org,2026-09-30,0,22,72,339.70000000000005,4.0,8,0.6944444444444444,0,3,2,3,323,At-Risk,0.55
U1488,2025-01-13,Bangalore,Basic,502,fpoole@example.org,2026-09-30,0,21,72,316.19999999999993,3.066666666666667,10,0.7083333333333334,0,3,2,2,322,At-Risk,0.55
U1489,2024-11-13,Hyderabad,Basic,496,thomasgriffin@example.com,2026-09-29,1,69,80,1111.9999999999998,7.733333333333333,18,0.1375,0,2,3,2,232,At-Risk,0.27
U1490,2026-02-05,UK-London,Basic,486,hchapman@example.com,2026-09-30,0,54,68,963.9,5.733333333333333,6,0.20588235294117646,0,3,2,2,322,At-Risk,0.3
U1491,2026-06-27,Mumbai,Basic,497,cfields@example.net,2026-09-30,0,66,74,1119.1000000000001,7.2,13,0.10810810810810811,0,3,3,2,332,Loyal,0.25
U1492,2026-08-09,Bangalore,Pro,1506,adennis@example.org,2026-09-30,0,112,98,1781.3999999999999,7.166666666666667,18,-0.14285714285714285,0,3,5,4,354,Loyal,0.2
U1493,2025-01-12,US-East,Basic,533,toddellis@example.net,2026-09-30,0,69,61,1179.1,6.766666666666667,5,-0.13114754098360656,0,3,3,3,333,Loyal,0.2
U1494,2025-10-08,Bangalore,Basic,473,bensonstanley@example.org,2026-09-30,0,55,67,952.6999999999999,4.033333333333333,14,0.1791044776119403,0,3,2,1,321,At-Risk,0.29
U1495,2026-03-27,US-East,Basic,467,sandra19@example.com,2026-08-12,49,0,35,0.0,0.0,8,1.0,1,1,1,1,111,At-Risk,0.86
U1496,2024-12-18,Mumbai,Basic,509,ashley08@example.org,2026-09-29,1,20,69,351.50000000000006,2.466666666666667,13,0.7101449275362319,0,2,2,2,222,At-Risk,0.56
U1497,2024-12-23,Hyderabad,Basic,496,vickie44@example.com,2026-09-27,3,19,66,282.2,3.6333333333333333,6,0.7121212121212122,0,1,1,2,112,At-Risk,0.57
U1498,2024-10-19,Bangalore,Basic,546,douglaslawrence@example.org,2026-09-30,0,43,77,630.8,5.366666666666666,10,0.44155844155844154,0,3,2,3,323,At-Risk,0.42
U1499,2026-08-13,US-East,Basic,511,pamela32@example.net,2026-09-27,3,28,70,474.8,4.866666666666666,14,0.6,0,1,2,2,122,At-Risk,0.51
U1500,2025-09-20,Bangalore,Basic,469,kelleycarlos@example.org,2026-09-29,1,62,70,945.8000000000001,7.033333333333333,23,0.11428571428571428,0,2,3,1,231,At-Risk,0.26
U1501,2025-07-30,Hyderabad,Enterprise,4990,ariel56@example.com,2026-09-30,0,44,149,733.9999999999999,5.033333333333333,6,0.7046979865771812,0,3,2,5,325,At-Risk,0.55
U1502,2026-05-31,Delhi,Pro,1462,kathleenwagner@example.com,2026-09-30,0,112,98,1899.4,7.766666666666667,10,-0.14285714285714285,0,3,5,4,354,Loyal,0.2
U1503,2026-04-08,Bangalore,Basic,509,uhernandez@example.com,2026-09-29,1,84,57,1375.1,7.166666666666667,13,-0.47368421052631576,0,2,4,2,242,At-Risk,0.2
U1504,2024-12-03,UK-London,Pro,1530,zhughes@example.com,2026-09-30,0,98,121,1456.4999999999998,5.233333333333333,13,0.19008264462809918,0,3,4,5,345,Loyal,0.3
U1505,2025-10-28,Bangalore,Basic,469,pfitzgerald@example.org,2026-09-25,5,23,67,383.6,3.966666666666667,17,0.6567164179104478,0,1,2,1,121,At-Risk,0.55
U1506,2026-06-23,Delhi,Pro,1507,armstronglaura@example.net,2026-09-30,0,132,120,2383.6,6.833333333333333,13,-0.1,0,3,5,4,354,Loyal,0.2
U1507,2025-05-12,Delhi,Pro,1502,schneiderchristopher@example.net,2026-08-12,49,0,52,0.0,0.0,14,1.0,1,1,1,4,114,At-Risk,0.86
U1508,2025-10-29,Bangalore,Basic,513,bernardaimee@example.com,2026-09-30,0,76,70,1260.5000000000002,6.566666666666666,14,-0.08571428571428572,0,3,4,2,342,Loyal,0.2
U1509,2025-09-30,Hyderabad,Pro,1513,martinezsharon@example.org,2026-09-30,0,118,116,1966.8999999999999,6.866666666666666,4,-0.017241379310344827,0,3,5,5,355,Loyal,0.16
U1510,2026-09-01,Hyderabad,Basic,470,kristin39@example.com,2026-09-30,0,65,63,1082.6,5.866666666666666,10,-0.031746031746031744,0,3,3,1,331,Loyal,0.2
U1511,2024-11-29,Delhi,Basic,541,richard07@example.org,2026-09-30,0,76,58,1103.1999999999998,7.466666666666667,17,-0.3103448275862069,0,3,4,3,343,Loyal,0.2
U1512,2025-06-04,Mumbai,Enterprise,4968,robertheath@example.com,2026-09-30,0,133,156,2125.1,7.966666666666667,9,0.14743589743589744,0,3,5,5,355,Loyal,0.27
U1513,2025-07-04,Delhi,Pro,1507,wilsoncory@example.org,2026-09-30,0,103,102,1655.2,6.033333333333333,14,-0.00980392156862745,0,3,5,4,354,Loyal,0.2
U1514,2025-04-25,Hyderabad,Pro,1488,jonathandavis@example.com,2026-09-30,0,127,103,1864.9000000000003,7.2,12,-0.23300970873786409,0,3,5,4,354,Loyal,0.2
U1515,2026-08-25,UK-London,Pro,1486,brianwoodward@example.org,2026-09-30,0,115,153,1843.6,5.833333333333333,6,0.24836601307189543,0,3,5,4,354,Loyal,0.32
U1516,2024-10-18,Mumbai,Basic,542,evanscorey@example.org,2026-09-30,0,59,73,887.5,7.733333333333333,10,0.1917808219178082,0,3,3,3,333,Loyal,0.3
U1517,2025-07-27,Mumbai,Pro,1485,jonathan10@example.org,2026-09-29,1,106,101,1933.1999999999998,5.466666666666667,5,-0.04950495049504951,0,2,5,4,254,At-Risk,0.2
U1518,2025-03-22,Mumbai,Pro,1484,trevorgoodwin@example.com,2026-09-30,0,102,101,1644.0,8.166666666666666,4,-0.009900990099009901,0,3,5,4,354,Loyal,0.16
U1519,2026-08-23,Bangalore,Basic,520,bruce78@example.com,2026-09-30,0,52,65,828.5,4.8,14,0.2,0,3,2,3,323,At-Risk,0.3
U1520,2024-11-15,Bangalore,Basic,470,russelljesus@example.org,2026-08-14,47,0,26,0.0,0.0,17,1.0,1,1,1,1,111,At-Risk,0.86
U1521,2025-04-13,US-East,Pro,1488,sanchezangela@example.org,2026-09-30,0,119,119,2059.7,6.866666666666666,12,0.0,0,3,5,4,354,Loyal,0.2
U1522,2025-05-09,Delhi,Basic,532,ogriffin@example.net,2026-09-29,1,56,57,1031.8,4.633333333333334,14,0.017543859649122806,0,2,2,3,223,At-Risk,0.21
U1523,2025-02-24,UK-London,Pro,1510,nathanielgalloway@example.org,2026-09-28,2,27,87,427.40000000000003,4.633333333333334,10,0.6896551724137931,0,1,2,4,124,At-Risk,0.55
U1524,2025-10-26,US-East,Basic,507,jali@example.com,2026-09-30,0,64,89,990.3,7.266666666666667,9,0.2808988764044944,0,3,3,2,332,Loyal,0.34
U1525,2024-10-29,Bangalore,Pro,1501,nwoodward@example.com,2026-08-13,48,0,43,0.0,0.0,7,1.0,1,1,1,4,114,At-Risk,0.86
U1526,2026-01-18,Delhi,Pro,1483,aaronmahoney@example.com,2026-09-30,0,129,110,2237.3000000000006,4.933333333333334,12,-0.17272727272727273,0,3,5,4,354,Loyal,0.2
U1527,2025-04-16,US-East,Basic,529,mary65@example.net,2026-09-29,1,73,68,1210.8999999999999,6.8,7,-0.07352941176470588,0,2,4,3,243,At-Risk,0.2
U1528,2025-03-03,Delhi,Pro,1456,brandon89@example.org,2026-09-29,1,26,90,436.59999999999997,4.033333333333333,16,0.7111111111111111,0,2,2,4,224,At-Risk,0.56
U1529,2025-05-06,US-East,Enterprise,5042,ihale@example.net,2026-09-30,0,172,159,2703.2000000000003,6.233333333333333,12,-0.08176100628930817,0,3,5,5,355,Loyal,0.2
U1530,2025-11-09,Hyderabad,Basic,501,natalie39@example.net,2026-09-30,0,60,70,1003.9000000000001,6.566666666666666,5,0.14285714285714285,0,3,3,2,332,Loyal,0.27
U1531,2026-08-28,Delhi,Enterprise,4965,nicole54@example.net,2026-09-30,0,135,167,2397.1,5.8,19,0.19161676646706588,0,3,5,5,355,Loyal,0.3
U1532,2025-08-25,UK-London,Pro,1477,eileenmorris@example.org,2026-09-30,0,118,101,1975.4,7.2,11,-0.16831683168316833,0,3,5,4,354,Loyal,0.2
U1533,2025-08-30,Bangalore,Basic,546,allen20@example.net,2026-09-30,0,49,85,832.4,5.033333333333333,12,0.4235294117647059,0,3,2,3,323,At-Risk,0.41
U1534,2025-09-11,Hyderabad,Basic,506,chambersrobert@example.net,2026-09-30,0,71,54,1071.0000000000002,5.133333333333334,11,-0.3148148148148148,0,3,3,2,332,Loyal,0.2
U1535,2026-02-24,Hyderabad,Basic,498,ymedina@example.net,2026-09-30,0,79,54,1244.3,5.6,14,-0.46296296296296297,0,3,4,2,342,Loyal,0.2
U1536,2026-01-17,Mumbai,Basic,480,staffordlisa@example.com,2026-08-17,44,0,40,35.4,0.0,10,1.0,1,1,1,1,111,At-Risk,0.85
U1537,2026-02-01,US-East,Basic,532,teresa69@example.com,2026-09-30,0,83,73,1285.8000000000002,8.2,6,-0.136986301369863,0,3,4,3,343,Loyal,0.2
U1538,2025-07-08,UK-London,Enterprise,4988,martinezmitchell@example.org,2026-09-30,0,131,169,2181.7000000000003,7.3,13,0.22485207100591717,0,3,5,5,355,Loyal,0.31
U1539,2025-08-19,Hyderabad,Basic,504,juliachang@example.net,2026-09-30,0,65,85,1033.0,5.766666666666667,11,0.23529411764705882,0,3,3,2,332,Loyal,0.32
U1540,2026-08-02,Bangalore,Basic,512,james94@example.net,2026-09-30,0,67,86,1240.5,7.7,18,0.22093023255813954,0,3,3,2,332,Loyal,0.31
U1541,2025-03-09,UK-London,Basic,504,ccoffey@example.com,2026-09-30,0,70,55,1146.3000000000002,5.9,13,-0.2727272727272727,0,3,3,2,332,Loyal,0.2
U1542,2025-09-23,Hyderabad,Basic,497,adrianjoyce@example.net,2026-09-29,1,60,43,960.9000000000001,5.733333333333333,11,-0.3953488372093023,0,2,3,2,232,At-Risk,0.2
U1543,2025-07-15,US-East,Basic,544,ashley72@example.net,2026-09-28,2,21,63,374.8,2.933333333333333,16,0.6666666666666666,0,1,2,3,123,At-Risk,0.54
U1544,2025-02-17,Mumbai,Enterprise,5034,cameronanderson@example.org,2026-09-30,0,54,156,936.1000000000001,7.1,8,0.6538461538461539,0,3,2,5,325,At-Risk,0.53
U1545,2024-12-31,Mumbai,Pro,1512,nicoledaniel@example.com,2026-09-30,0,106,101,1735.7,7.2,9,-0.04950495049504951,0,3,5,5,355,Loyal,0.2
U1546,2025-02-16,UK-London,Basic,450,braunheather@example.net,2026-09-27,3,21,65,309.6,2.7666666666666666,12,0.676923076923077,0,1,2,1,121,At-Risk,0.55
U1547,2025-12-21,Bangalore,Pro,1540,bsmith@example.net,2026-09-30,0,98,118,1604.2000000000003,6.9,11,0.1694915254237288,0,3,4,5,345,Loyal,0.28
U1548,2026-02-02,UK-London,Pro,1517,nashmarcus@example.com,2026-08-26,35,0,105,0.0,0.0,9,1.0,1,1,1,5,115,At-Risk,0.82
U1549,2025-04-17,Mumbai,Basic,488,hsimpson@example.org,2026-09-29,1,23,63,393.0,4.333333333333333,9,0.6349206349206349,0,2,2,2,222,At-Risk,0.52
U1550,2026-07-06,Bangalore,Basic,492,brandonhull@example.net,2026-08-24,37,0,45,0.0,0.0,11,1.0,1,1,1,2,112,At-Risk,0.82
U1551,2025-08-22,UK-London,Basic,535,myersmatthew@example.net,2026-09-30,0,80,81,1337.9,7.333333333333333,8,0.012345679012345678,0,3,4,3,343,Loyal,0.21
U1552,2026-05-11,Mumbai,Basic,505,tiffanycoleman@example.org,2026-09-24,6,20,68,343.2,2.933333333333333,10,0.7058823529411765,0,1,2,2,122,At-Risk,0.57
U1553,2026-07-30,US-East,Pro,1504,frankcollins@example.net,2026-09-29,1,37,102,660.8999999999999,5.333333333333333,12,0.6372549019607843,0,2,2,4,224,At-Risk,0.52
U1554,2025-12-29,UK-London,Basic,461,castillolindsey@example.net,2026-08-09,52,0,25,0.0,0.0,6,1.0,1,1,1,1,111,At-Risk,0.87
U1555,2026-05-03,Mumbai,Basic,524,mary31@example.com,2026-09-30,0,74,59,1209.1999999999998,5.9,9,-0.2542372881355932,0,3,4,3,343,Loyal,0.2
U1556,2025-03-22,Mumbai,Pro,1463,marissa58@example.org,2026-09-30,0,25,110,455.6,4.133333333333334,5,0.7727272727272727,0,3,2,4,324,At-Risk,0.59
U1557,2026-08-18,US-East,Basic,529,oduran@example.com,2026-09-30,0,74,74,1127.0,6.1,14,0.0,0,3,4,3,343,Loyal,0.2
U1558,2025-11-25,Hyderabad,Pro,1538,villegassabrina@example.com,2026-09-30,0,125,106,2020.9,8.2,17,-0.1792452830188679,0,3,5,5,355,Loyal,0.2
U1559,2025-05-15,Mumbai,Basic,525,pattonbryan@example.com,2026-09-30,0,63,82,1141.8000000000002,5.766666666666667,6,0.23170731707317074,0,3,3,3,333,Loyal,0.32
U1560,2024-11-07,Hyderabad,Pro,1492,rjones@example.org,2026-09-30,0,128,105,1927.1000000000001,6.266666666666667,11,-0.21904761904761905,0,3,5,4,354,Loyal,0.2
U1561,2025-11-11,Hyderabad,Pro,1519,melissa61@example.net,2026-09-30,0,110,112,1714.8000000000002,6.733333333333333,13,0.017857142857142856,0,3,5,5,355,Loyal,0.21
U1562,2026-03-31,Mumbai,Basic,464,michellecobb@example.net,2026-09-30,0,66,81,1045.6000000000001,6.7,12,0.18518518518518517,0,3,3,1,331,Loyal,0.29
U1563,2024-10-06,Hyderabad,Basic,507,bmarshall@example.net,2026-09-29,1,20,71,335.5,3.066666666666667,12,0.7183098591549296,0,2,2,2,222,At-Risk,0.56
U1564,2025-12-25,UK-London,Pro,1461,debra07@example.net,2026-09-30,0,84,126,1451.1000000000001,5.633333333333334,4,0.3333333333333333,0,3,4,4,344,Loyal,0.33
U1565,2025-05-26,Delhi,Pro,1549,danielsmith@example.net,2026-09-29,1,101,89,1754.2000000000003,7.4,21,-0.1348314606741573,0,2,4,5,245,At-Risk,0.2
U1566,2024-11-17,US-East,Basic,508,rebeccamartinez@example.net,2026-09-24,6,23,72,318.0,3.5,15,0.6805555555555556,0,1,2,2,122,At-Risk,0.56
U1567,2025-04-04,UK-London,Basic,452,nolson@example.com,2026-09-30,0,64,79,949.4,6.266666666666667,19,0.189873417721519,0,3,3,1,331,Loyal,0.29
U1568,2025-02-11,Delhi,Enterprise,5025,laurabrown@example.com,2026-09-30,0,162,165,2623.6999999999994,7.333333333333333,16,0.01818181818181818,0,3,5,5,355,Loyal,0.21
U1569,2025-11-29,UK-London,Pro,1511,larry82@example.org,2026-09-30,0,133,117,2232.3,8.1,15,-0.13675213675213677,0,3,5,4,354,Loyal,0.2
U1570,2025-09-06,Hyderabad,Basic,501,kelly08@example.net,2026-08-19,42,0,57,0.0,0.0,9,1.0,1,1,1,2,112,At-Risk,0.84
U1571,2026-01-22,Hyderabad,Basic,451,brianhunter@example.net,2026-09-30,0,80,74,1280.2,6.733333333333333,13,-0.08108108108108109,0,3,4,1,341,Loyal,0.2
U1572,2026-06-17,Mumbai,Basic,528,mcooper@example.net,2026-09-28,2,72,59,1230.7,6.566666666666666,14,-0.22033898305084745,0,1,4,3,143,At-Risk,0.21
U1573,2026-07-24,US-East,Basic,486,petersonelizabeth@example.net,2026-09-30,0,70,61,1165.2,6.4,8,-0.14754098360655737,0,3,3,2,332,Loyal,0.2
U1574,2026-02-16,UK-London,Enterprise,5005,vgreene@example.net,2026-09-30,0,167,167,2951.6000000000004,7.533333333333333,10,0.0,0,3,5,5,355,Loyal,0.2
U1575,2025-11-16,Bangalore,Pro,1458,christina65@example.org,2026-08-26,35,0,97,0.0,0.0,14,1.0,1,1,1,4,114,At-Risk,0.82
U1576,2024-12-14,Bangalore,Basic,524,crawfordsamantha@example.net,2026-09-29,1,16,85,299.3,3.0,19,0.8117647058823529,0,2,1,3,213,At-Risk,0.61
U1577,2025-03-10,US-East,Basic,517,stevenlewis@example.com,2026-09-30,0,70,86,1200.9,6.166666666666667,11,0.18604651162790697,0,3,3,3,333,Loyal,0.29
U1578,2026-03-19,Delhi,Basic,489,lindsay63@example.com,2026-09-30,0,26,70,466.19999999999993,3.6,8,0.6285714285714286,0,3,2,2,322,At-Risk,0.51
U1579,2025-02-10,US-East,Basic,532,coxcharles@example.org,2026-09-29,1,57,67,1018.3000000000001,6.866666666666666,14,0.14925373134328357,0,2,2,3,223,At-Risk,0.28
U1580,2025-11-07,UK-London,Basic,452,kellylee@example.net,2026-09-28,2,61,60,923.2,5.666666666666667,11,-0.016666666666666666,0,1,3,1,131,At-Risk,0.21
U1581,2026-07-27,Mumbai,Basic,497,bradley03@example.org,2026-09-29,1,69,65,1290.2000000000003,6.8,4,-0.06153846153846154,0,2,3,2,232,At-Risk,0.16
U1582,2025-04-24,US-East,Pro,1529,nicolehiggins@example.com,2026-09-30,0,111,107,1806.6,7.266666666666667,12,-0.037383177570093455,0,3,5,5,355,Loyal,0.2
U1583,2026-06-09,Delhi,Basic,449,gregorysmith@example.com,2026-09-29,1,59,62,1017.6999999999999,4.633333333333334,15,0.04838709677419355,0,2,3,1,231,At-Risk,0.23
U1584,2026-07-25,Delhi,Basic,472,deckerderrick@example.net,2026-09-30,0,69,68,1078.5,4.9,5,-0.014705882352941176,0,3,3,1,331,Loyal,0.2
U1585,2026-04-26,Mumbai,Basic,539,morganjason@example.com,2026-08-11,50,0,19,0.0,0.0,11,1.0,1,1,1,3,113,At-Risk,0.87
U1586,2025-03-23,UK-London,Basic,520,donna89@example.com,2026-09-29,1,84,74,1398.6000000000001,7.566666666666666,13,-0.13513513513513514,0,2,4,3,243,At-Risk,0.2
U1587,2026-07-02,Mumbai,Basic,507,wilsonnicole@example.org,2026-09-30,0,65,74,1027.2,7.2,13,0.12162162162162163,0,3,3,2,332,Loyal,0.26
U1588,2026-05-02,US-East,Basic,476,amandabenson@example.com,2026-09-30,0,24,64,461.7,3.6666666666666665,9,0.625,0,3,2,1,321,At-Risk,0.51
U1589,2025-12-10,Mumbai,Pro,1530,samanthahines@example.net,2026-09-29,1,123,116,2107.9999999999995,7.3,10,-0.0603448275862069,0,2,5,5,255,At-Risk,0.2
U1590,2025-02-14,UK-London,Basic,461,kristine53@example.org,2026-09-30,0,19,69,293.90000000000003,3.9,13,0.7246376811594203,0,3,1,1,311,At-Risk,0.56
U1591,2026-01-01,US-East,Pro,1542,monique89@example.com,2026-09-30,0,134,114,2355.0,7.7,10,-0.17543859649122806,0,3,5,5,355,Loyal,0.2
U1592,2025-02-28,Bangalore,Basic,533,muellerkrystal@example.net,2026-09-30,0,53,78,956.2,4.666666666666667,9,0.32051282051282054,0,3,2,3,323,At-Risk,0.36
U1593,2024-11-15,Delhi,Pro,1488,ppotter@example.net,2026-09-30,0,135,112,2167.600000000001,8.0,10,-0.20535714285714285,0,3,5,4,354,Loyal,0.2
U1594,2025-06-29,Delhi,Basic,500,twhite@example.com,2026-08-22,39,0,47,0.0,0.0,11,1.0,1,1,1,2,112,At-Risk,0.83
U1595,2025-10-17,US-East,Basic,535,fbaldwin@example.com,2026-09-30,0,63,75,1179.3999999999996,6.466666666666667,8,0.16,0,3,3,3,333,Loyal,0.28
U1596,2025-04-12,UK-London,Pro,1481,ylittle@example.net,2026-09-30,0,100,106,1739.6999999999998,6.033333333333333,15,0.05660377358490566,0,3,4,4,344,Loyal,0.23
U1597,2026-01-16,Delhi,Pro,1502,jeffreyharris@example.org,2026-08-08,53,0,28,0.0,0.0,10,1.0,1,1,1,4,114,At-Risk,0.88
U1598,2025-07-15,Hyderabad,Enterprise,5047,ronald69@example.org,2026-09-30,0,160,136,2346.6000000000004,6.9,9,-0.17647058823529413,0,3,5,5,355,Loyal,0.2
U1599,2026-08-12,Delhi,Pro,1480,jonathan12@example.org,2026-09-30,0,146,99,2370.2,6.666666666666667,19,-0.47474747474747475,0,3,5,4,354,Loyal,0.2
U1600,2025-05-02,Delhi,Basic,526,jerry07@example.net,2026-09-30,0,92,76,1562.7,7.8,20,-0.21052631578947367,0,3,4,3,343,Loyal,0.2
U1601,2025-12-26,Bangalore,Enterprise,5010,bhayes@example.com,2026-09-30,0,45,140,663.2999999999998,8.1,7,0.6785714285714286,0,3,2,5,325,At-Risk,0.54
U1602,2025-06-24,Bangalore,Pro,1490,ystewart@example.org,2026-09-30,0,121,102,1934.1999999999998,5.6,9,-0.18627450980392157,0,3,5,4,354,Loyal,0.2
U1603,2025-02-07,Bangalore,Basic,491,josephjones@example.org,2026-09-30,0,21,56,391.8,3.033333333333333,10,0.625,0,3,2,2,322,At-Risk,0.51
U1604,2025-05-01,Delhi,Pro,1480,hartmansara@example.org,2026-09-30,0,35,100,604.4,5.1,18,0.65,0,3,2,4,324,At-Risk,0.52
U1605,2024-12-24,US-East,Basic,533,benjamin35@example.org,2026-09-30,0,83,76,1380.9999999999998,6.866666666666666,14,-0.09210526315789473,0,3,4,3,343,Loyal,0.2
U1606,2026-02-03,UK-London,Pro,1534,kevin43@example.net,2026-09-30,0,119,115,2182.8999999999996,6.533333333333333,17,-0.034782608695652174,0,3,5,5,355,Loyal,0.2
U1607,2025-12-13,US-East,Basic,512,yeseniagoodwin@example.net,2026-09-30,0,19,68,273.70000000000005,4.6,15,0.7205882352941176,0,3,1,2,312,At-Risk,0.56
U1608,2025-10-30,Delhi,Basic,497,alan44@example.com,2026-09-30,0,77,81,1470.3,5.266666666666667,14,0.04938271604938271,0,3,4,2,342,Loyal,0.22
U1609,2026-04-23,Bangalore,Basic,536,lbautista@example.net,2026-09-27,3,15,59,232.70000000000002,2.7,11,0.7457627118644068,0,1,1,3,113,At-Risk,0.58
U1610,2024-10-07,Bangalore,Basic,514,michelleperez@example.net,2026-08-03,58,0,4,0.0,0.0,15,1.0,1,1,1,2,112,At-Risk,0.89
U1611,2026-03-29,Bangalore,Pro,1476,lhall@example.net,2026-09-30,0,107,98,1760.9999999999998,6.1,14,-0.09183673469387756,0,3,5,4,354,Loyal,0.2
U1612,2026-04-05,UK-London,Basic,467,fpeterson@example.com,2026-09-30,0,69,64,1280.0000000000002,5.666666666666667,15,-0.078125,0,3,3,1,331,Loyal,0.2
U1613,2026-06-08,Hyderabad,Basic,514,scarrillo@example.com,2026-08-15,46,0,41,0.0,0.0,20,1.0,1,1,1,2,112,At-Risk,0.85
U1614,2025-02-28,US-East,Pro,1516,bfarrell@example.com,2026-09-29,1,39,106,650.1999999999999,5.266666666666667,11,0.6320754716981132,0,2,2,5,225,At-Risk,0.52
U1615,2025-01-08,Delhi,Basic,491,kevinrojas@example.com,2026-09-30,0,75,64,1225.4000000000003,7.3,13,-0.171875,0,3,4,2,342,Loyal,0.2
U1616,2026-05-13,US-East,Basic,500,matthew66@example.net,2026-09-30,0,25,68,420.00000000000006,3.3666666666666667,11,0.6323529411764706,0,3,2,2,322,At-Risk,0.52
U1617,2026-04-01,Delhi,Pro,1548,mark09@example.org,2026-09-30,0,102,104,1506.3,7.3,10,0.019230769230769232,0,3,5,5,355,Loyal,0.21
U1618,2026-08-03,UK-London,Pro,1531,tiffanygamble@example.net,2026-08-05,56,0,14,0.0,0.0,7,1.0,1,1,1,5,115,At-Risk,0.89
U1619,2026-01-01,Bangalore,Basic,504,nbaird@example.com,2026-09-28,2,20,71,342.6,2.933333333333333,8,0.7183098591549296,0,1,2,2,122,At-Risk,0.57
U1620,2024-11-14,Delhi,Basic,490,glopez@example.com,2026-09-30,0,21,78,316.8,4.133333333333334,17,0.7307692307692307,0,3,2,2,322,At-Risk,0.57
U1621,2025-11-18,Delhi,Basic,511,tfowler@example.org,2026-09-30,0,80,65,1262.7000000000003,6.333333333333333,5,-0.23076923076923078,0,3,4,2,342,Loyal,0.2
U1622,2025-02-01,Mumbai,Enterprise,4952,antoniobarker@example.com,2026-08-09,52,0,50,0.0,0.0,10,1.0,1,1,1,5,115,At-Risk,0.87
U1623,2024-10-18,Bangalore,Basic,457,chadmccarty@example.com,2026-09-30,0,67,66,1128.3999999999999,5.333333333333333,10,-0.015151515151515152,0,3,3,1,331,Loyal,0.2
U1624,2025-02-26,Hyderabad,Basic,479,donna17@example.org,2026-09-30,0,70,69,1127.6000000000001,6.333333333333333,13,-0.014492753623188406,0,3,3,1,331,Loyal,0.2
U1625,2025-06-25,UK-London,Basic,473,jacksonmichele@example.com,2026-09-30,0,68,73,1279.5000000000002,6.4,9,0.0684931506849315,0,3,3,1,331,Loyal,0.23
U1626,2025-07-11,Bangalore,Enterprise,4972,andersonrobert@example.net,2026-09-30,0,144,125,2533.7,8.2,7,-0.152,0,3,5,5,355,Loyal,0.2
U1627,2024-11-18,Mumbai,Basic,521,davidharris@example.com,2026-09-29,1,23,73,339.49999999999994,4.366666666666666,10,0.684931506849315,0,2,2,3,223,At-Risk,0.55
U1628,2026-05-19,Mumbai,Pro,1531,kmoore@example.com,2026-09-30,0,39,113,722.5,4.533333333333333,10,0.6548672566371682,0,3,2,5,325,At-Risk,0.53
U1629,2025-12-01,US-East,Enterprise,5015,ahill@example.org,2026-09-30,0,150,168,2478.7999999999997,6.4,8,0.10714285714285714,0,3,5,5,355,Loyal,0.25
U1630,2025-08-20,Delhi,Pro,1463,pjacobs@example.net,2026-09-28,2,107,90,1998.7,7.033333333333333,8,-0.18888888888888888,0,1,5,4,154,At-Risk,0.21
U1631,2025-05-27,Delhi,Basic,501,kstevens@example.org,2026-09-30,0,70,68,1140.1,6.766666666666667,7,-0.029411764705882353,0,3,3,2,332,Loyal,0.2
U1632,2026-03-21,Mumbai,Basic,535,debbie75@example.net,2026-08-01,60,0,0,0.0,0.0,19,0.0,1,1,1,3,113,At-Risk,0.4
U1633,2026-06-06,Hyderabad,Pro,1460,peter26@example.org,2026-09-30,0,114,118,2132.2000000000003,6.266666666666667,12,0.03389830508474576,0,3,5,4,354,Loyal,0.22
U1634,2025-02-07,Delhi,Enterprise,5037,qellis@example.org,2026-09-30,0,167,146,3079.4,7.566666666666666,7,-0.14383561643835616,0,3,5,5,355,Loyal,0.2
U1635,2026-02-20,Bangalore,Pro,1469,longsonya@example.org,2026-09-30,0,36,123,597.8,4.3,10,0.7073170731707317,0,3,2,4,324,At-Risk,0.55
U1636,2026-07-07,Delhi,Basic,534,joshuafuller@example.com,2026-09-30,0,90,68,1579.7000000000003,7.466666666666667,14,-0.3235294117647059,0,3,4,3,343,Loyal,0.2
U1637,2026-01-28,US-East,Basic,545,wolfejennifer@example.org,2026-08-22,39,0,46,0.0,0.0,12,1.0,1,1,1,3,113,At-Risk,0.83
U1638,2026-07-24,US-East,Basic,463,jriddle@example.org,2026-09-29,1,20,65,358.6,4.133333333333334,12,0.6923076923076923,0,2,2,1,221,At-Risk,0.55
U1639,2026-09-25,UK-London,Enterprise,5000,camposwilliam@example.com,2026-09-30,0,55,129,941.9,5.166666666666667,12,0.5736434108527132,0,3,2,5,325,At-Risk,0.49
U1640,2025-07-25,Delhi,Pro,1469,johnnyhunter@example.com,2026-09-30,0,118,99,2101.6000000000004,5.866666666666666,11,-0.1919191919191919,0,3,5,4,354,Loyal,0.2
U1641,2024-10-18,Mumbai,Basic,453,vjames@example.com,2026-09-30,0,57,73,978.6999999999999,4.966666666666667,13,0.2191780821917808,0,3,2,1,321,At-Risk,0.31
U1642,2026-06-15,Bangalore,Basic,495,qjohnson@example.org,2026-09-30,0,60,61,975.6000000000001,6.833333333333333,9,0.01639344262295082,0,3,3,2,332,Loyal,0.21
U1643,2026-02-28,Bangalore,Basic,466,markgoodman@example.com,2026-08-08,53,0,13,0.0,0.0,10,1.0,1,1,1,1,111,At-Risk,0.88
U1644,2025-08-31,Bangalore,Basic,534,kelleyjohn@example.com,2026-09-27,3,21,64,344.19999999999993,3.1666666666666665,9,0.671875,0,1,2,3,123,At-Risk,0.55
U1645,2025-01-09,Bangalore,Basic,488,mckenzie20@example.net,2026-09-30,0,63,88,1040.8000000000002,5.966666666666667,10,0.2840909090909091,0,3,3,2,332,Loyal,0.34
U1646,2024-12-11,Delhi,Basic,500,david62@example.org,2026-09-30,0,75,73,1158.2,6.1,11,-0.0273972602739726,0,3,4,2,342,Loyal,0.2
U1647,2026-02-01,Bangalore,Basic,509,byrderic@example.com,2026-09-30,0,77,71,1240.7,6.5,15,-0.08450704225352113,0,3,4,2,342,Loyal,0.2
U1648,2025-02-05,Mumbai,Pro,1501,staffordamanda@example.com,2026-09-30,0,93,115,1486.2,5.166666666666667,13,0.19130434782608696,0,3,4,4,344,Loyal,0.3
U1649,2026-02-19,Bangalore,Basic,541,myerskyle@example.org,2026-09-29,1,75,56,1227.3000000000002,7.0,12,-0.3392857142857143,0,2,4,3,243,At-Risk,0.2
U1650,2025-12-09,Bangalore,Basic,450,bartonkatie@example.org,2026-09-29,1,69,73,1079.8,7.4,16,0.0547945205479452,0,2,3,1,231,At-Risk,0.23
U1651,2025-06-29,Hyderabad,Pro,1499,jamessmith@example.org,2026-09-29,1,45,85,773.7000000000002,5.533333333333333,9,0.47058823529411764,0,2,2,4,224,At-Risk,0.44
U1652,2026-09-21,Hyderabad,Pro,1524,lori13@example.org,2026-09-30,0,105,122,1608.7999999999997,7.4,11,0.13934426229508196,0,3,5,5,355,Loyal,0.27
U1653,2026-05-03,US-East,Pro,1520,jenniferwilliams@example.net,2026-09-30,0,92,91,1448.9,4.233333333333333,8,-0.01098901098901099,0,3,4,5,345,Loyal,0.2
U1654,2024-12-16,US-East,Basic,502,marcus39@example.org,2026-09-30,0,59,65,967.1,5.566666666666666,10,0.09230769230769231,0,3,3,2,332,Loyal,0.25
U1655,2026-08-12,UK-London,Basic,521,hmcmillan@example.org,2026-09-30,0,67,90,1188.8999999999999,5.966666666666667,10,0.25555555555555554,0,3,3,3,333,Loyal,0.33
U1656,2025-03-04,Mumbai,Basic,533,marcus06@example.net,2026-08-14,47,0,29,0.0,0.0,12,1.0,1,1,1,3,113,At-Risk,0.86
U1657,2025-05-17,Mumbai,Basic,479,olewis@example.org,2026-09-28,2,15,70,240.2,2.2,8,0.7857142857142857,0,1,1,1,111,At-Risk,0.6
U1658,2026-01-22,Hyderabad,Basic,449,debra50@example.org,2026-09-29,1,20,62,339.5,4.066666666666666,17,0.6774193548387096,0,2,2,1,221,At-Risk,0.54
U1659,2026-07-07,US-East,Basic,449,mturner@example.com,2026-09-30,0,62,62,1027.1,6.266666666666667,11,0.0,0,3,3,1,331,Loyal,0.2
U1660,2026-09-16,Mumbai,Basic,502,marquezkylie@example.net,2026-08-22,39,0,55,0.0,0.0,17,1.0,1,1,1,2,112,At-Risk,0.83
U1661,2025-02-01,Delhi,Pro,1470,greenetina@example.net,2026-09-29,1,45,96,787.4,5.3,11,0.53125,0,2,2,4,224,At-Risk,0.47
U1662,2025-07-09,US-East,Basic,528,martinreid@example.net,2026-09-30,0,72,74,1227.1000000000001,6.1,11,0.02702702702702703,0,3,4,3,343,Loyal,0.21
U1663,2025-05-19,Delhi,Basic,465,bjones@example.net,2026-09-29,1,55,60,940.2,6.566666666666666,10,0.08333333333333333,0,2,2,1,221,At-Risk,0.24
U1664,2026-07-26,US-East,Basic,465,oreyes@example.net,2026-09-30,0,82,62,1392.1000000000001,7.166666666666667,13,-0.3225806451612903,0,3,4,1,341,Loyal,0.2
U1665,2025-03-17,UK-London,Pro,1493,hallchristina@example.org,2026-09-30,0,112,117,1822.2999999999997,7.433333333333334,9,0.042735042735042736,0,3,5,4,354,Loyal,0.22
U1666,2025-05-12,UK-London,Pro,1462,ntodd@example.org,2026-09-30,0,129,93,2162.1000000000004,8.133333333333333,6,-0.3870967741935484,0,3,5,4,354,Loyal,0.2
U1667,2024-11-11,US-East,Basic,463,victor32@example.com,2026-09-30,0,54,64,907.1,5.066666666666666,5,0.15625,0,3,2,1,321,At-Risk,0.28
U1668,2025-02-25,Bangalore,Pro,1461,youngjessica@example.com,2026-08-03,58,0,10,0.0,0.0,7,1.0,1,1,1,4,114,At-Risk,0.89
U1669,2026-03-22,US-East,Basic,483,dennis50@example.net,2026-09-30,0,58,60,942.2,5.633333333333334,13,0.03333333333333333,0,3,2,2,322,At-Risk,0.22
U1670,2026-04-29,US-East,Basic,534,swong@example.org,2026-08-08,53,0,21,0.0,0.0,11,1.0,1,1,1,3,113,At-Risk,0.88
U1671,2025-03-15,Delhi,Basic,482,matthew38@example.org,2026-09-30,0,21,62,338.6,4.7,15,0.6612903225806451,0,3,2,1,321,At-Risk,0.53
U1672,2026-07-22,US-East,Basic,538,lauriehorton@example.org,2026-09-29,1,28,71,410.7,4.3,13,0.6056338028169014,0,2,2,3,223,At-Risk,0.51
U1673,2025-12-16,UK-London,Basic,507,lboyd@example.com,2026-09-29,1,79,61,1233.5,6.533333333333333,6,-0.29508196721311475,0,2,4,2,242,At-Risk,0.2
U1674,2026-01-01,Mumbai,Pro,1452,kanechad@example.org,2026-09-30,0,114,128,1863.2000000000003,5.9,13,0.109375,0,3,5,4,354,Loyal,0.25
U1675,2024-11-06,UK-London,Basic,526,shawnamartinez@example.org,2026-09-29,1,76,56,1200.0000000000002,5.833333333333333,8,-0.35714285714285715,0,2,4,3,243,At-Risk,0.2
U1676,2025-12-05,Hyderabad,Basic,463,joelmiller@example.net,2026-09-30,0,79,67,1299.1,6.466666666666667,7,-0.1791044776119403,0,3,4,1,341,Loyal,0.2
U1677,2025-09-04,Bangalore,Pro,1483,jennifersanchez@example.org,2026-09-29,1,30,129,456.29999999999995,3.7666666666666666,16,0.7674418604651163,0,2,2,4,224,At-Risk,0.59
U1678,2025-12-15,Bangalore,Basic,468,justin73@example.com,2026-09-29,1,67,72,1078.5,5.166666666666667,18,0.06944444444444445,0,2,3,1,231,At-Risk,0.24
U1679,2026-06-20,Mumbai,Basic,496,xmiller@example.com,2026-08-22,39,0,55,0.0,0.0,19,1.0,1,1,1,2,112,At-Risk,0.83
U1680,2025-07-01,US-East,Basic,465,galexander@example.net,2026-08-04,57,0,6,0.0,0.0,4,1.0,1,1,1,1,111,At-Risk,0.85
U1681,2026-03-19,Mumbai,Pro,1513,lorileon@example.org,2026-09-30,0,23,96,410.2999999999999,3.9,7,0.7604166666666666,0,3,2,5,325,At-Risk,0.58
U1682,2026-04-08,Hyderabad,Basic,461,wdickerson@example.com,2026-09-30,0,78,71,1180.3,8.3,20,-0.09859154929577464,0,3,4,1,341,Loyal,0.2
U1683,2025-12-07,UK-London,Basic,485,angelathompson@example.com,2026-09-22,8,24,76,362.9,5.266666666666667,14,0.6842105263157895,0,1,2,2,122,At-Risk,0.57
U1684,2025-09-02,UK-London,Basic,516,jcampbell@example.net,2026-09-30,0,75,64,1344.5,6.466666666666667,13,-0.171875,0,3,4,3,343,Loyal,0.2
U1685,2025-09-15,Hyderabad,Basic,464,derrick73@example.org,2026-09-29,1,26,63,438.9,3.7333333333333334,21,0.5873015873015873,0,2,2,1,221,At-Risk,0.5
U1686,2026-07-29,US-East,Basic,538,smithvincent@example.net,2026-09-30,0,65,79,1095.0,5.8,17,0.17721518987341772,0,3,3,3,333,Loyal,0.29
U1687,2025-06-29,US-East,Basic,514,zfrost@example.net,2026-09-30,0,72,76,1278.1,5.433333333333334,21,0.05263157894736842,0,3,4,2,342,Loyal,0.23
U1688,2025-06-28,UK-London,Basic,456,lparker@example.org,2026-09-28,2,22,73,340.90000000000003,3.7,9,0.6986301369863014,0,1,2,1,121,At-Risk,0.56
U1689,2025-07-24,Bangalore,Basic,479,riddledavid@example.net,2026-09-30,0,28,63,442.09999999999997,5.533333333333333,9,0.5555555555555556,0,3,2,1,321,At-Risk,0.48
U1690,2025-01-25,US-East,Enterprise,5014,xkrueger@example.net,2026-09-30,0,45,120,788.5000000000001,4.633333333333334,8,0.625,0,3,2,5,325,At-Risk,0.51
U1691,2025-06-10,Hyderabad,Pro,1505,xreid@example.net,2026-09-30,0,113,125,1751.1999999999998,7.5,11,0.096,0,3,5,4,354,Loyal,0.25
U1692,2024-11-10,UK-London,Basic,522,vhouse@example.org,2026-09-30,0,85,61,1308.4,6.433333333333334,18,-0.39344262295081966,0,3,4,3,343,Loyal,0.2
U1693,2025-03-24,Mumbai,Basic,517,dorseymichael@example.net,2026-09-30,0,58,71,995.9,6.266666666666667,10,0.18309859154929578,0,3,2,3,323,At-Risk,0.29
U1694,2026-02-04,Hyderabad,Pro,1546,josegibson@example.net,2026-09-30,0,35,114,568.1999999999999,5.166666666666667,9,0.6929824561403509,0,3,2,5,325,At-Risk,0.55
U1695,2025-01-14,US-East,Pro,1471,carrielynn@example.org,2026-08-24,37,0,54,0.0,0.0,22,1.0,1,1,1,4,114,At-Risk,0.82
U1696,2024-10-08,UK-London,Pro,1504,newmansabrina@example.com,2026-09-30,0,38,104,580.6999999999999,4.733333333333333,11,0.6346153846153846,0,3,2,4,324,At-Risk,0.52
U1697,2026-02-26,UK-London,Pro,1452,stonejacob@example.com,2026-09-30,0,112,113,1702.1999999999998,6.233333333333333,13,0.008849557522123894,0,3,5,4,354,Loyal,0.2
U1698,2025-01-28,UK-London,Pro,1480,tking@example.net,2026-08-01,60,0,0,0.0,0.0,6,0.0,1,1,1,4,114,At-Risk,0.4
U1699,2026-09-05,Mumbai,Basic,544,uwillis@example.com,2026-09-30,0,83,68,1460.4999999999998,6.666666666666667,13,-0.22058823529411764,0,3,4,3,343,Loyal,0.2
U1700,2026-04-01,Mumbai,Basic,532,rodriguezashley@example.com,2026-09-30,0,63,72,1146.9999999999998,7.733333333333333,8,0.125,0,3,3,3,333,Loyal,0.26
U1701,2026-05-16,Bangalore,Basic,511,kaitlyn64@example.org,2026-08-08,53,0,15,0.0,0.0,19,1.0,1,1,1,2,112,At-Risk,0.88
U1702,2026-09-19,Bangalore,Basic,491,esmith@example.net,2026-09-30,0,70,57,1195.9,6.833333333333333,20,-0.22807017543859648,0,3,3,2,332,Loyal,0.2
U1703,2025-07-31,Hyderabad,Enterprise,5011,upena@example.com,2026-09-30,0,170,147,3030.4999999999995,8.733333333333333,15,-0.1564625850340136,0,3,5,5,355,Loyal,0.2
U1704,2025-01-31,Delhi,Basic,531,jacob23@example.com,2026-09-30,0,82,80,1320.8,6.633333333333334,16,-0.025,0,3,4,3,343,Loyal,0.2
U1705,2025-02-08,UK-London,Basic,518,hayeslisa@example.org,2026-09-30,0,82,75,1244.2,7.1,12,-0.09333333333333334,0,3,4,3,343,Loyal,0.2
U1706,2025-02-22,Delhi,Basic,532,lisalee@example.com,2026-09-30,0,76,61,1177.9,6.133333333333334,11,-0.2459016393442623,0,3,4,3,343,Loyal,0.2
U1707,2025-08-16,Bangalore,Basic,525,oneillgabriel@example.com,2026-09-30,0,73,73,1130.0,6.233333333333333,5,0.0,0,3,4,3,343,Loyal,0.2
U1708,2024-11-30,Bangalore,Enterprise,4957,hillmatthew@example.net,2026-09-30,0,149,129,2655.2999999999993,6.233333333333333,6,-0.15503875968992248,0,3,5,5,355,Loyal,0.2
U1709,2025-03-19,UK-London,Pro,1545,gchambers@example.org,2026-09-30,0,49,112,793.4,7.366666666666666,6,0.5625,0,3,2,5,325,At-Risk,0.48
U1710,2024-11-12,Bangalore,Basic,521,ortegakristina@example.org,2026-09-29,1,65,70,1063.0,6.733333333333333,7,0.07142857142857142,0,2,3,3,233,At-Risk,0.24
U1711,2024-12-08,Bangalore,Basic,495,bennettabigail@example.com,2026-09-30,0,14,64,213.8,3.033333333333333,11,0.78125,0,3,1,2,312,At-Risk,0.59
U1712,2026-08-10,Hyderabad,Basic,535,msherman@example.com,2026-09-29,1,20,71,302.1,3.1666666666666665,8,0.7183098591549296,0,2,2,3,223,At-Risk,0.56
U1713,2025-06-01,Hyderabad,Basic,546,yvonne35@example.net,2026-08-22,39,0,62,0.0,0.0,12,1.0,1,1,1,3,113,At-Risk,0.83
U1714,2025-07-16,Delhi,Basic,522,hestermorgan@example.org,2026-09-30,0,58,75,1015.2999999999998,6.133333333333334,20,0.22666666666666666,0,3,2,3,323,At-Risk,0.31
U1715,2024-10-01,Delhi,Pro,1506,ihardy@example.org,2026-09-30,0,129,118,2214.4999999999995,6.266666666666667,6,-0.09322033898305085,0,3,5,4,354,Loyal,0.2
U1716,2025-12-12,Delhi,Basic,473,stephanie35@example.com,2026-08-01,60,0,0,0.0,0.0,17,0.0,1,1,1,1,111,At-Risk,0.4
U1717,2025-12-24,Hyderabad,Pro,1496,qrobertson@example.org,2026-09-30,0,130,112,2065.6,7.033333333333333,18,-0.16071428571428573,0,3,5,4,354,Loyal,0.2
U1718,2024-10-01,Bangalore,Basic,523,allen50@example.net,2026-09-29,1,23,58,368.7,4.9,18,0.603448275862069,0,2,2,3,223,At-Risk,0.51
U1719,2025-05-24,US-East,Basic,534,fhall@example.com,2026-09-29,1,75,92,1204.8000000000002,8.033333333333333,13,0.18478260869565216,0,2,4,3,243,At-Risk,0.3
U1720,2026-03-22,Delhi,Enterprise,5012,baileysheila@example.com,2026-09-30,0,46,158,772.0,5.266666666666667,13,0.7088607594936709,0,3,2,5,325,At-Risk,0.55
U1721,2026-09-19,Mumbai,Basic,524,navarrokelly@example.org,2026-09-30,0,63,55,1004.1,7.0,13,-0.14545454545454545,0,3,3,3,333,Loyal,0.2
U1722,2026-03-02,Mumbai,Basic,502,andersonlaura@example.com,2026-09-30,0,23,65,400.3999999999999,4.066666666666666,24,0.6461538461538462,0,3,2,2,322,At-Risk,0.52
U1723,2026-05-29,Delhi,Basic,466,cjackson@example.org,2026-09-29,1,24,63,402.30000000000007,4.766666666666667,15,0.6190476190476191,0,2,2,1,221,At-Risk,0.51
U1724,2025-09-15,Bangalore,Pro,1538,johnjackson@example.net,2026-08-12,49,0,36,0.0,0.0,13,1.0,1,1,1,5,115,At-Risk,0.86
U1725,2026-02-21,Delhi,Enterprise,4995,grahamjennifer@example.org,2026-09-30,0,170,157,2913.1,6.733333333333333,10,-0.08280254777070063,0,3,5,5,355,Loyal,0.2
U1726,2026-08-08,Mumbai,Basic,524,raven43@example.net,2026-09-30,0,70,64,1253.4999999999998,6.6,12,-0.09375,0,3,3,3,333,Loyal,0.2
U1727,2025-04-05,Hyderabad,Basic,450,qlynn@example.org,2026-09-30,0,62,64,978.0,5.5,12,0.03125,0,3,3,1,331,Loyal,0.22
U1728,2026-01-27,Bangalore,Basic,475,sdavis@example.com,2026-09-30,0,79,68,1342.3000000000002,6.6,5,-0.16176470588235295,0,3,4,1,341,Loyal,0.2
U1729,2026-06-27,UK-London,Basic,511,schneidernicholas@example.net,2026-09-27,3,24,57,357.2,4.466666666666667,11,0.5789473684210527,0,1,2,2,122,At-Risk,0.5
U1730,2026-03-25,Hyderabad,Basic,461,yvaldez@example.net,2026-09-30,0,78,62,1250.0,5.466666666666667,11,-0.25806451612903225,0,3,4,1,341,Loyal,0.2
U1731,2026-09-04,Delhi,Pro,1511,ostokes@example.com,2026-09-30,0,119,101,2118.2000000000003,7.8,9,-0.1782178217821782,0,3,5,4,354,Loyal,0.2
U1732,2024-12-22,Hyderabad,Basic,533,rodriguezmatthew@example.net,2026-09-29,1,18,66,334.7,2.3,10,0.7272727272727273,0,2,1,3,213,At-Risk,0.57
U1733,2026-08-14,Mumbai,Basic,528,berrydavid@example.com,2026-09-29,1,78,67,1235.3000000000002,6.766666666666667,14,-0.16417910447761194,0,2,4,3,243,At-Risk,0.2
U1734,2026-08-26,UK-London,Basic,541,collinsbrittany@example.org,2026-09-30,0,58,84,1001.8000000000002,7.133333333333334,11,0.30952380952380953,0,3,3,3,333,Loyal,0.35
U1735,2026-06-09,US-East,Pro,1478,xflores@example.net,2026-09-30,0,120,96,1871.4,9.033333333333333,13,-0.25,0,3,5,4,354,Loyal,0.2
U1736,2026-08-11,UK-London,Basic,522,aprilguzman@example.org,2026-09-30,0,60,83,959.2,5.033333333333333,9,0.27710843373493976,0,3,3,3,333,Loyal,0.34
U1737,2024-12-15,Hyderabad,Pro,1485,medinasteven@example.org,2026-09-30,0,121,100,2226.4999999999995,7.066666666666666,10,-0.21,0,3,5,4,354,Loyal,0.2
U1738,2026-05-17,Hyderabad,Pro,1495,mary77@example.org,2026-09-30,0,88,101,1418.1,4.833333333333333,20,0.12871287128712872,0,3,4,4,344,Loyal,0.26
U1739,2025-12-12,Bangalore,Basic,525,juliesweeney@example.net,2026-09-29,1,24,64,404.3,3.8,9,0.625,0,2,2,3,223,At-Risk,0.52
U1740,2024-10-24,US-East,Basic,475,kyle14@example.net,2026-09-30,0,65,66,1103.5,7.033333333333333,10,0.015151515151515152,0,3,3,1,331,Loyal,0.21
U1741,2025-11-21,US-East,Enterprise,4968,troypadilla@example.com,2026-09-30,0,133,163,2225.2999999999997,7.233333333333333,8,0.18404907975460122,0,3,5,5,355,Loyal,0.29
U1742,2024-11-10,Hyderabad,Pro,1450,eric33@example.net,2026-09-29,1,39,106,652.1999999999999,5.233333333333333,14,0.6320754716981132,0,2,2,4,224,At-Risk,0.52
U1743,2026-03-20,Mumbai,Basic,517,melissaluna@example.com,2026-09-30,0,76,69,1212.4999999999998,6.933333333333334,20,-0.10144927536231885,0,3,4,3,343,Loyal,0.2
U1744,2026-09-17,UK-London,Pro,1493,vickiekelley@example.com,2026-09-30,0,93,128,1618.3000000000002,7.633333333333334,6,0.2734375,0,3,4,4,344,Loyal,0.34
U1745,2025-08-03,Mumbai,Basic,461,wmooney@example.com,2026-09-30,0,64,68,1030.4,6.5,9,0.058823529411764705,0,3,3,1,331,Loyal,0.23
U1746,2025-07-11,UK-London,Basic,541,justin38@example.com,2026-09-30,0,73,69,1149.1999999999998,6.966666666666667,7,-0.057971014492753624,0,3,4,3,343,Loyal,0.2
U1747,2024-12-09,Hyderabad,Basic,500,karen90@example.net,2026-09-30,0,84,62,1516.8000000000002,6.966666666666667,20,-0.3548387096774194,0,3,4,2,342,Loyal,0.2
U1748,2025-05-08,Delhi,Basic,467,barbararamos@example.com,2026-09-29,1,25,76,406.9,4.766666666666667,11,0.6710526315789473,0,2,2,1,221,At-Risk,0.54
U1749,2025-04-29,Hyderabad,Pro,1527,jasonbrock@example.org,2026-09-30,0,35,86,611.9,5.033333333333333,12,0.5930232558139535,0,3,2,5,325,At-Risk,0.5
U1750,2026-03-19,Delhi,Pro,1480,coxmelissa@example.org,2026-09-29,1,34,107,527.9,4.5,13,0.6822429906542056,0,2,2,4,224,At-Risk,0.54
U1751,2026-02-06,Mumbai,Pro,1453,nicholasmcgrath@example.net,2026-09-30,0,112,114,1804.1,7.733333333333333,18,0.017543859649122806,0,3,5,4,354,Loyal,0.21
U1752,2026-06-05,UK-London,Basic,523,davisterri@example.org,2026-09-30,0,68,75,1149.8,6.933333333333334,15,0.09333333333333334,0,3,3,3,333,Loyal,0.25
U1753,2026-08-19,Mumbai,Basic,516,bairddebra@example.net,2026-09-30,0,73,65,1187.3,7.0,8,-0.12307692307692308,0,3,4,3,343,Loyal,0.2
U1754,2025-08-11,Mumbai,Basic,525,courtneypowell@example.org,2026-09-30,0,67,72,1037.8999999999999,6.066666666666666,12,0.06944444444444445,0,3,3,3,333,Loyal,0.23
U1755,2024-12-24,Mumbai,Enterprise,5043,sburns@example.net,2026-09-30,0,44,165,713.4000000000001,5.766666666666667,7,0.7333333333333333,0,3,2,5,325,At-Risk,0.57
U1756,2026-08-26,Bangalore,Enterprise,5042,yparsons@example.net,2026-09-30,0,47,153,850.9000000000001,5.566666666666666,21,0.6928104575163399,0,3,2,5,325,At-Risk,0.55
U1757,2026-01-22,Bangalore,Basic,505,phancock@example.com,2026-09-30,0,66,59,949.8000000000001,5.933333333333334,15,-0.11864406779661017,0,3,3,2,332,Loyal,0.2
U1758,2025-04-17,Bangalore,Basic,543,hrichardson@example.org,2026-08-06,55,0,10,0.0,0.0,19,1.0,1,1,1,3,113,At-Risk,0.88
U1759,2024-11-28,Mumbai,Basic,507,gmay@example.org,2026-09-30,0,22,83,350.00000000000006,4.3,11,0.7349397590361446,0,3,2,2,322,At-Risk,0.57
U1760,2024-10-15,Mumbai,Basic,514,vhill@example.org,2026-09-30,0,81,75,1356.5,4.666666666666667,15,-0.08,0,3,4,2,342,Loyal,0.2
U1761,2026-05-01,Delhi,Basic,544,patrickcooke@example.net,2026-09-30,0,86,61,1257.3,9.866666666666667,17,-0.4098360655737705,0,3,4,3,343,Loyal,0.2
U1762,2025-08-11,UK-London,Pro,1487,corybrown@example.net,2026-09-30,0,152,108,2255.0,8.266666666666667,10,-0.4074074074074074,0,3,5,4,354,Loyal,0.2
U1763,2025-02-10,Bangalore,Enterprise,5036,longlisa@example.net,2026-09-29,1,147,174,2389.8,5.333333333333333,7,0.15517241379310345,0,2,5,5,255,At-Risk,0.28
U1764,2025-09-20,US-East,Pro,1452,molinajared@example.net,2026-09-30,0,130,128,2212.5,6.4,13,-0.015625,0,3,5,4,354,Loyal,0.2
U1765,2026-07-16,Mumbai,Pro,1460,michelleneal@example.org,2026-09-30,0,97,87,1741.3999999999999,7.966666666666667,21,-0.11494252873563218,0,3,4,4,344,Loyal,0.2
U1766,2025-11-07,Delhi,Basic,523,david29@example.org,2026-09-28,2,52,79,993.3000000000002,4.733333333333333,7,0.34177215189873417,0,1,2,3,123,At-Risk,0.38
U1767,2026-01-18,Delhi,Enterprise,4995,hartmelissa@example.org,2026-08-02,59,0,4,0.0,0.0,15,1.0,1,1,1,5,115,At-Risk,0.9
U1768,2024-11-29,Mumbai,Basic,519,huntermichael@example.net,2026-09-30,0,75,62,1166.4,6.933333333333334,17,-0.20967741935483872,0,3,4,3,343,Loyal,0.2
U1769,2025-02-01,Hyderabad,Basic,467,wrightbrandon@example.net,2026-09-30,0,81,83,1279.7000000000003,7.7,7,0.024096385542168676,0,3,4,1,341,Loyal,0.21
U1770,2026-07-21,Mumbai,Basic,491,donna72@example.net,2026-09-19,11,12,60,197.0,2.4,10,0.8,0,1,1,2,112,At-Risk,0.64
U1771,2025-09-22,Bangalore,Enterprise,4960,alexandra59@example.net,2026-09-30,0,52,186,843.6999999999999,6.166666666666667,8,0.7204301075268817,0,3,2,5,325,At-Risk,0.56
U1772,2025-10-06,Bangalore,Basic,502,batesbradley@example.org,2026-09-30,0,60,61,983.5,6.2,5,0.01639344262295082,0,3,3,2,332,Loyal,0.21
U1773,2025-02-13,Mumbai,Pro,1508,melissa32@example.net,2026-09-30,0,101,135,1526.0,6.433333333333334,11,0.2518518518518518,0,3,4,4,344,Loyal,0.33
U1774,2025-11-06,Hyderabad,Basic,486,joshua96@example.org,2026-09-29,1,47,65,842.9,5.066666666666666,15,0.27692307692307694,0,2,2,2,222,At-Risk,0.34
U1775,2025-11-04,US-East,Basic,458,patrick26@example.com,2026-09-29,1,21,68,384.09999999999997,3.1666666666666665,19,0.6911764705882353,0,2,2,1,221,At-Risk,0.55
U1776,2024-11-28,Delhi,Pro,1525,erica28@example.org,2026-09-30,0,117,125,1916.1,7.233333333333333,8,0.064,0,3,5,5,355,Loyal,0.23
U1777,2024-11-19,UK-London,Pro,1490,wanda35@example.net,2026-09-30,0,102,121,1632.6000000000001,5.933333333333334,16,0.15702479338842976,0,3,5,4,354,Loyal,0.28
U1778,2026-01-21,UK-London,Basic,528,roberthernandez@example.com,2026-09-29,1,71,61,1251.9,6.9,9,-0.16393442622950818,0,2,3,3,233,At-Risk,0.2
U1779,2025-07-02,Delhi,Basic,532,chrismartinez@example.org,2026-09-30,0,70,54,1155.1999999999996,6.033333333333333,11,-0.2962962962962963,0,3,3,3,333,Loyal,0.2
U1780,2026-02-10,Bangalore,Pro,1489,ojones@example.org,2026-09-30,0,111,120,1686.6000000000001,8.566666666666666,6,0.075,0,3,5,4,354,Loyal,0.24
U1781,2025-06-20,Mumbai,Enterprise,5037,kimberly23@example.com,2026-09-30,0,149,166,2333.6,6.233333333333333,16,0.10240963855421686,0,3,5,5,355,Loyal,0.25
U1782,2024-10-06,Delhi,Enterprise,5024,opetty@example.com,2026-09-30,0,31,176,500.8000000000001,4.766666666666667,16,0.8238636363636364,0,3,2,5,325,At-Risk,0.61
U1783,2026-08-24,Mumbai,Basic,544,thompsonjessica@example.com,2026-09-30,0,69,65,1043.3000000000002,6.7,10,-0.06153846153846154,0,3,3,3,333,Loyal,0.2
U1784,2025-12-02,Hyderabad,Pro,1487,wdavis@example.net,2026-09-30,0,36,90,535.3,5.333333333333333,12,0.6,0,3,2,4,324,At-Risk,0.5
U1785,2025-11-20,Delhi,Pro,1499,andrea91@example.org,2026-08-05,56,0,17,0.0,0.0,7,1.0,1,1,1,4,114,At-Risk,0.89
U1786,2025-01-31,UK-London,Basic,475,zwhite@example.net,2026-09-30,0,84,83,1139.8999999999999,6.966666666666667,14,-0.012048192771084338,0,3,4,1,341,Loyal,0.2
U1787,2026-02-05,Delhi,Pro,1526,iwoods@example.com,2026-09-29,1,27,111,498.3,5.2,15,0.7567567567567568,0,2,2,5,225,At-Risk,0.58
U1788,2024-10-05,Hyderabad,Basic,549,dianethomas@example.net,2026-09-30,0,62,66,1107.6,4.866666666666666,12,0.06060606060606061,0,3,3,4,334,Loyal,0.23
U1789,2026-03-19,US-East,Basic,472,sellersdanielle@example.com,2026-09-30,0,67,78,1195.8,6.566666666666666,18,0.14102564102564102,0,3,3,1,331,Loyal,0.27
U1790,2026-02-27,UK-London,Basic,526,erikabarnes@example.com,2026-09-30,0,64,81,1024.4,6.433333333333334,10,0.20987654320987653,0,2,3,3,233,At-Risk,0.3
U1791,2025-02-09,UK-London,Pro,1482,lauren84@example.com,2026-09-30,0,92,106,1494.0,7.1,11,0.1320754716981132,0,2,4,4,244,At-Risk,0.27
U1792,2026-08-25,Hyderabad,Enterprise,4970,kevinhodge@example.com,2026-09-30,0,152,155,2782.2000000000007,7.0,16,0.01935483870967742,0,2,5,5,255,At-Risk,0.21
U1793,2025-07-22,Hyderabad,Basic,493,megan11@example.net,2026-08-09,52,0,28,0.0,0.0,11,1.0,1,1,1,2,112,At-Risk,0.87
U1794,2025-03-23,UK-London,Basic,528,martinbrian@example.net,2026-09-30,0,17,72,297.7,3.1333333333333333,10,0.7638888888888888,0,2,1,3,213,At-Risk,0.58
U1795,2025-04-25,Delhi,Enterprise,5044,astokes@example.com,2026-08-21,40,0,97,0.0,0.0,12,1.0,1,1,1,5,115,At-Risk,0.83
U1796,2026-02-05,Hyderabad,Pro,1468,timothyrobertson@example.net,2026-09-29,1,32,100,571.3,4.266666666666667,13,0.68,0,2,2,4,224,At-Risk,0.54
U1797,2026-07-09,Bangalore,Enterprise,4971,sullivanchristina@example.net,2026-09-30,0,134,143,2104.5,6.3,14,0.06293706293706294,0,2,5,5,255,At-Risk,0.23
U1798,2024-10-04,Bangalore,Basic,464,vpark@example.com,2026-09-30,0,61,61,1029.8000000000002,6.533333333333333,6,0.0,0,2,3,1,231,At-Risk,0.2
U1799,2025-03-26,Hyderabad,Basic,469,lawsontami@example.net,2026-09-30,0,72,58,1234.6999999999998,7.066666666666666,14,-0.2413793103448276,0,2,4,1,241,At-Risk,0.2
U1800,2026-08-09,UK-London,Pro,1543,gregoryrichardson@example.org,2026-09-30,0,115,124,1899.1000000000001,7.066666666666666,10,0.07258064516129033,0,2,5,5,255,At-Risk,0.24
U1801,2025-10-08,Hyderabad,Basic,464,hendersonnicholas@example.com,2026-09-29,1,56,64,989.4000000000001,5.733333333333333,15,0.125,0,2,2,1,221,At-Risk,0.27
U1802,2026-09-06,UK-London,Enterprise,5009,robin38@example.org,2026-09-29,1,42,160,737.3000000000001,4.933333333333334,14,0.7375,0,2,2,5,225,At-Risk,0.57
U1803,2025-04-28,Hyderabad,Basic,465,ncarter@example.org,2026-09-30,0,82,81,1402.2999999999997,7.066666666666666,15,-0.012345679012345678,0,2,4,1,241,At-Risk,0.2
U1804,2026-03-21,Hyderabad,Pro,1546,trobinson@example.net,2026-09-30,0,120,131,2042.6,7.233333333333333,9,0.08396946564885496,0,2,5,5,255,At-Risk,0.24
U1805,2025-10-10,Bangalore,Basic,535,wallspatricia@example.com,2026-09-30,0,74,73,1283.1999999999998,7.233333333333333,14,-0.0136986301369863,0,2,4,3,243,At-Risk,0.2
U1806,2024-11-09,Bangalore,Pro,1526,gilbertmark@example.com,2026-09-30,0,103,109,1752.5999999999997,6.4,9,0.05504587155963303,0,2,5,5,255,At-Risk,0.23
U1807,2024-12-16,Delhi,Basic,479,pamela26@example.com,2026-09-30,0,69,62,1340.8999999999999,5.0,9,-0.11290322580645161,0,2,3,1,231,At-Risk,0.2
U1808,2024-10-05,Hyderabad,Basic,531,fvasquez@example.net,2026-08-23,38,0,47,0.0,0.0,15,1.0,1,1,1,3,113,At-Risk,0.83
U1809,2025-10-09,UK-London,Basic,535,robertgentry@example.org,2026-09-30,0,77,47,1215.7,6.766666666666667,10,-0.6382978723404256,0,2,4,3,243,At-Risk,0.2
U1810,2025-01-20,US-East,Pro,1532,jeremy65@example.com,2026-09-30,0,98,103,1572.8,5.033333333333333,7,0.04854368932038835,0,2,4,5,245,At-Risk,0.22
U1811,2025-06-22,Delhi,Basic,477,amandaadams@example.com,2026-09-29,1,69,78,1008.7000000000002,5.633333333333334,14,0.11538461538461539,0,2,3,1,231,At-Risk,0.26
U1812,2026-01-21,Delhi,Basic,543,wmartin@example.net,2026-09-30,0,65,61,968.8999999999999,3.7333333333333334,7,-0.06557377049180328,0,2,3,3,233,At-Risk,0.2
U1813,2025-08-11,US-East,Basic,517,nicole31@example.org,2026-09-29,1,60,68,1106.1000000000001,6.333333333333333,15,0.11764705882352941,0,2,3,3,233,At-Risk,0.26
U1814,2025-04-24,Delhi,Basic,520,ralphmanning@example.org,2026-09-30,0,73,93,1229.7,5.833333333333333,12,0.21505376344086022,0,2,4,3,243,At-Risk,0.31
U1815,2025-01-24,Hyderabad,Basic,492,stacymoyer@example.com,2026-09-30,0,89,69,1354.1,6.6,17,-0.2898550724637681,0,2,4,2,242,At-Risk,0.2
U1816,2024-12-24,Bangalore,Basic,487,zpierce@example.net,2026-09-30,0,84,65,1249.1,5.533333333333333,16,-0.2923076923076923,0,2,4,2,242,At-Risk,0.2
U1817,2026-03-04,Bangalore,Enterprise,4977,karen68@example.net,2026-09-30,0,173,155,2922.000000000001,6.266666666666667,13,-0.11612903225806452,0,2,5,5,255,At-Risk,0.2
U1818,2026-08-04,Bangalore,Basic,468,ganderson@example.org,2026-09-29,1,60,70,953.7,5.233333333333333,8,0.14285714285714285,0,2,3,1,231,At-Risk,0.27
U1819,2024-12-30,Delhi,Basic,506,vincent30@example.net,2026-09-30,0,22,77,369.0,2.933333333333333,16,0.7142857142857143,0,2,2,2,222,At-Risk,0.56
U1820,2026-05-27,Delhi,Basic,529,vbray@example.org,2026-09-30,0,73,72,1100.2,7.966666666666667,12,-0.013888888888888888,0,2,4,3,243,At-Risk,0.2
U1821,2025-08-12,Hyderabad,Basic,518,justin16@example.org,2026-09-30,0,68,80,1059.1,5.733333333333333,21,0.15,0,2,3,3,233,At-Risk,0.28
U1822,2025-12-23,Bangalore,Basic,481,johnwang@example.com,2026-08-15,46,0,21,0.0,0.0,11,1.0,1,1,1,1,111,At-Risk,0.85
U1823,2026-09-24,Bangalore,Pro,1517,elizabethpatterson@example.com,2026-09-30,0,110,101,1982.3,6.366666666666666,10,-0.0891089108910891,0,2,5,5,255,At-Risk,0.2
U1824,2026-02-26,Hyderabad,Basic,532,hayneswayne@example.org,2026-09-30,0,75,100,1269.0000000000002,7.0,14,0.25,0,2,4,3,243,At-Risk,0.32
U1825,2025-02-13,Delhi,Pro,1487,jeromeanderson@example.org,2026-08-20,41,0,67,0.0,0.0,13,1.0,1,1,1,4,114,At-Risk,0.84
U1826,2025-04-16,UK-London,Pro,1467,sarahsimmons@example.net,2026-09-30,0,115,115,1843.3,6.4,11,0.0,0,2,5,4,254,At-Risk,0.2
U1827,2025-02-21,US-East,Pro,1491,jamesalicia@example.net,2026-09-30,0,96,110,1596.2999999999997,5.0,10,0.12727272727272726,0,2,4,4,244,At-Risk,0.26
U1828,2026-01-04,Hyderabad,Basic,505,jeffreysimmons@example.org,2026-08-13,48,0,32,0.0,0.0,15,1.0,1,1,1,2,112,At-Risk,0.86
U1829,2025-10-06,Hyderabad,Basic,501,torresjoseph@example.com,2026-09-30,0,78,80,1308.8999999999999,5.4,14,0.025,0,2,4,2,242,At-Risk,0.21
U1830,2026-08-18,Bangalore,Pro,1531,dwright@example.org,2026-09-30,0,30,81,527.0,5.6,9,0.6296296296296297,0,2,2,5,225,At-Risk,0.51
U1831,2024-10-28,Mumbai,Basic,538,guerreromarc@example.com,2026-09-30,0,70,77,1121.0,7.433333333333334,10,0.09090909090909091,0,2,3,3,233,At-Risk,0.25
U1832,2025-09-08,Mumbai,Basic,471,jordanjohnny@example.com,2026-09-30,0,63,64,1025.1000000000001,6.233333333333333,17,0.015625,0,2,3,1,231,At-Risk,0.21
U1833,2025-06-21,Hyderabad,Basic,457,daniel08@example.org,2026-09-29,1,84,81,1367.3,6.6,9,-0.037037037037037035,0,2,4,1,241,At-Risk,0.2
U1834,2025-05-28,Bangalore,Basic,487,julia98@example.net,2026-09-30,0,56,75,936.6999999999999,5.7,14,0.25333333333333335,0,2,2,2,222,At-Risk,0.33
U1835,2025-06-27,UK-London,Enterprise,4959,jason61@example.org,2026-09-30,0,146,130,2443.0,5.533333333333333,11,-0.12307692307692308,0,2,5,5,255,At-Risk,0.2
U1836,2025-01-02,Bangalore,Pro,1459,williamstanya@example.net,2026-09-29,1,87,107,1350.6999999999998,6.2,15,0.18691588785046728,0,2,4,4,244,At-Risk,0.3
U1837,2026-05-18,Bangalore,Basic,467,janetschaefer@example.org,2026-08-17,44,0,42,0.0,0.0,15,1.0,1,1,1,1,111,At-Risk,0.85
U1838,2026-08-17,UK-London,Pro,1490,kevin73@example.net,2026-09-30,0,109,90,1981.6,6.4,10,-0.2111111111111111,0,2,5,4,254,At-Risk,0.2
U1839,2026-03-09,Bangalore,Basic,520,andersonrobert@example.net,2026-08-20,41,0,37,0.0,0.0,17,1.0,1,1,1,3,113,At-Risk,0.84
U1840,2025-04-01,UK-London,Basic,495,patricia71@example.com,2026-09-30,0,21,65,359.9,4.466666666666667,13,0.676923076923077,0,2,2,2,222,At-Risk,0.54
U1841,2024-11-17,Bangalore,Basic,509,gmills@example.org,2026-09-30,0,62,95,1197.9999999999998,6.9,16,0.3473684210526316,0,2,3,2,232,At-Risk,0.37
U1842,2025-01-28,Hyderabad,Enterprise,4974,heather24@example.org,2026-09-29,1,117,167,1927.8999999999999,7.033333333333333,16,0.2994011976047904,0,2,5,5,255,At-Risk,0.35
U1843,2026-08-27,Hyderabad,Pro,1491,bauerheather@example.net,2026-08-25,36,0,78,0.0,0.0,6,1.0,1,1,1,4,114,At-Risk,0.82
U1844,2026-05-16,US-East,Enterprise,4994,gcohen@example.org,2026-09-30,0,174,186,3142.9,6.266666666666667,17,0.06451612903225806,0,2,5,5,255,At-Risk,0.23
U1845,2025-01-27,Delhi,Pro,1461,yhart@example.com,2026-08-02,59,0,7,0.0,0.0,15,1.0,1,1,1,4,114,At-Risk,0.9
U1846,2025-12-16,UK-London,Pro,1502,jackmoore@example.org,2026-08-04,57,0,20,0.0,0.0,5,1.0,1,1,1,4,114,At-Risk,0.89
U1847,2025-12-05,UK-London,Basic,452,suarezkrystal@example.com,2026-09-29,1,71,69,1154.2,7.166666666666667,8,-0.028985507246376812,0,2,3,1,231,At-Risk,0.2
U1848,2025-10-01,Delhi,Basic,455,kevin34@example.net,2026-09-30,0,48,55,821.0,6.466666666666667,14,0.12727272727272726,0,2,2,1,221,At-Risk,0.26
U1849,2025-04-13,Bangalore,Basic,540,jacksonbrandon@example.org,2026-09-30,0,21,75,354.1,4.0,11,0.72,0,2,2,3,223,At-Risk,0.56
U1850,2025-04-30,US-East,Enterprise,4971,sheriramirez@example.org,2026-08-02,59,0,4,0.0,0.0,14,1.0,1,1,1,5,115,At-Risk,0.9
U1851,2025-04-14,Bangalore,Basic,505,dayjohn@example.org,2026-09-29,1,67,77,1105.5,6.033333333333333,9,0.12987012987012986,0,2,3,2,232,At-Risk,0.27
U1852,2025-10-24,UK-London,Basic,477,wongcynthia@example.com,2026-09-28,2,67,84,1151.2,5.4,17,0.20238095238095238,0,1,3,1,131,At-Risk,0.31
U1853,2025-05-23,Hyderabad,Basic,462,jennifer69@example.com,2026-09-30,0,69,81,1128.3,5.6,6,0.14814814814814814,0,2,3,1,231,At-Risk,0.27
U1854,2025-05-23,UK-London,Basic,540,garrettalex@example.com,2026-09-30,0,73,79,1165.8,6.666666666666667,14,0.0759493670886076,0,2,4,3,243,At-Risk,0.24
U1855,2025-03-08,UK-London,Enterprise,4978,gregory08@example.net,2026-09-30,0,46,130,821.8000000000002,5.0,7,0.6461538461538462,0,2,2,5,225,At-Risk,0.52
U1856,2026-09-13,US-East,Enterprise,5027,sharphailey@example.net,2026-08-03,58,0,8,0.0,0.0,7,1.0,1,1,1,5,115,At-Risk,0.89
U1857,2025-04-04,Delhi,Basic,499,lisawalker@example.com,2026-09-30,0,54,65,792.1,3.7,16,0.16923076923076924,0,2,2,2,222,At-Risk,0.28
U1858,2025-02-24,Bangalore,Basic,495,omoore@example.net,2026-09-30,0,25,68,369.29999999999995,4.333333333333333,16,0.6323529411764706,0,2,2,2,222,At-Risk,0.52
U1859,2026-03-13,UK-London,Pro,1486,eddie71@example.com,2026-09-30,0,126,116,2162.0,7.266666666666667,14,-0.08620689655172414,0,2,5,4,254,At-Risk,0.2
U1860,2025-02-08,Delhi,Basic,455,lisathompson@example.net,2026-09-30,0,22,74,345.00000000000006,2.566666666666667,8,0.7027027027027027,0,2,2,1,221,At-Risk,0.55
U1861,2025-09-22,Mumbai,Pro,1489,deborahsmith@example.org,2026-08-26,35,0,99,0.0,0.0,11,1.0,1,1,1,4,114,At-Risk,0.82
U1862,2026-07-07,Delhi,Basic,455,mmcdaniel@example.org,2026-09-30,0,61,67,1030.0,6.366666666666666,15,0.08955223880597014,0,2,3,1,231,At-Risk,0.24
U1863,2025-01-11,Mumbai,Basic,539,psanchez@example.com,2026-08-10,51,0,16,35.4,0.0,14,1.0,1,1,1,3,113,At-Risk,0.87
U1864,2024-12-11,Delhi,Basic,501,jessicamorton@example.net,2026-09-30,0,70,64,1062.4999999999998,7.1,10,-0.09375,0,2,3,2,232,At-Risk,0.2
U1865,2024-12-10,Hyderabad,Pro,1465,asmith@example.net,2026-08-17,44,0,67,0.0,0.0,11,1.0,1,1,1,4,114,At-Risk,0.85
U1866,2026-08-12,UK-London,Pro,1538,johnmiller@example.org,2026-09-30,0,87,111,1432.9,7.833333333333333,15,0.21621621621621623,0,2,4,5,245,At-Risk,0.31
U1867,2026-08-15,UK-London,Basic,498,sparksalbert@example.org,2026-09-30,0,61,64,1011.9,7.066666666666666,9,0.046875,0,2,3,2,232,At-Risk,0.22
U1868,2025-10-29,Bangalore,Pro,1456,melissa13@example.org,2026-09-30,0,120,112,1813.5000000000002,7.633333333333334,8,-0.07142857142857142,0,2,5,4,254,At-Risk,0.2
U1869,2025-09-14,Bangalore,Basic,484,tochoa@example.com,2026-09-30,0,24,62,447.40000000000003,3.966666666666667,12,0.6129032258064516,0,2,2,2,222,At-Risk,0.51
U1870,2025-09-13,Bangalore,Basic,491,brianholt@example.net,2026-09-30,0,65,77,1082.0,6.033333333333333,13,0.15584415584415584,0,2,3,2,232,At-Risk,0.28
U1871,2025-10-30,UK-London,Basic,466,bryancurtis@example.com,2026-09-29,1,40,64,576.9000000000001,6.7,15,0.375,0,2,2,1,221,At-Risk,0.39
U1872,2024-12-12,US-East,Basic,464,othomas@example.org,2026-09-30,0,80,79,1535.3,6.966666666666667,12,-0.012658227848101266,0,2,4,1,241,At-Risk,0.2
U1873,2025-03-13,Bangalore,Basic,507,phernandez@example.com,2026-09-30,0,62,75,1011.9999999999999,5.966666666666667,12,0.17333333333333334,0,2,3,2,232,At-Risk,0.29
U1874,2025-03-12,US-East,Basic,465,tmcdaniel@example.org,2026-08-18,43,0,40,0.0,0.0,8,1.0,1,1,1,1,111,At-Risk,0.84
U1875,2025-09-23,UK-London,Basic,538,walkerstephanie@example.com,2026-09-30,0,76,67,1351.7000000000003,6.033333333333333,4,-0.13432835820895522,0,2,4,3,243,At-Risk,0.16
U1876,2025-06-16,Delhi,Basic,452,david10@example.net,2026-08-14,47,0,36,0.0,0.0,8,1.0,1,1,1,1,111,At-Risk,0.86
U1877,2025-01-17,UK-London,Basic,523,mmoreno@example.org,2026-09-30,0,67,71,1110.3,5.8,16,0.056338028169014086,0,2,3,3,233,At-Risk,0.23
U1878,2026-02-06,Hyderabad,Pro,1542,patriciamcdaniel@example.net,2026-08-07,54,0,22,0.0,0.0,13,1.0,1,1,1,5,115,At-Risk,0.88
U1879,2026-05-18,Mumbai,Basic,501,nancy47@example.net,2026-09-29,1,76,66,1361.2000000000003,6.833333333333333,18,-0.15151515151515152,0,2,4,2,242,At-Risk,0.2
U1880,2025-06-25,US-East,Basic,449,lisa10@example.org,2026-08-09,52,0,18,0.0,0.0,12,1.0,1,1,1,1,111,At-Risk,0.87
U1881,2026-04-19,Mumbai,Basic,535,lukemyers@example.net,2026-09-29,1,55,67,895.3000000000001,6.733333333333333,12,0.1791044776119403,0,2,2,3,223,At-Risk,0.29
U1882,2026-05-03,UK-London,Basic,518,hbriggs@example.net,2026-09-30,0,82,61,1435.9999999999998,7.133333333333334,8,-0.3442622950819672,0,2,4,3,243,At-Risk,0.2
U1883,2025-08-07,UK-London,Pro,1467,duane52@example.org,2026-09-30,0,29,102,414.3,3.7333333333333334,11,0.7156862745098039,0,2,2,4,224,At-Risk,0.56
U1884,2026-04-12,UK-London,Basic,549,luis67@example.net,2026-09-30,0,29,65,524.4,4.066666666666666,11,0.5538461538461539,0,2,2,4,224,At-Risk,0.48
U1885,2026-09-09,Mumbai,Basic,481,devon36@example.com,2026-09-30,0,74,63,1111.1000000000001,6.9,11,-0.1746031746031746,0,2,4,1,241,At-Risk,0.2
U1886,2025-11-04,Hyderabad,Basic,542,opatel@example.com,2026-08-26,35,0,52,0.0,0.0,10,1.0,1,1,1,3,113,At-Risk,0.82
U1887,2024-11-29,Delhi,Basic,469,xrose@example.net,2026-09-30,0,71,68,1139.3999999999999,7.266666666666667,9,-0.04411764705882353,0,2,3,1,231,At-Risk,0.2
U1888,2026-05-14,US-East,Basic,481,jacquelineyoung@example.org,2026-09-30,0,76,56,1400.7,7.4,14,-0.35714285714285715,0,2,4,1,241,At-Risk,0.2
U1889,2025-02-24,US-East,Basic,463,coxthomas@example.org,2026-09-30,0,58,72,880.6999999999999,6.3,14,0.19444444444444445,0,2,3,1,231,At-Risk,0.3
U1890,2026-08-02,US-East,Pro,1492,pruittmichael@example.org,2026-09-30,0,38,102,720.3000000000001,5.466666666666667,10,0.6274509803921569,0,2,2,4,224,At-Risk,0.51
U1891,2025-05-02,Bangalore,Basic,455,maryarnold@example.com,2026-09-28,2,27,73,452.8,3.5,6,0.6301369863013698,0,1,2,1,121,At-Risk,0.52
U1892,2025-03-25,Hyderabad,Enterprise,4986,briantaylor@example.net,2026-09-30,0,153,168,2752.1,5.8,9,0.08928571428571429,0,2,5,5,255,At-Risk,0.24
U1893,2026-02-24,Delhi,Basic,507,squinn@example.com,2026-08-16,45,0,35,0.0,0.0,13,1.0,1,1,1,2,112,At-Risk,0.85
U1894,2025-06-27,Bangalore,Basic,516,batescharles@example.net,2026-09-30,0,81,68,1260.3999999999999,6.933333333333334,13,-0.19117647058823528,0,2,4,3,243,At-Risk,0.2
U1895,2026-06-26,Hyderabad,Basic,546,thomasdonald@example.org,2026-09-30,0,18,65,255.89999999999998,3.1,16,0.7230769230769231,0,2,1,3,213,At-Risk,0.56
U1896,2024-11-24,UK-London,Pro,1514,lhernandez@example.com,2026-09-30,0,100,98,1453.0999999999997,7.8,5,-0.02040816326530612,0,2,4,5,245,At-Risk,0.2
U1897,2026-03-25,UK-London,Pro,1490,theodore57@example.net,2026-09-30,0,120,112,2279.5000000000005,6.133333333333334,13,-0.07142857142857142,0,2,5,4,254,At-Risk,0.2
U1898,2026-02-18,Delhi,Pro,1533,daniel00@example.net,2026-09-28,2,29,153,462.0,3.3333333333333335,5,0.8104575163398693,0,1,2,5,125,At-Risk,0.61
U1899,2026-03-31,UK-London,Basic,487,alexwall@example.net,2026-09-27,3,16,62,292.8,2.8333333333333335,8,0.7419354838709677,0,1,1,2,112,At-Risk,0.58
U1900,2026-08-22,Hyderabad,Pro,1499,qspencer@example.net,2026-09-30,0,117,110,1741.7,6.8,10,-0.06363636363636363,0,2,5,4,254,At-Risk,0.2
U1901,2025-09-30,Delhi,Pro,1506,rodneymoore@example.org,2026-09-30,0,140,108,2414.0000000000005,8.266666666666667,12,-0.2962962962962963,0,2,5,4,254,At-Risk,0.2
U1902,2025-10-14,US-East,Basic,535,juliamorales@example.org,2026-09-30,0,73,73,1177.8000000000002,7.933333333333334,11,0.0,0,2,4,3,243,At-Risk,0.2
U1903,2025-03-07,US-East,Pro,1544,lynndaugherty@example.net,2026-09-30,0,40,121,674.6,4.533333333333333,16,0.6694214876033058,0,2,2,5,225,At-Risk,0.53
U1904,2026-06-05,Bangalore,Pro,1487,pwoods@example.net,2026-09-30,0,139,102,2106.8,6.933333333333334,15,-0.3627450980392157,0,2,5,4,254,At-Risk,0.2
U1905,2025-07-21,US-East,Basic,451,zmartin@example.com,2026-08-01,60,0,0,0.0,0.0,13,0.0,1,1,1,1,111,At-Risk,0.4
U1906,2026-01-14,Hyderabad,Basic,477,josephgarcia@example.com,2026-09-29,1,24,64,439.69999999999993,4.0,8,0.625,0,2,2,1,221,At-Risk,0.52
U1907,2025-12-13,UK-London,Basic,460,anthony42@example.net,2026-09-28,2,16,66,254.9,2.5,11,0.7575757575757576,0,1,1,1,111,At-Risk,0.59
U1908,2024-12-15,US-East,Basic,541,carlaavila@example.com,2026-08-17,44,0,46,0.0,0.0,18,1.0,1,1,1,3,113,At-Risk,0.85
U1909,2025-02-13,Mumbai,Basic,532,daniellejohnson@example.com,2026-08-12,49,0,12,0.0,0.0,13,1.0,1,1,1,3,113,At-Risk,0.86
U1910,2024-11-30,Bangalore,Basic,533,elliottkristy@example.org,2026-09-27,3,17,63,317.6,3.6666666666666665,8,0.7301587301587301,0,1,1,3,113,At-Risk,0.58
U1911,2024-11-03,US-East,Basic,515,hardingalan@example.com,2026-09-30,0,23,63,406.5,5.066666666666666,6,0.6349206349206349,0,2,2,3,223,At-Risk,0.52
U1912,2026-03-31,Hyderabad,Pro,1526,uporter@example.com,2026-08-03,58,0,11,0.0,0.0,3,1.0,1,1,1,5,115,At-Risk,0.81
U1913,2026-03-12,Delhi,Enterprise,5019,jacquelinedavis@example.com,2026-08-11,50,0,42,0.0,0.0,10,1.0,1,1,1,5,115,At-Risk,0.87
U1914,2026-07-15,UK-London,Basic,546,shawkimberly@example.org,2026-09-30,0,80,65,1268.1,6.1,8,-0.23076923076923078,0,2,4,3,243,At-Risk,0.2
U1915,2025-12-01,Delhi,Basic,549,cwoods@example.com,2026-09-30,0,66,81,1030.2,5.266666666666667,14,0.18518518518518517,0,2,3,4,234,At-Risk,0.29
U1916,2025-01-24,Mumbai,Basic,528,omiller@example.org,2026-09-29,1,68,63,1072.1999999999998,7.4,8,-0.07936507936507936,0,2,3,3,233,At-Risk,0.2
U1917,2026-08-25,Delhi,Pro,1537,nicoleaguirre@example.net,2026-09-30,0,33,124,534.3000000000001,3.8,15,0.7338709677419355,0,2,2,5,225,At-Risk,0.57
U1918,2025-01-09,Delhi,Enterprise,5029,victoriamason@example.net,2026-09-30,0,119,157,2062.1,7.0,15,0.24203821656050956,0,2,5,5,255,At-Risk,0.32
U1919,2025-12-17,UK-London,Pro,1526,seth25@example.com,2026-09-30,0,114,120,1777.7,6.9,21,0.05,0,2,5,5,255,At-Risk,0.22
U1920,2025-06-19,Delhi,Basic,471,twilliams@example.net,2026-09-30,0,64,69,1005.1999999999999,5.333333333333333,9,0.07246376811594203,0,2,3,1,231,At-Risk,0.24
U1921,2025-07-08,US-East,Enterprise,4991,wendylawson@example.org,2026-09-30,0,148,131,2344.8,7.166666666666667,11,-0.1297709923664122,0,2,5,5,255,At-Risk,0.2
U1922,2025-11-16,UK-London,Basic,461,adavis@example.org,2026-08-25,36,0,58,0.0,0.0,14,1.0,1,1,1,1,111,At-Risk,0.82
U1923,2026-04-11,Hyderabad,Basic,466,amy17@example.org,2026-08-24,37,0,72,0.0,0.0,12,1.0,1,1,1,1,111,At-Risk,0.82
U1924,2025-08-27,Delhi,Pro,1540,sarahmartin@example.com,2026-09-30,0,150,114,2630.7000000000003,7.666666666666667,15,-0.3157894736842105,0,2,5,5,255,At-Risk,0.2
U1925,2025-11-23,Bangalore,Pro,1480,christopher27@example.com,2026-09-30,0,121,104,2268.0999999999995,6.666666666666667,9,-0.16346153846153846,0,2,5,4,254,At-Risk,0.2
U1926,2026-09-18,Hyderabad,Basic,540,kathryn72@example.org,2026-09-30,0,19,58,313.3,4.033333333333333,12,0.6724137931034483,0,2,1,3,213,At-Risk,0.54
U1927,2026-09-08,UK-London,Basic,546,swilliams@example.com,2026-07-31,61,0,0,0.0,0.0,9,0.0,1,1,1,3,113,At-Risk,0.4
U1928,2025-07-24,Mumbai,Basic,456,scotthunt@example.net,2026-09-29,1,69,76,1142.3,5.166666666666667,8,0.09210526315789473,0,2,3,1,231,At-Risk,0.25
U1929,2026-08-24,UK-London,Basic,493,christopher68@example.com,2026-09-28,2,53,63,795.1999999999999,4.533333333333333,11,0.15873015873015872,0,1,2,2,122,At-Risk,0.29
U1930,2025-04-08,Delhi,Basic,468,oliverdawn@example.net,2026-09-30,0,67,78,1192.5,6.533333333333333,7,0.14102564102564102,0,2,3,1,231,At-Risk,0.27
U1931,2026-04-29,Mumbai,Basic,514,mooredaniel@example.com,2026-09-30,0,70,57,1282.6,6.1,14,-0.22807017543859648,0,2,3,2,232,At-Risk,0.2
U1932,2025-01-22,US-East,Basic,495,onash@example.com,2026-08-01,60,0,0,0.0,0.0,21,0.0,1,1,1,2,112,At-Risk,0.4
U1933,2026-06-29,US-East,Enterprise,5003,baileytaylor@example.net,2026-09-30,0,131,191,2222.9,5.966666666666667,16,0.31413612565445026,0,2,5,5,255,At-Risk,0.36
U1934,2026-07-18,Bangalore,Pro,1501,lrodriguez@example.net,2026-09-30,0,107,122,1697.3,5.466666666666667,4,0.12295081967213115,0,2,5,4,254,At-Risk,0.22
U1935,2024-12-17,UK-London,Pro,1493,mtate@example.com,2026-09-30,0,36,115,620.1999999999999,5.633333333333334,9,0.6869565217391305,0,2,2,4,224,At-Risk,0.54
U1936,2025-05-26,Delhi,Basic,513,matthew97@example.org,2026-09-30,0,71,41,1193.8,5.6,12,-0.7317073170731707,0,2,3,2,232,At-Risk,0.2
U1937,2026-02-23,UK-London,Basic,471,dwilson@example.org,2026-09-30,0,67,77,980.4000000000001,6.033333333333333,12,0.12987012987012986,0,2,3,1,231,At-Risk,0.26
U1938,2025-10-31,Bangalore,Basic,530,nthomas@example.com,2026-09-30,0,64,69,1004.6,6.966666666666667,14,0.07246376811594203,0,2,3,3,233,At-Risk,0.24
U1939,2025-11-17,Hyderabad,Pro,1540,zbrown@example.com,2026-09-30,0,107,104,1750.8999999999999,9.3,9,-0.028846153846153848,0,2,5,5,255,At-Risk,0.2
U1940,2026-04-28,Delhi,Pro,1467,nlewis@example.org,2026-09-29,1,39,96,637.1999999999999,6.3,12,0.59375,0,2,2,4,224,At-Risk,0.5
U1941,2026-08-25,Hyderabad,Basic,497,onelson@example.org,2026-09-30,0,71,67,1212.6000000000001,6.7,8,-0.05970149253731343,0,2,3,2,232,At-Risk,0.2
U1942,2024-11-29,Bangalore,Enterprise,5046,hillchristopher@example.net,2026-09-30,0,51,154,888.7999999999998,6.233333333333333,16,0.6688311688311688,0,2,2,5,225,At-Risk,0.53
U1943,2025-08-24,UK-London,Pro,1525,qwarren@example.com,2026-09-29,1,120,127,1958.3999999999999,6.666666666666667,10,0.05511811023622047,0,2,5,5,255,At-Risk,0.23
U1944,2025-02-10,Hyderabad,Pro,1502,davisrachel@example.com,2026-09-30,0,109,89,1786.2000000000005,7.6,14,-0.2247191011235955,0,2,5,4,254,At-Risk,0.2
U1945,2026-09-02,Hyderabad,Basic,483,franklin56@example.com,2026-09-30,0,70,68,1224.4999999999998,6.2,10,-0.029411764705882353,0,2,3,2,232,At-Risk,0.2
U1946,2025-09-11,UK-London,Basic,520,tammykim@example.net,2026-09-30,0,77,63,1318.0,4.333333333333333,17,-0.2222222222222222,0,2,4,3,243,At-Risk,0.2
U1947,2025-11-19,UK-London,Basic,533,hoffmanpatricia@example.org,2026-09-30,0,77,76,1250.8999999999999,8.066666666666666,13,-0.013157894736842105,0,2,4,3,243,At-Risk,0.2
U1948,2024-11-24,US-East,Basic,473,mariodowns@example.net,2026-09-30,0,65,66,943.3000000000001,6.666666666666667,12,0.015151515151515152,0,2,3,1,231,At-Risk,0.21
U1949,2026-03-25,UK-London,Basic,471,alexis72@example.com,2026-08-16,45,0,33,0.0,0.0,15,1.0,1,1,1,1,111,At-Risk,0.85
U1950,2026-06-21,Bangalore,Basic,471,conneremily@example.com,2026-09-30,0,69,66,1183.3999999999999,7.466666666666667,15,-0.045454545454545456,0,2,3,1,231,At-Risk,0.2
U1951,2025-10-14,US-East,Basic,466,mcneilsherry@example.org,2026-07-31,61,0,0,0.0,0.0,11,0.0,1,1,1,1,111,At-Risk,0.4
U1952,2026-01-05,Delhi,Basic,469,johnsonjulie@example.org,2026-09-29,1,31,71,570.2999999999998,5.5,6,0.5633802816901409,0,2,2,1,221,At-Risk,0.49
U1953,2025-08-01,Bangalore,Basic,493,carolynrobinson@example.org,2026-09-30,0,56,80,848.2,5.266666666666667,12,0.3,0,2,2,2,222,At-Risk,0.35
U1954,2026-08-25,Bangalore,Basic,495,woodmichael@example.com,2026-09-30,0,77,78,1297.6999999999998,7.033333333333333,12,0.01282051282051282,0,2,4,2,242,At-Risk,0.21
U1955,2026-07-15,Mumbai,Basic,455,lyonsdeborah@example.com,2026-09-30,0,62,101,1214.9,5.066666666666666,15,0.38613861386138615,0,2,3,1,231,At-Risk,0.39
U1956,2025-07-28,Hyderabad,Pro,1539,michael86@example.net,2026-09-30,0,115,132,1985.3000000000002,6.0,13,0.12878787878787878,0,2,5,5,255,At-Risk,0.26
U1957,2026-09-10,Delhi,Basic,505,daniel27@example.com,2026-09-30,0,71,57,1185.9,5.966666666666667,14,-0.24561403508771928,0,2,3,2,232,At-Risk,0.2
U1958,2025-06-28,Mumbai,Pro,1488,amyjames@example.net,2026-08-18,43,0,51,0.0,0.0,17,1.0,1,1,1,4,114,At-Risk,0.84
U1959,2026-02-13,US-East,Pro,1497,swalters@example.net,2026-08-17,44,0,62,0.0,0.0,11,1.0,1,1,1,4,114,At-Risk,0.85
U1960,2026-08-14,US-East,Basic,540,cowanlinda@example.org,2026-09-30,0,77,55,1292.1000000000004,7.966666666666667,5,-0.4,0,2,4,3,243,At-Risk,0.2
U1961,2024-12-03,Delhi,Basic,514,jensenrobert@example.com,2026-09-30,0,68,75,1223.2999999999997,6.366666666666666,13,0.09333333333333334,0,2,3,2,232,At-Risk,0.25
U1962,2026-03-30,Mumbai,Basic,489,schultzwesley@example.org,2026-09-30,0,70,69,1181.5000000000002,6.866666666666666,12,-0.014492753623188406,0,2,3,2,232,At-Risk,0.2
U1963,2026-01-29,Delhi,Basic,486,xlewis@example.com,2026-09-30,0,83,66,1543.1,6.766666666666667,13,-0.25757575757575757,0,2,4,2,242,At-Risk,0.2
U1964,2025-11-05,Bangalore,Basic,462,gonzalezterrence@example.org,2026-09-30,0,53,59,783.3999999999999,5.8,11,0.1016949152542373,0,2,2,1,221,At-Risk,0.25
U1965,2025-06-11,Bangalore,Basic,547,pgutierrez@example.net,2026-09-29,1,74,63,1230.9,5.766666666666667,12,-0.1746031746031746,0,2,4,3,243,At-Risk,0.2
U1966,2026-04-24,Bangalore,Basic,466,xsmith@example.org,2026-08-01,60,0,0,0.0,0.0,2,0.0,1,1,1,1,111,At-Risk,0.28
U1967,2025-10-04,Hyderabad,Pro,1536,nichole44@example.com,2026-09-30,0,118,103,2010.1000000000004,7.833333333333333,7,-0.14563106796116504,0,2,5,5,255,At-Risk,0.2
U1968,2026-02-02,UK-London,Basic,449,mcculloughrobert@example.org,2026-09-28,2,61,81,909.8000000000001,5.966666666666667,19,0.24691358024691357,0,1,3,1,131,At-Risk,0.33
U1969,2024-10-18,US-East,Basic,497,mary89@example.com,2026-09-28,2,19,71,333.69999999999993,2.1,8,0.7323943661971831,0,1,1,2,112,At-Risk,0.57
U1970,2025-05-31,Bangalore,Pro,1546,zallen@example.org,2026-09-30,0,106,130,1923.6999999999998,5.833333333333333,16,0.18461538461538463,0,2,5,5,255,At-Risk,0.29
U1971,2025-12-22,Mumbai,Pro,1541,zpoole@example.net,2026-09-30,0,99,108,1714.3999999999999,6.633333333333334,16,0.08333333333333333,0,2,4,5,245,At-Risk,0.24
U1972,2025-08-08,Bangalore,Pro,1473,lmadden@example.com,2026-09-30,0,122,129,2019.5999999999997,7.5,10,0.05426356589147287,0,2,5,4,254,At-Risk,0.23
U1973,2026-07-21,Bangalore,Pro,1521,samuelgarcia@example.org,2026-09-29,1,43,100,815.0999999999999,4.9,16,0.57,0,2,2,5,225,At-Risk,0.49
U1974,2025-10-02,Bangalore,Basic,545,ocameron@example.com,2026-09-30,0,63,66,1064.2000000000003,5.7,12,0.045454545454545456,0,2,3,3,233,At-Risk,0.22
U1975,2026-06-02,Hyderabad,Basic,503,stacyharris@example.org,2026-09-27,3,19,67,258.40000000000003,2.5,16,0.7164179104477612,0,1,1,2,112,At-Risk,0.57
U1976,2024-10-17,Delhi,Basic,493,fullerbrittney@example.org,2026-09-30,0,57,57,970.0,6.233333333333333,10,0.0,0,2,2,2,222,At-Risk,0.2
U1977,2025-12-24,Mumbai,Basic,518,armstronganthony@example.net,2026-09-30,0,26,66,445.99999999999994,3.066666666666667,14,0.6060606060606061,0,2,2,3,223,At-Risk,0.5
U1978,2025-01-02,Bangalore,Pro,1487,xwalters@example.com,2026-09-30,0,125,114,2005.6999999999998,6.933333333333334,14,-0.09649122807017543,0,2,5,4,254,At-Risk,0.2
U1979,2025-02-12,Mumbai,Pro,1478,kennethnichols@example.org,2026-09-30,0,113,92,1799.4999999999998,5.8,8,-0.22826086956521738,0,2,5,4,254,At-Risk,0.2
U1980,2026-03-13,Mumbai,Pro,1508,qtownsend@example.org,2026-09-30,0,118,109,1964.6,7.966666666666667,14,-0.08256880733944955,0,2,5,4,254,At-Risk,0.2
U1981,2025-04-17,US-East,Basic,521,courtneylittle@example.net,2026-09-30,0,68,72,1050.6000000000001,6.266666666666667,9,0.05555555555555555,0,2,3,3,233,At-Risk,0.23
U1982,2026-06-23,Hyderabad,Pro,1511,stevenscaitlin@example.org,2026-09-30,0,98,109,1454.2,7.466666666666667,8,0.10091743119266056,0,2,4,4,244,At-Risk,0.25
U1983,2025-01-10,US-East,Pro,1457,patricia11@example.com,2026-09-30,0,40,96,659.7,5.566666666666666,8,0.5833333333333334,0,2,2,4,224,At-Risk,0.49
U1984,2026-06-07,Delhi,Basic,464,peterhenry@example.org,2026-09-30,0,16,57,213.9,3.3,7,0.7192982456140351,0,2,1,1,211,At-Risk,0.56
U1985,2025-07-28,Delhi,Basic,500,echung@example.org,2026-09-29,1,78,96,1275.8000000000002,5.966666666666667,11,0.1875,0,2,4,2,242,At-Risk,0.3
U1986,2026-02-12,US-East,Pro,1468,opreston@example.com,2026-09-30,0,111,114,1867.4999999999998,6.733333333333333,13,0.02631578947368421,0,2,5,4,254,At-Risk,0.21
U1987,2026-05-12,Mumbai,Pro,1541,kentberger@example.net,2026-09-29,1,31,119,506.70000000000005,4.433333333333334,9,0.7394957983193278,0,1,2,5,125,At-Risk,0.57
U1988,2025-11-17,Mumbai,Enterprise,5022,wilsonmatthew@example.com,2026-09-30,0,157,144,2304.2000000000003,7.266666666666667,7,-0.09027777777777778,0,2,5,5,255,At-Risk,0.2
U1989,2025-09-17,Delhi,Basic,456,moorejudy@example.org,2026-09-30,0,75,77,1188.8999999999999,6.266666666666667,26,0.025974025974025976,0,2,4,1,241,At-Risk,0.21
U1990,2025-02-16,UK-London,Pro,1457,herreraapril@example.org,2026-09-30,0,43,119,650.8,5.7,5,0.6386554621848739,0,2,2,4,224,At-Risk,0.52
U1991,2025-03-05,Bangalore,Basic,547,danny30@example.com,2026-09-30,0,24,53,417.5,4.033333333333333,15,0.5471698113207547,0,2,2,3,223,At-Risk,0.47
U1992,2025-01-08,Mumbai,Enterprise,4961,lunashelby@example.com,2026-09-30,0,56,169,914.4000000000001,6.5,18,0.6686390532544378,0,2,2,5,225,At-Risk,0.53
U1993,2025-04-16,US-East,Basic,460,stephaniebailey@example.net,2026-08-20,41,0,55,0.0,0.0,7,1.0,1,1,1,1,111,At-Risk,0.84
U1994,2026-01-17,Hyderabad,Basic,521,fmcgee@example.com,2026-09-30,0,77,72,1355.9,7.3,12,-0.06944444444444445,0,2,4,3,243,At-Risk,0.2
U1995,2025-10-08,Mumbai,Pro,1504,qnielsen@example.org,2026-09-29,1,103,113,1790.2,6.733333333333333,12,0.08849557522123894,0,1,5,4,154,At-Risk,0.25
U1996,2025-02-20,US-East,Enterprise,4971,suzanne19@example.net,2026-08-20,41,0,99,0.0,0.0,11,1.0,1,1,1,5,115,At-Risk,0.84
U1997,2025-05-14,Mumbai,Basic,499,stephaniefreeman@example.com,2026-09-29,1,30,78,541.8000000000001,4.9,9,0.6153846153846154,0,1,2,2,122,At-Risk,0.51
U1998,2025-08-04,Delhi,Pro,1479,lisa91@example.net,2026-09-30,0,109,129,1492.5,7.433333333333334,13,0.15503875968992248,0,2,5,4,254,At-Risk,0.28
U1999,2025-07-05,Hyderabad,Enterprise,5003,ashleybrooks@example.net,2026-09-30,0,157,134,2616.3,8.6,20,-0.17164179104477612,0,2,5,5,255,At-Risk,0.2
U2000,2026-05-20,Mumbai,Basic,473,cjackson@example.net,2026-09-30,0,66,75,985.6999999999999,6.7,16,0.12,0,2,3,1,231,At-Risk,0.26
