user_id,signup_date,region,subscription_tier,monthly_revenue,email
U0001,2026-01-08,US-East,Basic,463,figueroajohn@example.org
U0002,2026-03-20,US-East,Pro,1469,garzaanthony@example.org
U0003,2025-03-07,Bangalore,Basic,535,hoffmanjennifer@example.net
U0004,2025-10-31,US-East,Basic,548,shaneramirez@example.org
U0005,2026-04-05,Bangalore,Basic,470,helenpeterson@example.org
U0006,2025-03-05,Hyderabad,Basic,478,curtis61@example.com
U0007,2026-06-09,Hyderabad,Basic,469,lindsay78@example.org
U0008,2026-09-09,Mumbai,Pro,1470,smiller@example.net
U0009,2025-12-24,Delhi,Basic,497,barbara10@example.net
U0010,2025-03-14,Mumbai,Basic,540,tracie31@example.com
U0011,2025-04-19,UK-London,Enterprise,5010,francisco53@example.net
U0012,2025-04-11,Bangalore,Pro,1503,lynchgeorge@example.net
U0013,2025-03-26,Delhi,Enterprise,4951,ogray@example.net
U0014,2025-11-09,US-East,Pro,1521,megan03@example.org
U0015,2026-05-09,Hyderabad,Basic,537,nadams@example.net
U0016,2026-06-30,Mumbai,Enterprise,4957,jason76@example.net
U0017,2025-08-29,Mumbai,Basic,532,donald88@example.com
U0018,2026-03-28,Hyderabad,Basic,519,zhurst@example.com
U0019,2025-03-08,Bangalore,Pro,1526,williamdavis@example.org
U0020,2026-06-19,Mumbai,Basic,452,courtneyconner@example.com
U0021,2025-12-08,UK-London,Basic,502,djames@example.net
U0022,2025-03-31,UK-London,Basic,541,frazierdanny@example.net
U0023,2026-03-31,Mumbai,Enterprise,4992,daniel62@example.com
U0024,2024-10-01,UK-London,Enterprise,5048,teresa28@example.org
U0025,2026-06-26,UK-London,Basic,535,meagan89@example.org
U0026,2025-01-18,UK-London,Basic,488,amberosborne@example.net
U0027,2026-07-31,US-East,Pro,1530,tracy15@example.com
U0028,2025-03-22,Mumbai,Basic,537,nataliearroyo@example.org
U0029,2026-03-17,Hyderabad,Basic,489,spenceamanda@example.org
U0030,2024-12-31,US-East,Basic,513,karroyo@example.com
U0031,2025-10-19,Delhi,Basic,536,ibrandt@example.net
U0032,2026-02-14,Bangalore,Basic,529,raymond57@example.net
U0033,2025-08-24,Bangalore,Pro,1481,jeffreymorgan@example.net
U0034,2025-11-07,Mumbai,Pro,1489,adrianzimmerman@example.org
U0035,2025-03-15,Delhi,Enterprise,5020,heathchad@example.org
U0036,2025-04-20,Delhi,Basic,496,ilewis@example.net
U0037,2026-08-12,UK-London,Basic,536,esanchez@example.com
U0038,2025-02-14,Hyderabad,Pro,1534,hopkinsmichael@example.com
U0039,2025-09-04,Delhi,Pro,1547,nuneztracey@example.org
U0040,2024-11-12,UK-London,Basic,451,lauren13@example.org
U0041,2025-02-14,Mumbai,Pro,1462,ltaylor@example.com
U0042,2025-09-01,Delhi,Basic,527,ramosmichelle@example.net
U0043,2024-12-09,Mumbai,Basic,525,novaksara@example.org
U0044,2025-01-28,Delhi,Basic,500,zolson@example.org
U0045,2025-01-27,Hyderabad,Basic,542,gallowayjoseph@example.com
U0046,2025-04-25,US-East,Basic,463,smoore@example.org
U0047,2026-09-06,Hyderabad,Pro,1461,adkinsbrian@example.net
U0048,2025-09-12,Bangalore,Basic,534,brianromero@example.org
U0049,2024-11-18,Mumbai,Pro,1493,leonardjoe@example.org
U0050,2026-08-17,US-East,Basic,454,bethwilliams@example.org
U0051,2025-08-01,Hyderabad,Basic,492,sarah35@example.org
U0052,2025-04-10,UK-London,Basic,523,emilyevans@example.com
U0053,2026-08-08,Hyderabad,Basic,537,smithchristine@example.net
U0054,2026-09-26,Delhi,Basic,449,medinawilliam@example.org
U0055,2026-08-11,UK-London,Basic,525,suarezmike@example.org
U0056,2025-08-14,UK-London,Pro,1520,cheryl80@example.net
U0057,2026-05-18,UK-London,Basic,485,sarah12@example.com
U0058,2024-12-22,Mumbai,Pro,1492,newtoneric@example.com
U0059,2025-12-14,Bangalore,Basic,480,james48@example.com
U0060,2025-03-31,Delhi,Basic,500,davisrodney@example.com
U0061,2024-10-31,Delhi,Basic,506,kellie42@example.net
U0062,2025-08-17,UK-London,Enterprise,4987,hhoffman@example.org
U0063,2026-08-19,Delhi,Basic,549,amydavenport@example.net
U0064,2025-11-06,Delhi,Basic,507,tanderson@example.com
U0065,2026-07-17,Mumbai,Pro,1540,nolanjason@example.org
U0066,2026-01-28,US-East,Basic,544,kimberly69@example.net
U0067,2025-01-19,Bangalore,Enterprise,4950,michellecherry@example.org
U0068,2026-07-04,Mumbai,Basic,480,whitesandra@example.com
U0069,2026-05-07,Hyderabad,Basic,503,josephcobb@example.org
U0070,2025-07-05,Bangalore,Pro,1465,garrisonjeffrey@example.com
U0071,2025-06-11,US-East,Pro,1546,jeffreykeller@example.com
U0072,2025-05-26,Bangalore,Pro,1464,rasmussenjoshua@example.net
U0073,2025-10-05,Hyderabad,Pro,1507,sheila14@example.org
U0074,2025-11-26,US-East,Basic,451,benjamin96@example.com
U0075,2026-03-14,Bangalore,Basic,484,samuel81@example.com
U0076,2026-07-17,Bangalore,Basic,467,jonathanfletcher@example.org
U0077,2025-10-13,Hyderabad,Basic,481,michaeljones@example.net
U0078,2026-08-02,Mumbai,Basic,449,elizabeth14@example.net
U0079,2025-05-12,Delhi,Pro,1537,snguyen@example.com
U0080,2025-11-07,UK-London,Basic,490,robertbentley@example.net
U0081,2026-03-29,Hyderabad,Basic,464,christinaturner@example.net
U0082,2026-05-30,Delhi,Pro,1508,justin69@example.net
U0083,2026-01-19,Delhi,Basic,496,rramos@example.org
U0084,2025-10-07,US-East,Enterprise,4985,donnacampbell@example.net
U0085,2026-01-04,Delhi,Pro,1547,clarence34@example.org
U0086,2026-05-10,Bangalore,Pro,1468,andrewsanchez@example.com
U0087,2025-12-19,Delhi,Pro,1472,gibsonolivia@example.net
U0088,2025-02-17,Delhi,Pro,1520,psnyder@example.org
U0089,2026-01-20,Hyderabad,Pro,1547,staffordmichelle@example.org
U0090,2026-04-20,Delhi,Basic,547,gregoryrubio@example.net
U0091,2025-09-03,Mumbai,Enterprise,5030,samanthamartinez@example.org
U0092,2026-05-07,Bangalore,Basic,528,stephanie79@example.net
U0093,2026-07-12,Hyderabad,Enterprise,4981,jrivas@example.com
U0094,2026-07-15,UK-London,Basic,469,wcole@example.org
U0095,2026-06-04,Bangalore,Basic,465,katie87@example.net
U0096,2025-03-22,Hyderabad,Basic,507,sjones@example.org
U0097,2025-04-15,UK-London,Basic,478,patricia12@example.org
U0098,2025-03-16,US-East,Enterprise,4999,jasminebrown@example.com
U0099,2025-05-28,Bangalore,Pro,1475,nperry@example.com
U0100,2025-07-10,UK-London,Pro,1545,gateskathy@example.com
U0101,2025-09-12,Delhi,Basic,517,kenneth66@example.net
U0102,2026-03-28,Bangalore,Basic,452,tracynelson@example.com
U0103,2024-10-20,Delhi,Basic,465,elizabeth62@example.com
U0104,2026-08-01,UK-London,Enterprise,5041,meadowsbrittany@example.net
U0105,2024-10-18,UK-London,Basic,547,dtaylor@example.org
U0106,2024-11-04,US-East,Pro,1472,dmurphy@example.com
U0107,2025-06-02,UK-London,Basic,501,aramirez@example.com
U0108,2026-05-31,Hyderabad,Basic,545,ismith@example.org
U0109,2026-09-28,US-East,Basic,533,jeffrey10@example.org
U0110,2026-08-23,Delhi,Basic,515,maryhowell@example.org
U0111,2024-12-30,Delhi,Basic,543,elliottjeffery@example.net
U0112,2025-04-04,Bangalore,Pro,1494,gary91@example.org
U0113,2026-09-03,UK-London,Basic,471,lanesarah@example.net
U0114,2026-02-05,Bangalore,Basic,450,tsanders@example.org
U0115,2024-11-23,Delhi,Basic,457,curtisbarton@example.net
U0116,2025-12-11,US-East,Pro,1490,hoganashlee@example.org
U0117,2025-06-09,Bangalore,Pro,1498,estanley@example.net
U0118,2026-01-14,US-East,Pro,1508,atkinsonlynn@example.org
U0119,2025-08-11,Delhi,Basic,484,cynthia72@example.com
U0120,2025-02-04,Delhi,Pro,1456,christina87@example.com
U0121,2025-08-12,UK-London,Pro,1524,marcus31@example.com
U0122,2026-07-04,Hyderabad,Pro,1546,karenhudson@example.net
U0123,2025-07-02,UK-London,Basic,499,snydermark@example.com
U0124,2025-03-02,UK-London,Basic,470,matthew94@example.net
U0125,2024-10-06,UK-London,Basic,497,christophercortez@example.com
U0126,2025-11-08,UK-London,Basic,463,hannahbrewer@example.com
U0127,2025-08-22,Hyderabad,Basic,549,davisjeffrey@example.net
U0128,2025-03-25,US-East,Basic,508,thomas85@example.com
U0129,2026-09-26,US-East,Basic,516,michael74@example.com
U0130,2025-03-31,Hyderabad,Pro,1542,griffithleslie@example.net
U0131,2025-10-25,Hyderabad,Basic,464,jamesrodgers@example.com
U0132,2026-03-11,Hyderabad,Enterprise,4978,tina34@example.org
U0133,2025-06-19,Bangalore,Basic,540,alexis82@example.com
U0134,2024-11-01,Mumbai,Pro,1549,tranheidi@example.org
U0135,2026-01-07,UK-London,Basic,471,agarcia@example.net
U0136,2025-04-24,Hyderabad,Basic,449,lalexander@example.org
U0137,2025-04-01,Delhi,Basic,482,ewilson@example.com
U0138,2025-09-22,UK-London,Basic,496,hernandezlisa@example.com
U0139,2024-11-30,US-East,Basic,449,davidduran@example.net
U0140,2025-12-08,US-East,Enterprise,4970,kimberlyjames@example.com
U0141,2025-05-04,Bangalore,Pro,1524,ntorres@example.org
U0142,2025-12-18,Bangalore,Basic,549,mezajared@example.org
U0143,2025-04-10,US-East,Basic,526,mooreglenn@example.org
U0144,2025-01-21,Delhi,Basic,542,mhayes@example.com
U0145,2025-04-29,Hyderabad,Pro,1517,keithcampbell@example.com
U0146,2024-11-19,Mumbai,Basic,538,sandrafrench@example.net
U0147,2025-12-03,Hyderabad,Basic,481,ronaldstephens@example.net
U0148,2025-01-15,US-East,Basic,471,margaret10@example.org
U0149,2026-04-30,UK-London,Basic,517,scott74@example.net
U0150,2025-07-19,Hyderabad,Pro,1543,vincent77@example.org
U0151,2025-12-09,Bangalore,Basic,506,mnavarro@example.com
U0152,2024-10-17,US-East,Basic,452,suzannehuff@example.net
U0153,2025-12-01,Mumbai,Pro,1540,keyemily@example.com
U0154,2025-11-23,Bangalore,Basic,532,thomaspearson@example.com
U0155,2025-02-08,Mumbai,Basic,483,fwalters@example.org
U0156,2025-09-07,Delhi,Pro,1509,qcook@example.org
U0157,2026-06-17,US-East,Basic,460,robert74@example.net
U0158,2026-08-19,Delhi,Basic,488,gibsonleonard@example.com
U0159,2024-12-22,Hyderabad,Enterprise,4977,ahancock@example.net
U0160,2026-06-25,UK-London,Basic,450,mgutierrez@example.net
U0161,2025-06-20,Mumbai,Basic,483,wgarrett@example.org
U0162,2025-02-24,Mumbai,Basic,456,sarakim@example.net
U0163,2025-09-17,Mumbai,Basic,538,dudleychelsea@example.org
U0164,2026-03-01,Bangalore,Basic,455,andrea86@example.org
U0165,2025-03-12,US-East,Basic,523,murraydavid@example.org
U0166,2025-09-27,Hyderabad,Pro,1537,william46@example.com
U0167,2026-09-14,Delhi,Pro,1484,stephenthomas@example.org
U0168,2026-08-02,Delhi,Basic,472,michellehill@example.com
U0169,2025-06-04,Delhi,Pro,1547,lori44@example.net
U0170,2025-11-26,Mumbai,Basic,544,cgrimes@example.net
U0171,2025-09-17,UK-London,Basic,544,andrea86@example.com
U0172,2026-08-10,Delhi,Pro,1503,tinaallen@example.com
U0173,2025-03-18,Delhi,Pro,1547,vwilliams@example.com
U0174,2026-02-25,Delhi,Basic,510,qhughes@example.net
U0175,2026-09-14,Delhi,Basic,534,ihanna@example.net
U0176,2026-09-03,Bangalore,Basic,497,molly71@example.net
U0177,2026-07-25,US-East,Basic,467,bowenrobert@example.net
U0178,2026-09-07,Hyderabad,Basic,526,harrisontanya@example.com
U0179,2025-12-27,Hyderabad,Pro,1531,vsantos@example.net
U0180,2026-06-18,US-East,Basic,517,ofinley@example.net
U0181,2026-07-08,Delhi,Basic,500,cbrennan@example.net
U0182,2024-11-17,Hyderabad,Pro,1501,wendy16@example.org
U0183,2026-04-07,Delhi,Pro,1487,wallaceheather@example.org
U0184,2024-11-01,Mumbai,Basic,506,carternicholas@example.org
U0185,2025-03-26,Mumbai,Basic,453,yknight@example.org
U0186,2025-01-31,US-East,Pro,1523,lynchpatrick@example.net
U0187,2025-03-23,Hyderabad,Basic,457,jesselittle@example.com
U0188,2025-04-03,Hyderabad,Pro,1465,nolansteven@example.com
U0189,2026-02-05,UK-London,Basic,461,charleslandry@example.net
U0190,2025-05-05,Delhi,Basic,498,dvaughn@example.com
U0191,2025-02-21,Mumbai,Pro,1453,gcastaneda@example.org
U0192,2025-07-04,UK-London,Basic,531,bailey40@example.net
U0193,2025-07-14,US-East,Basic,513,knightgina@example.net
U0194,2026-09-09,Delhi,Pro,1519,swall@example.org
U0195,2025-12-16,Hyderabad,Enterprise,4984,jeffery39@example.com
U0196,2026-02-05,Bangalore,Basic,509,courtneyberger@example.net
U0197,2024-10-27,Bangalore,Basic,522,xjohnson@example.net
U0198,2025-01-02,UK-London,Enterprise,5015,mark62@example.org
U0199,2025-01-03,Mumbai,Basic,540,alyssa42@example.com
U0200,2026-07-28,Hyderabad,Basic,540,scoffey@example.net
U0201,2026-06-26,Delhi,Pro,1487,mcdonaldcharles@example.org
U0202,2026-06-18,US-East,Pro,1540,zcoffey@example.net
U0203,2025-06-23,Hyderabad,Enterprise,4973,ismith@example.org
U0204,2025-08-26,UK-London,Pro,1454,brenda51@example.net
U0205,2025-03-18,US-East,Pro,1480,harveysherry@example.com
U0206,2026-07-29,US-East,Basic,528,deborahreid@example.com
U0207,2026-07-24,Bangalore,Basic,549,debra12@example.org
U0208,2026-08-20,Bangalore,Basic,468,wendy11@example.org
U0209,2026-07-08,Delhi,Basic,497,paulwatson@example.net
U0210,2026-02-19,Delhi,Pro,1502,umatthews@example.org
U0211,2026-07-07,Delhi,Basic,523,basschristina@example.com
U0212,2024-10-22,UK-London,Basic,524,jeff73@example.com
U0213,2024-12-10,US-East,Basic,456,amy50@example.com
U0214,2025-04-18,Hyderabad,Basic,538,rushmadison@example.org
U0215,2026-01-25,Hyderabad,Basic,498,williamsmatthew@example.org
U0216,2026-04-26,US-East,Basic,489,caseyhubbard@example.org
U0217,2025-12-01,Bangalore,Basic,511,markhernandez@example.net
U0218,2024-10-01,Delhi,Basic,532,vanessafernandez@example.org
U0219,2024-12-18,US-East,Pro,1461,andersonmichael@example.org
U0220,2025-12-02,US-East,Enterprise,4954,thompsonbrian@example.net
U0221,2025-08-02,US-East,Enterprise,4995,reesethomas@example.com
U0222,2025-10-08,Mumbai,Enterprise,5004,hayesjeffrey@example.net
U0223,2024-10-30,Bangalore,Pro,1453,stephen00@example.com
U0224,2026-06-09,Delhi,Basic,513,fparks@example.net
U0225,2026-07-25,Delhi,Basic,459,lammarc@example.org
U0226,2024-11-15,Delhi,Basic,534,claudia98@example.net
U0227,2025-05-24,Delhi,Pro,1525,shawn96@example.org
U0228,2026-04-30,Delhi,Basic,547,farrelldebra@example.net
U0229,2026-03-09,US-East,Basic,503,russellbeasley@example.com
U0230,2025-06-03,Delhi,Pro,1517,uross@example.org
U0231,2025-05-15,UK-London,Enterprise,4951,elizabeth52@example.net
U0232,2026-08-03,US-East,Basic,501,davischristopher@example.com
U0233,2024-12-08,Mumbai,Enterprise,5031,lisa80@example.net
U0234,2026-08-28,UK-London,Basic,521,elizabeth65@example.net
U0235,2026-08-17,Bangalore,Basic,493,uparrish@example.org
U0236,2026-09-05,UK-London,Pro,1513,michael98@example.org
U0237,2025-01-19,Mumbai,Pro,1540,gwalker@example.com
U0238,2026-06-08,Mumbai,Basic,482,danny49@example.org
U0239,2026-05-11,Bangalore,Basic,498,lynchdiane@example.net
U0240,2025-04-12,UK-London,Pro,1453,joshuafarmer@example.com
U0241,2025-06-12,Bangalore,Basic,505,mollyknight@example.com
U0242,2024-11-18,US-East,Basic,533,davisalyssa@example.com
U0243,2025-08-01,Bangalore,Pro,1499,eric45@example.net
U0244,2025-12-08,Hyderabad,Enterprise,5046,moorekaren@example.org
U0245,2026-02-02,Mumbai,Basic,530,scott67@example.net
U0246,2025-08-17,Bangalore,Basic,499,jason81@example.com
U0247,2025-08-08,Hyderabad,Enterprise,4986,erika97@example.net
U0248,2026-01-29,Hyderabad,Basic,478,walkertracey@example.org
U0249,2024-10-04,Bangalore,Pro,1529,sierra24@example.com
U0250,2025-05-26,Hyderabad,Enterprise,4958,jimenezryan@example.org
U0251,2025-07-03,Mumbai,Enterprise,4965,vincentwhitaker@example.com
U0252,2024-11-20,US-East,Basic,482,grahamsteve@example.org
U0253,2026-06-20,Mumbai,Pro,1525,tberry@example.net
U0254,2025-07-30,Bangalore,Basic,523,sullivantammy@example.org
U0255,2026-05-06,Delhi,Basic,471,xcollier@example.org
U0256,2025-08-13,Bangalore,Basic,464,sanchezbrianna@example.net
U0257,2024-11-25,Hyderabad,Pro,1504,julie35@example.org
U0258,2024-11-23,Bangalore,Basic,475,schmidtjames@example.com
U0259,2025-06-12,Mumbai,Pro,1509,joelthomas@example.org
U0260,2025-02-02,Bangalore,Basic,469,kathleenrios@example.org
U0261,2026-08-24,Hyderabad,Basic,490,kmarshall@example.net
U0262,2025-08-22,US-East,Basic,518,michelle52@example.com
U0263,2024-11-17,Delhi,Basic,460,ywelch@example.com
U0264,2025-12-04,Mumbai,Basic,497,william47@example.com
U0265,2024-10-26,US-East,Basic,475,marie11@example.net
U0266,2025-12-06,Delhi,Basic,495,jford@example.net
U0267,2026-07-14,UK-London,Pro,1511,kstout@example.net
U0268,2025-02-13,Delhi,Basic,474,dmason@example.com
U0269,2024-12-13,Delhi,Pro,1547,toni18@example.net
U0270,2025-02-01,UK-London,Basic,462,jasmineritter@example.net
U0271,2025-10-15,UK-London,Pro,1536,michaelhardin@example.com
U0272,2025-07-24,Mumbai,Pro,1462,erika05@example.org
U0273,2025-05-27,Bangalore,Basic,455,umitchell@example.net
U0274,2026-09-03,UK-London,Pro,1466,mathewaguilar@example.org
U0275,2026-07-30,Bangalore,Basic,463,tammy62@example.net
U0276,2026-02-28,US-East,Basic,476,collinsnicholas@example.com
U0277,2026-05-15,Delhi,Basic,465,lucasrodney@example.com
U0278,2024-10-12,Mumbai,Basic,492,henry35@example.com
U0279,2025-02-16,US-East,Basic,532,ericphillips@example.org
U0280,2025-10-04,Mumbai,Basic,515,stanleynancy@example.net
U0281,2025-01-02,Mumbai,Pro,1548,lmoore@example.net
U0282,2026-04-14,Mumbai,Basic,456,jenniferwilliams@example.com
U0283,2026-02-04,Hyderabad,Basic,531,tarabishop@example.net
U0284,2026-04-24,US-East,Basic,454,amandacollins@example.com
U0285,2026-07-20,Mumbai,Pro,1507,michealvalentine@example.com
U0286,2025-09-01,US-East,Basic,518,kimberly88@example.com
U0287,2026-09-04,Delhi,Pro,1501,laurietaylor@example.com
U0288,2024-11-06,UK-London,Basic,518,jsawyer@example.org
U0289,2026-03-02,Hyderabad,Basic,542,mitchellkathryn@example.com
U0290,2025-08-23,UK-London,Basic,542,mariahdavis@example.org
U0291,2026-05-18,Delhi,Basic,451,sarah60@example.com
U0292,2025-09-30,US-East,Basic,484,paulmiller@example.org
U0293,2024-10-19,UK-London,Enterprise,5014,combsdebra@example.org
U0294,2025-01-07,Bangalore,Basic,452,samantha72@example.net
U0295,2025-09-06,UK-London,Basic,542,bullockandrew@example.org
U0296,2026-05-31,Bangalore,Basic,510,srodriguez@example.org
U0297,2025-05-06,Bangalore,Enterprise,4956,allendanielle@example.net
U0298,2025-08-28,US-East,Basic,492,copelandvincent@example.net
U0299,2024-10-10,Mumbai,Basic,516,jennifercarter@example.org
U0300,2025-12-21,Delhi,Basic,468,ashleylopez@example.net
U0301,2024-11-30,Delhi,Basic,538,carlos88@example.net
U0302,2026-04-26,UK-London,Pro,1485,myerstheodore@example.net
U0303,2025-07-08,Hyderabad,Basic,525,jon05@example.org
U0304,2025-06-07,Delhi,Basic,454,ingramjill@example.com
U0305,2025-01-04,Mumbai,Basic,453,amy27@example.net
U0306,2025-09-13,Hyderabad,Basic,450,lisabrown@example.com
U0307,2024-10-25,Mumbai,Basic,532,bradleygonzalez@example.org
U0308,2025-05-17,US-East,Basic,521,zachary87@example.com
U0309,2024-10-25,Bangalore,Pro,1463,justinatkins@example.org
U0310,2026-06-23,Bangalore,Basic,542,joshua56@example.com
U0311,2026-03-25,US-East,Basic,510,lmorgan@example.com
U0312,2026-02-16,Mumbai,Pro,1526,sandra84@example.org
U0313,2026-03-13,Bangalore,Enterprise,4957,jordanwanda@example.org
U0314,2025-11-01,Bangalore,Basic,483,curtis54@example.com
U0315,2025-08-20,UK-London,Enterprise,5008,cjackson@example.com
U0316,2025-08-21,Bangalore,Pro,1549,christina64@example.net
U0317,2026-09-14,UK-London,Basic,483,jonesdana@example.com
U0318,2025-10-08,US-East,Basic,531,stephaniethomas@example.net
U0319,2026-02-06,Mumbai,Pro,1510,ejohnson@example.org
U0320,2026-04-20,US-East,Basic,490,michael90@example.net
U0321,2025-01-19,UK-London,Basic,480,xrush@example.com
U0322,2026-04-09,UK-London,Basic,545,alyssasanders@example.net
U0323,2025-04-20,Delhi,Pro,1473,johnsonjacob@example.net
U0324,2025-07-08,Mumbai,Basic,526,greenjorge@example.com
U0325,2025-03-04,Bangalore,Basic,487,heather73@example.org
U0326,2025-01-06,UK-London,Basic,515,hayesrachel@example.com
U0327,2026-09-27,Mumbai,Pro,1512,elizabeth18@example.net
U0328,2025-04-28,US-East,Basic,481,melissa25@example.net
U0329,2025-03-11,Bangalore,Basic,484,laurayoung@example.com
U0330,2024-10-18,Delhi,Enterprise,5045,tanner82@example.net
U0331,2026-07-06,Bangalore,Pro,1503,parkeryvonne@example.net
U0332,2025-09-13,Hyderabad,Basic,534,khammond@example.org
U0333,2024-12-29,US-East,Pro,1522,dawn77@example.net
U0334,2025-10-11,UK-London,Basic,461,nataliedeleon@example.net
U0335,2025-12-02,Hyderabad,Basic,536,ryanbartlett@example.org
U0336,2026-05-28,US-East,Pro,1456,kevinmartin@example.net
U0337,2025-03-12,Hyderabad,Basic,524,meghan43@example.net
U0338,2026-08-28,Bangalore,Pro,1543,david49@example.net
U0339,2024-12-06,Hyderabad,Basic,484,brittanycarpenter@example.org
U0340,2026-01-22,Bangalore,Pro,1517,megan90@example.org
U0341,2024-11-27,UK-London,Pro,1522,debra96@example.net
U0342,2026-01-08,UK-London,Basic,520,ismall@example.com
U0343,2026-01-10,Mumbai,Basic,494,timothy64@example.com
U0344,2024-11-21,Mumbai,Pro,1461,moorerobert@example.com
U0345,2025-02-24,Mumbai,Basic,537,larryhiggins@example.net
U0346,2026-09-20,Hyderabad,Basic,491,theresa25@example.net
U0347,2025-11-13,Hyderabad,Enterprise,5016,john14@example.com
U0348,2025-03-28,US-East,Pro,1520,williamssonia@example.net
U0349,2025-07-31,Delhi,Pro,1540,lisapeck@example.net
U0350,2025-05-15,Delhi,Basic,499,tyronerobertson@example.com
U0351,2026-07-02,Delhi,Pro,1534,zjohnson@example.net
U0352,2025-08-28,Delhi,Enterprise,4994,jasongomez@example.org
U0353,2025-04-22,Mumbai,Basic,484,amitchell@example.org
U0354,2025-08-09,Delhi,Basic,449,jessica65@example.org
U0355,2025-07-18,Bangalore,Pro,1488,michaelroberts@example.com
U0356,2025-10-02,Delhi,Pro,1501,marcia99@example.org
U0357,2024-12-31,Hyderabad,Basic,505,longlaura@example.com
U0358,2025-11-10,Delhi,Basic,483,kari39@example.net
U0359,2025-07-19,Delhi,Basic,538,williamsderrick@example.com
U0360,2026-05-08,Mumbai,Enterprise,4955,ghernandez@example.org
U0361,2025-05-26,Mumbai,Basic,539,francisco94@example.net
U0362,2025-06-01,Bangalore,Basic,507,terickson@example.com
U0363,2026-05-17,Bangalore,Basic,502,mark16@example.net
U0364,2025-05-11,Hyderabad,Basic,518,carlsonjoseph@example.net
U0365,2026-04-23,Delhi,Basic,497,jennifersilva@example.org
U0366,2025-10-16,Bangalore,Pro,1470,rhernandez@example.org
U0367,2024-10-22,Mumbai,Basic,533,leescott@example.com
U0368,2025-01-17,Delhi,Basic,532,roberthampton@example.com
U0369,2026-06-28,Hyderabad,Basic,534,thorntonapril@example.net
U0370,2025-05-24,US-East,Basic,497,ufox@example.org
U0371,2025-08-30,US-East,Basic,542,amy49@example.com
U0372,2025-02-16,Bangalore,Pro,1504,joshuaevans@example.com
U0373,2026-04-14,UK-London,Pro,1477,hannahburns@example.com
U0374,2025-06-10,US-East,Pro,1478,keith98@example.com
U0375,2026-07-14,Bangalore,Pro,1466,xcardenas@example.org
U0376,2025-04-29,Bangalore,Basic,495,stephanie15@example.com
U0377,2026-01-20,UK-London,Basic,540,ilewis@example.com
U0378,2026-08-11,UK-London,Basic,486,derrick99@example.org
U0379,2025-03-24,Hyderabad,Pro,1449,danawilliams@example.com
U0380,2025-05-28,Bangalore,Basic,480,xgarcia@example.org
U0381,2024-10-02,Bangalore,Basic,482,richarddonovan@example.com
U0382,2025-09-12,Hyderabad,Basic,480,katelynmitchell@example.com
U0383,2026-01-13,US-East,Pro,1456,pearsonjesse@example.net
U0384,2026-03-10,Bangalore,Basic,536,gentrygregory@example.org
U0385,2026-08-11,US-East,Basic,520,osbornrandy@example.com
U0386,2025-02-12,US-East,Basic,515,nancy04@example.net
U0387,2025-12-13,Hyderabad,Pro,1456,justin88@example.com
U0388,2026-07-10,UK-London,Basic,480,melissamcdonald@example.org
U0389,2026-05-12,Bangalore,Pro,1464,francisco74@example.net
U0390,2025-02-11,US-East,Basic,502,krystal93@example.org
U0391,2025-12-18,Mumbai,Basic,455,gwilcox@example.com
U0392,2024-12-01,Delhi,Pro,1471,lopezdonald@example.com
U0393,2026-08-13,US-East,Pro,1467,greenjoe@example.com
U0394,2026-08-26,Hyderabad,Basic,530,brandi90@example.com
U0395,2026-01-19,US-East,Pro,1468,bryanwilson@example.com
U0396,2025-01-23,Mumbai,Basic,515,hannah45@example.net
U0397,2025-03-09,Hyderabad,Basic,468,timothygibson@example.net
U0398,2025-06-28,UK-London,Pro,1542,ztodd@example.net
U0399,2026-05-24,US-East,Basic,492,erinlarson@example.org
U0400,2025-10-17,Mumbai,Basic,534,christian91@example.org
U0401,2026-05-27,Delhi,Pro,1522,ashleyhernandez@example.com
U0402,2026-06-14,Bangalore,Basic,535,nwilson@example.net
U0403,2025-11-28,Delhi,Pro,1529,nolansean@example.org
U0404,2025-08-26,Mumbai,Basic,473,dbryant@example.net
U0405,2025-09-01,UK-London,Basic,470,jennifer64@example.org
U0406,2026-03-27,Hyderabad,Pro,1474,williamsmelvin@example.org
U0407,2025-10-29,US-East,Basic,546,michaelcesar@example.com
U0408,2024-10-22,Bangalore,Basic,518,iwhite@example.net
U0409,2026-09-13,US-East,Enterprise,4990,ybrooks@example.com
U0410,2026-06-25,UK-London,Basic,482,rbennett@example.net
U0411,2026-06-29,Delhi,Basic,524,desireebailey@example.org
U0412,2026-09-23,Mumbai,Basic,534,urice@example.org
U0413,2026-05-31,Delhi,Basic,479,goodsteven@example.net
U0414,2025-10-31,Mumbai,Pro,1460,pmorrow@example.com
U0415,2025-06-08,US-East,Pro,1519,jacob10@example.net
U0416,2025-08-01,Delhi,Basic,474,allencarlos@example.net
U0417,2024-10-23,UK-London,Basic,494,sanchezbradley@example.com
U0418,2025-03-19,Hyderabad,Basic,502,karenparsons@example.org
U0419,2025-10-01,Bangalore,Pro,1501,jim95@example.net
U0420,2025-12-09,Mumbai,Pro,1477,joel28@example.org
U0421,2025-07-27,Bangalore,Basic,484,bruce92@example.net
U0422,2026-02-06,Bangalore,Pro,1502,wwilliams@example.net
U0423,2026-02-01,UK-London,Basic,470,heather62@example.com
U0424,2025-06-30,Delhi,Pro,1484,oallen@example.com
U0425,2026-06-17,Bangalore,Basic,547,lindamelendez@example.net
U0426,2025-07-27,Delhi,Pro,1510,igrant@example.com
U0427,2025-03-25,Bangalore,Enterprise,5046,markmiller@example.com
U0428,2026-06-09,Mumbai,Pro,1521,nicholsmaria@example.org
U0429,2025-04-12,Delhi,Basic,449,russojacob@example.net
U0430,2026-03-11,Bangalore,Basic,490,timothybooth@example.com
U0431,2025-05-08,Bangalore,Basic,451,lewisjames@example.net
U0432,2024-12-23,Hyderabad,Basic,492,srocha@example.net
U0433,2026-02-24,UK-London,Enterprise,5046,jherman@example.com
U0434,2026-04-18,US-East,Basic,492,powens@example.com
U0435,2025-05-12,Delhi,Pro,1509,william77@example.org
U0436,2026-05-08,Delhi,Pro,1503,ugill@example.org
U0437,2025-06-26,Hyderabad,Basic,510,owilliams@example.net
U0438,2025-01-13,Bangalore,Enterprise,4956,angela99@example.net
U0439,2025-07-30,Delhi,Pro,1535,jameshall@example.net
U0440,2026-05-30,UK-London,Pro,1520,rpierce@example.com
U0441,2025-04-04,Delhi,Basic,460,plevy@example.net
U0442,2025-09-22,Mumbai,Basic,474,jessicabell@example.org
U0443,2026-03-08,Mumbai,Basic,464,iwhite@example.net
U0444,2026-08-28,Mumbai,Enterprise,5033,combscharles@example.net
U0445,2024-11-03,UK-London,Basic,527,gutierrezmegan@example.org
U0446,2024-11-17,Delhi,Pro,1496,albertwagner@example.com
U0447,2024-11-12,Bangalore,Basic,535,bhopkins@example.org
U0448,2025-10-22,UK-London,Pro,1487,hsmith@example.net
U0449,2025-04-17,Bangalore,Basic,465,andre62@example.org
U0450,2026-07-31,Bangalore,Pro,1508,johnharvey@example.com
U0451,2026-05-17,Bangalore,Basic,485,laura15@example.com
U0452,2025-08-30,Mumbai,Basic,503,veronicaperez@example.net
U0453,2026-05-26,Delhi,Basic,452,valdezmichele@example.org
U0454,2024-12-06,Delhi,Pro,1461,ebennett@example.org
U0455,2026-01-06,US-East,Pro,1490,christopherbruce@example.net
U0456,2026-04-24,Mumbai,Pro,1503,jacobsonsamantha@example.org
U0457,2025-03-02,Mumbai,Basic,478,enelson@example.net
U0458,2026-08-05,US-East,Basic,461,whitemelissa@example.org
U0459,2026-08-31,Bangalore,Basic,487,karenmarquez@example.com
U0460,2026-08-08,US-East,Basic,510,francisco39@example.com
U0461,2026-02-05,UK-London,Basic,505,patrick21@example.net
U0462,2026-03-27,Hyderabad,Basic,458,brian63@example.org
U0463,2025-06-04,Hyderabad,Basic,453,unovak@example.org
U0464,2026-01-04,Delhi,Pro,1451,whenry@example.net
U0465,2026-08-17,UK-London,Basic,516,llopez@example.net
U0466,2025-07-03,US-East,Pro,1473,lauren11@example.com
U0467,2025-01-19,US-East,Basic,527,jodistewart@example.org
U0468,2024-12-04,Delhi,Basic,536,sean41@example.org
U0469,2024-12-01,Bangalore,Basic,485,jcole@example.net
U0470,2025-07-23,Bangalore,Pro,1518,davisangela@example.net
U0471,2025-12-09,UK-London,Enterprise,5036,michelle04@example.com
U0472,2025-07-09,US-East,Basic,546,hardyanita@example.org
U0473,2025-11-20,Hyderabad,Basic,452,ginajackson@example.com
U0474,2025-05-06,Hyderabad,Basic,541,kthomas@example.com
U0475,2025-04-18,US-East,Pro,1522,todd15@example.com
U0476,2026-08-19,Delhi,Basic,538,mwheeler@example.com
U0477,2024-12-16,Mumbai,Basic,451,adam65@example.net
U0478,2025-07-03,US-East,Pro,1453,scott69@example.org
U0479,2025-05-06,Delhi,Pro,1457,timothythompson@example.com
U0480,2026-09-06,Mumbai,Enterprise,5009,jessica79@example.org
U0481,2025-05-24,Bangalore,Basic,498,lisa65@example.org
U0482,2026-08-10,Delhi,Basic,536,brittanygardner@example.net
U0483,2026-04-12,Bangalore,Pro,1461,bentonsteven@example.net
U0484,2025-03-01,Delhi,Basic,521,marie16@example.net
U0485,2025-09-28,US-East,Pro,1546,john26@example.com
U0486,2024-11-21,Bangalore,Basic,540,iaguilar@example.net
U0487,2026-08-04,Bangalore,Basic,473,ystephens@example.com
U0488,2026-02-23,Mumbai,Pro,1457,rodriguezjohn@example.net
U0489,2025-06-15,Delhi,Basic,453,hartdeanna@example.net
U0490,2025-07-17,Mumbai,Pro,1536,tammy61@example.org
U0491,2024-12-09,UK-London,Basic,520,williamstone@example.net
U0492,2026-02-12,Mumbai,Pro,1466,seanmyers@example.net
U0493,2025-12-02,Hyderabad,Basic,496,michaeljohnson@example.org
U0494,2025-05-02,US-East,Pro,1525,wilsonshelia@example.org
U0495,2025-06-10,US-East,Pro,1544,stanley38@example.com
U0496,2025-06-10,Bangalore,Basic,506,kimheather@example.com
U0497,2024-11-17,Mumbai,Basic,488,patrickdarin@example.com
U0498,2026-01-15,US-East,Basic,481,sarahyang@example.net
U0499,2025-02-03,Bangalore,Pro,1528,marksimmons@example.com
U0500,2025-03-17,Delhi,Pro,1507,lsoto@example.net
U0501,2026-01-21,Delhi,Pro,1461,njohnson@example.org
U0502,2025-08-23,Delhi,Pro,1501,tprice@example.org
U0503,2025-02-26,Bangalore,Pro,1486,raylauren@example.net
U0504,2025-02-12,US-East,Basic,493,james14@example.net
U0505,2026-06-20,Bangalore,Pro,1479,candice96@example.net
U0506,2024-12-21,Mumbai,Pro,1480,megan92@example.net
U0507,2026-02-26,UK-London,Basic,487,samantha91@example.net
U0508,2025-01-04,Hyderabad,Basic,450,allendaryl@example.com
U0509,2026-02-17,US-East,Pro,1460,ibarnes@example.net
U0510,2025-07-06,US-East,Basic,494,tommymedina@example.net
U0511,2026-08-09,Delhi,Basic,465,angelaburns@example.org
U0512,2025-02-12,Mumbai,Basic,508,wharvey@example.org
U0513,2025-09-17,US-East,Basic,483,lisamaynard@example.net
U0514,2026-01-18,Bangalore,Basic,478,acohen@example.net
U0515,2026-06-04,Delhi,Basic,544,kjackson@example.org
U0516,2026-05-02,Hyderabad,Pro,1508,kellyhill@example.net
U0517,2025-04-27,US-East,Basic,541,xcunningham@example.com
U0518,2025-11-04,Hyderabad,Pro,1544,armstrongjoseph@example.net
U0519,2026-05-22,Hyderabad,Pro,1539,amber07@example.net
U0520,2025-03-07,Hyderabad,Basic,470,pgarcia@example.org
U0521,2025-05-04,UK-London,Pro,1513,colemichael@example.org
U0522,2025-08-15,Bangalore,Basic,530,rowejoel@example.net
U0523,2025-12-02,US-East,Pro,1524,michelle96@example.org
U0524,2025-12-22,Bangalore,Pro,1500,lisatrujillo@example.net
U0525,2025-06-12,US-East,Pro,1459,candice25@example.net
U0526,2025-04-30,Bangalore,Pro,1523,stephanie81@example.org
U0527,2026-09-01,Mumbai,Pro,1546,rsellers@example.net
U0528,2024-12-30,US-East,Basic,452,johndawson@example.org
U0529,2026-04-07,US-East,Basic,487,kburns@example.net
U0530,2025-04-13,US-East,Basic,477,ebrooks@example.net
U0531,2026-05-02,Mumbai,Basic,495,powellkara@example.net
U0532,2026-08-13,UK-London,Pro,1523,shawn75@example.net
U0533,2024-09-30,Delhi,Basic,504,simonstephen@example.net
U0534,2026-02-20,US-East,Basic,495,flynnraymond@example.com
U0535,2026-05-24,Bangalore,Basic,532,sadams@example.com
U0536,2025-11-02,Delhi,Basic,517,ashleewashington@example.com
U0537,2026-07-13,Delhi,Enterprise,5006,williamsconnie@example.com
U0538,2024-10-10,Mumbai,Pro,1509,scottsmith@example.com
U0539,2025-02-23,Delhi,Basic,473,nicoleturner@example.com
U0540,2024-12-06,Mumbai,Pro,1463,john52@example.org
U0541,2025-07-15,Bangalore,Basic,520,jessica36@example.net
U0542,2024-12-04,Delhi,Basic,465,smiththomas@example.org
U0543,2025-12-06,Bangalore,Basic,494,ssmith@example.com
U0544,2026-05-18,Bangalore,Basic,541,ebenson@example.org
U0545,2025-03-15,US-East,Basic,472,crosscurtis@example.com
U0546,2025-06-24,Bangalore,Enterprise,4968,derrick22@example.org
U0547,2025-10-21,Delhi,Pro,1542,bishopfrank@example.com
U0548,2026-03-10,Delhi,Basic,532,samanthajensen@example.com
U0549,2026-06-18,UK-London,Basic,496,mosleydonald@example.org
U0550,2025-12-03,UK-London,Basic,450,bbell@example.com
U0551,2026-04-29,Bangalore,Pro,1512,joshuamiller@example.net
U0552,2025-12-11,US-East,Basic,466,kimberly04@example.org
U0553,2025-10-11,Mumbai,Pro,1543,juliephillips@example.org
U0554,2026-04-24,Bangalore,Pro,1493,troyrodriguez@example.com
U0555,2026-01-07,Hyderabad,Pro,1489,ricetiffany@example.com
U0556,2026-08-11,UK-London,Basic,499,paulcombs@example.com
U0557,2025-06-22,Delhi,Basic,524,kathrynbest@example.org
U0558,2024-10-11,UK-London,Enterprise,5034,smithjason@example.org
U0559,2026-08-22,Delhi,Basic,522,ohunter@example.net
U0560,2025-09-29,Mumbai,Pro,1545,zhenderson@example.org
U0561,2026-01-09,Delhi,Basic,525,joshuacollins@example.net
U0562,2026-08-02,US-East,Basic,474,amandamyers@example.net
U0563,2026-04-09,Mumbai,Basic,486,collinssamuel@example.org
U0564,2024-11-10,UK-London,Basic,463,middletondarren@example.net
U0565,2025-12-17,Hyderabad,Basic,497,elizabeth21@example.org
U0566,2026-02-27,US-East,Enterprise,5015,martinstephanie@example.net
U0567,2025-10-11,Delhi,Pro,1454,gary24@example.net
U0568,2026-07-08,Delhi,Pro,1524,rogersruben@example.net
U0569,2024-11-14,Mumbai,Pro,1540,crawfordwilliam@example.org
U0570,2025-09-28,UK-London,Pro,1455,michaelscott@example.org
U0571,2026-07-13,Hyderabad,Pro,1454,perezwilliam@example.org
U0572,2026-06-17,Mumbai,Pro,1451,sanchezthomas@example.com
U0573,2026-08-01,Hyderabad,Basic,462,sarahmathews@example.net
U0574,2026-05-08,UK-London,Basic,460,pwalker@example.com
U0575,2026-07-29,US-East,Basic,473,joseph19@example.com
U0576,2024-12-25,Mumbai,Pro,1467,whitelinda@example.org
U0577,2026-08-26,Hyderabad,Enterprise,4993,wileymichelle@example.com
U0578,2025-05-25,US-East,Basic,503,msmith@example.com
U0579,2025-11-14,Hyderabad,Basic,530,jodi37@example.com
U0580,2025-12-04,Bangalore,Basic,470,xcuevas@example.org
U0581,2026-03-17,Delhi,Basic,507,edwardrandolph@example.org
U0582,2025-03-18,Mumbai,Pro,1483,cynthia05@example.org
U0583,2026-04-06,UK-London,Basic,511,usweeney@example.com
U0584,2024-12-13,Hyderabad,Basic,497,robertwoodward@example.org
U0585,2026-03-02,Mumbai,Pro,1509,williamsjesse@example.net
U0586,2025-07-27,US-East,Pro,1452,stephen19@example.org
U0587,2025-10-02,UK-London,Pro,1468,kjones@example.org
U0588,2025-08-12,Mumbai,Basic,497,joelgreen@example.com
U0589,2026-08-06,Delhi,Basic,484,vhaynes@example.com
U0590,2025-05-19,Mumbai,Basic,548,jesus32@example.net
U0591,2024-12-17,Mumbai,Pro,1484,martinsteven@example.com
U0592,2024-12-26,Mumbai,Basic,506,tami37@example.com
U0593,2025-09-02,Hyderabad,Enterprise,4951,davislindsey@example.com
U0594,2026-05-25,US-East,Pro,1463,lewismelissa@example.org
U0595,2024-12-04,Mumbai,Basic,456,tanyafoster@example.org
U0596,2026-02-05,UK-London,Basic,535,lori20@example.com
U0597,2026-06-14,UK-London,Pro,1526,codygarcia@example.org
U0598,2024-12-26,US-East,Basic,517,greertoni@example.org
U0599,2025-02-20,Delhi,Basic,510,owatson@example.net
U0600,2024-11-29,US-East,Basic,462,samantha10@example.org
U0601,2025-02-20,Delhi,Basic,532,flamb@example.com
U0602,2024-12-27,UK-London,Basic,465,kwilliams@example.com
U0603,2026-05-21,Delhi,Basic,476,ycrawford@example.net
U0604,2025-08-06,US-East,Basic,453,jason24@example.com
U0605,2025-08-20,Hyderabad,Basic,504,austinharvey@example.org
U0606,2026-01-14,Bangalore,Basic,458,jjenkins@example.com
U0607,2024-11-12,UK-London,Basic,528,patrick63@example.net
U0608,2026-07-06,Mumbai,Basic,524,crystalpham@example.org
U0609,2026-09-21,Delhi,Pro,1453,timothy75@example.net
U0610,2025-09-30,Bangalore,Basic,524,bnelson@example.com
U0611,2025-12-08,UK-London,Pro,1532,huangkimberly@example.org
U0612,2026-05-12,Bangalore,Basic,485,xmoreno@example.net
U0613,2026-09-28,Hyderabad,Basic,485,craigsandoval@example.com
U0614,2025-10-23,Hyderabad,Pro,1504,gallagherstacie@example.net
U0615,2026-06-08,UK-London,Basic,509,lkelly@example.org
U0616,2025-03-20,UK-London,Basic,450,linda59@example.org
U0617,2026-02-24,US-East,Basic,468,stacey92@example.net
U0618,2026-08-22,Delhi,Basic,483,lweaver@example.com
U0619,2024-10-26,US-East,Basic,507,halljeffery@example.net
U0620,2025-09-12,Delhi,Basic,499,samantha32@example.com
U0621,2026-03-06,Mumbai,Basic,468,brian29@example.net
U0622,2026-07-30,Bangalore,Enterprise,4991,mathismichelle@example.org
U0623,2025-06-28,Delhi,Basic,498,vwillis@example.com
U0624,2025-05-22,Bangalore,Enterprise,4998,jessicakim@example.net
U0625,2026-08-31,UK-London,Basic,532,grant89@example.com
U0626,2025-03-10,UK-London,Basic,493,nicholasgross@example.com
U0627,2024-12-30,Mumbai,Basic,456,rushstacy@example.com
U0628,2026-06-12,Delhi,Enterprise,4956,whitelucas@example.net
U0629,2025-03-09,UK-London,Basic,453,zunigadonald@example.net
U0630,2024-11-24,Mumbai,Enterprise,5013,toni21@example.net
U0631,2026-01-31,Mumbai,Pro,1491,sean43@example.org
U0632,2026-02-17,Mumbai,Pro,1530,jonathan10@example.org
U0633,2025-07-07,Delhi,Pro,1524,acosta@example.com
U0634,2026-07-04,Delhi,Basic,494,amy17@example.net
U0635,2026-01-17,Delhi,Enterprise,4967,franciscojones@example.org
U0636,2025-05-02,UK-London,Enterprise,5001,jose11@example.com
U0637,2025-01-31,Delhi,Pro,1538,emartin@example.net
U0638,2026-08-17,Mumbai,Basic,512,morgantricia@example.com
U0639,2026-02-25,Delhi,Basic,481,kdunlap@example.net
U0640,2026-07-10,US-East,Basic,521,brianrivera@example.org
U0641,2025-07-24,Delhi,Basic,523,donna43@example.org
U0642,2024-11-04,US-East,Pro,1452,xhernandez@example.org
U0643,2025-08-07,UK-London,Pro,1546,madison97@example.org
U0644,2024-12-08,Delhi,Pro,1471,georgecarter@example.org
U0645,2025-09-09,Bangalore,Basic,449,parkerraymond@example.com
U0646,2026-07-14,UK-London,Basic,519,christopher86@example.org
U0647,2025-06-26,Delhi,Basic,524,cwood@example.org
U0648,2025-04-09,US-East,Pro,1467,rbaker@example.net
U0649,2024-11-12,Delhi,Basic,481,millermaurice@example.net
U0650,2025-07-28,Delhi,Basic,483,angelarandall@example.net
U0651,2025-07-31,Mumbai,Basic,459,parmstrong@example.com
U0652,2025-05-05,UK-London,Pro,1526,torr@example.org
U0653,2025-09-30,UK-London,Pro,1457,davidtodd@example.org
U0654,2026-08-22,Mumbai,Basic,520,teresastokes@example.org
U0655,2024-10-30,UK-London,Basic,476,mcneilryan@example.net
U0656,2025-01-14,Mumbai,Basic,473,luis11@example.com
U0657,2025-11-09,Mumbai,Basic,496,melissa87@example.org
U0658,2026-04-26,Hyderabad,Basic,548,jrodriguez@example.org
U0659,2025-11-16,UK-London,Pro,1494,buckleyanna@example.org
U0660,2026-04-25,Bangalore,Pro,1491,natalie46@example.net
U0661,2025-09-18,Bangalore,Basic,528,rjohnson@example.com
U0662,2025-01-12,Hyderabad,Pro,1463,vwilliams@example.net
U0663,2025-03-21,Bangalore,Basic,499,xmccall@example.org
U0664,2025-06-02,US-East,Basic,461,larry71@example.org
U0665,2025-01-05,Mumbai,Basic,526,uschroeder@example.com
U0666,2026-03-15,US-East,Basic,500,lopezjason@example.com
U0667,2026-03-23,US-East,Pro,1476,lori82@example.org
U0668,2025-05-14,Mumbai,Basic,484,htaylor@example.net
U0669,2024-10-20,Mumbai,Pro,1497,nancygonzalez@example.org
U0670,2025-03-30,Mumbai,Enterprise,5037,xwilliams@example.net
U0671,2025-02-21,Hyderabad,Basic,522,madison86@example.net
U0672,2026-08-03,Delhi,Pro,1490,allentracy@example.com
U0673,2025-02-05,Hyderabad,Basic,532,wmatthews@example.com
U0674,2025-01-26,UK-London,Basic,449,kaitlyn14@example.org
U0675,2025-07-08,US-East,Basic,495,melissachan@example.org
U0676,2026-06-16,UK-London,Enterprise,4969,ericaadams@example.com
U0677,2025-10-08,Delhi,Pro,1474,wellsdavid@example.org
U0678,2025-12-11,Mumbai,Basic,536,walkercharlene@example.com
U0679,2026-03-03,US-East,Basic,490,rodney65@example.com
U0680,2025-03-31,Delhi,Enterprise,4974,hturner@example.net
U0681,2025-07-15,Hyderabad,Basic,498,smithyvonne@example.com
U0682,2025-11-12,Hyderabad,Pro,1508,kenneth17@example.org
U0683,2025-06-01,Delhi,Pro,1466,danielle44@example.net
U0684,2026-03-02,Mumbai,Pro,1545,jacob83@example.org
U0685,2026-05-09,US-East,Basic,495,rguerrero@example.org
U0686,2026-03-09,Hyderabad,Basic,546,qbright@example.com
U0687,2025-07-21,US-East,Basic,529,aguilarwanda@example.org
U0688,2025-06-06,US-East,Basic,463,ginalittle@example.com
U0689,2026-07-22,Bangalore,Basic,458,william28@example.org
U0690,2025-05-01,US-East,Basic,505,qanderson@example.net
U0691,2026-05-12,Mumbai,Basic,512,staceylam@example.net
U0692,2024-12-03,US-East,Basic,466,jeffrey46@example.com
U0693,2025-06-27,UK-London,Basic,487,steven17@example.org
U0694,2026-06-23,Bangalore,Pro,1472,kennedyjames@example.org
U0695,2026-06-24,Bangalore,Basic,516,amoreno@example.org
U0696,2026-06-26,Mumbai,Pro,1480,derrickgonzalez@example.com
U0697,2026-09-19,UK-London,Basic,484,tthomas@example.org
U0698,2026-04-20,Delhi,Basic,484,lcook@example.com
U0699,2026-01-05,Delhi,Basic,518,hayesjason@example.org
U0700,2025-11-23,Hyderabad,Basic,461,tracygallagher@example.org
U0701,2025-01-01,Mumbai,Basic,508,zschultz@example.com
U0702,2026-09-03,Bangalore,Pro,1480,ismith@example.org
U0703,2026-03-16,UK-London,Basic,520,mcclainkatherine@example.net
U0704,2025-02-15,UK-London,Pro,1492,simsjohn@example.net
U0705,2026-07-01,Bangalore,Basic,534,david68@example.net
U0706,2025-05-10,Hyderabad,Pro,1450,colonkenneth@example.com
U0707,2025-08-27,Bangalore,Basic,546,ryan25@example.com
U0708,2025-06-18,Hyderabad,Basic,456,frederickmeadows@example.com
U0709,2024-10-12,Mumbai,Basic,484,jessicaanderson@example.net
U0710,2024-10-14,US-East,Enterprise,4979,daviddawson@example.org
U0711,2025-06-29,Mumbai,Pro,1510,kelsey90@example.net
U0712,2026-09-25,Hyderabad,Basic,465,valdezandrew@example.net
U0713,2024-12-22,Hyderabad,Basic,451,jjames@example.com
U0714,2025-09-10,US-East,Enterprise,4971,jamiejennings@example.org
U0715,2025-05-06,UK-London,Basic,453,batesjoseph@example.net
U0716,2026-02-22,Hyderabad,Pro,1513,grivas@example.net
U0717,2026-03-07,US-East,Pro,1532,campbellkristen@example.com
U0718,2025-02-21,Mumbai,Pro,1520,kimberlydecker@example.org
U0719,2025-06-17,Delhi,Pro,1464,cphillips@example.net
U0720,2025-09-26,Hyderabad,Basic,546,haleycastillo@example.org
U0721,2024-09-30,Hyderabad,Basic,545,meadowsmary@example.net
U0722,2025-09-24,US-East,Basic,514,chancharles@example.net
U0723,2024-12-11,Mumbai,Basic,539,dawn74@example.com
U0724,2025-09-02,Delhi,Basic,523,limorgan@example.com
U0725,2025-06-18,UK-London,Pro,1471,ronald11@example.org
U0726,2024-10-06,Mumbai,Enterprise,5003,elizabethjackson@example.com
U0727,2026-07-14,UK-London,Basic,491,natalie15@example.com
U0728,2025-02-09,Hyderabad,Basic,549,dross@example.com
U0729,2026-06-01,Hyderabad,Basic,497,pmarsh@example.org
U0730,2024-12-20,Mumbai,Basic,493,jarvismegan@example.org
U0731,2025-07-29,Mumbai,Basic,478,rpham@example.com
U0732,2025-02-08,Bangalore,Pro,1528,nmaxwell@example.org
U0733,2026-06-20,UK-London,Basic,521,timothyfreeman@example.com
U0734,2025-08-16,Bangalore,Basic,514,greenleon@example.net
U0735,2026-06-24,Bangalore,Basic,530,tiffanysantiago@example.com
U0736,2025-10-12,Mumbai,Enterprise,4958,reynoldsjessica@example.com
U0737,2025-06-08,Delhi,Pro,1502,jhernandez@example.net
U0738,2024-11-07,UK-London,Basic,513,williamharrison@example.com
U0739,2026-06-25,UK-London,Pro,1500,waltonmalik@example.com
U0740,2026-09-07,Delhi,Basic,454,hunterandrea@example.com
U0741,2025-07-20,US-East,Basic,546,christianwallace@example.net
U0742,2025-08-22,Mumbai,Basic,516,hwest@example.com
U0743,2026-03-27,Hyderabad,Basic,493,garciarobert@example.net
U0744,2025-11-03,Hyderabad,Basic,461,connersylvia@example.net
U0745,2025-05-09,Hyderabad,Enterprise,4966,diamondbryant@example.com
U0746,2025-06-21,UK-London,Basic,480,velasquezmegan@example.com
U0747,2025-11-11,UK-London,Basic,450,xmoran@example.net
U0748,2025-08-25,Bangalore,Pro,1479,malonejeffrey@example.com
U0749,2025-06-15,Bangalore,Basic,482,amy51@example.org
U0750,2026-07-15,Mumbai,Basic,459,ttaylor@example.net
U0751,2026-03-09,Delhi,Pro,1535,kingjames@example.org
U0752,2026-08-09,Bangalore,Basic,469,ylewis@example.org
U0753,2026-03-06,UK-London,Basic,455,shermanbrandon@example.net
U0754,2026-06-02,Hyderabad,Pro,1545,bartonshannon@example.net
U0755,2025-12-03,Delhi,Basic,549,tamarasmith@example.net
U0756,2024-11-03,Hyderabad,Pro,1541,eroberson@example.net
U0757,2026-04-22,Hyderabad,Pro,1486,heatherthompson@example.org
U0758,2024-12-13,US-East,Basic,511,william66@example.net
U0759,2026-07-29,US-East,Basic,547,joshuastuart@example.com
U0760,2025-08-25,Hyderabad,Basic,534,devonmorrison@example.net
U0761,2025-10-07,US-East,Pro,1534,jennifer83@example.org
U0762,2025-03-01,Mumbai,Enterprise,5010,glenda22@example.net
U0763,2025-10-30,UK-London,Basic,527,jennifer58@example.com
U0764,2025-11-28,Mumbai,Basic,487,icraig@example.com
U0765,2026-07-01,US-East,Pro,1533,hstokes@example.org
U0766,2024-10-17,US-East,Pro,1533,brianbrown@example.com
U0767,2026-03-30,US-East,Basic,493,tonyavega@example.org
U0768,2026-06-03,Delhi,Basic,547,james80@example.com
U0769,2026-05-16,Bangalore,Basic,511,jensenemma@example.net
U0770,2026-06-22,US-East,Basic,474,yyoung@example.net
U0771,2025-04-26,Mumbai,Basic,500,housepaul@example.net
U0772,2025-05-15,Mumbai,Basic,547,smithjohn@example.net
U0773,2026-06-25,Hyderabad,Basic,477,ogreer@example.net
U0774,2026-02-28,US-East,Basic,490,kari89@example.org
U0775,2026-04-18,Delhi,Pro,1512,kellythompson@example.net
U0776,2024-11-22,Delhi,Pro,1489,jillwilson@example.org
U0777,2025-08-07,Hyderabad,Pro,1496,david94@example.org
U0778,2025-05-28,Mumbai,Basic,506,billmcfarland@example.net
U0779,2024-11-05,US-East,Basic,476,tracy98@example.com
U0780,2024-11-21,Mumbai,Pro,1456,alicia28@example.org
U0781,2026-04-25,Delhi,Pro,1527,robertherrera@example.org
U0782,2025-06-11,US-East,Pro,1531,elizabethrivera@example.com
U0783,2025-03-07,Hyderabad,Basic,513,wbarajas@example.net
U0784,2024-10-05,US-East,Basic,520,sean99@example.org
U0785,2026-08-29,Bangalore,Basic,449,patrick16@example.com
U0786,2025-10-28,Bangalore,Basic,472,angel85@example.net
U0787,2026-05-08,Hyderabad,Basic,469,stucker@example.net
U0788,2025-02-16,UK-London,Basic,548,vaughangary@example.net
U0789,2025-10-23,Bangalore,Basic,455,clarkcrystal@example.org
U0790,2026-06-22,Bangalore,Pro,1506,nhouston@example.net
U0791,2026-05-26,UK-London,Basic,544,elucas@example.net
U0792,2026-02-11,Mumbai,Basic,486,stevensmartin@example.org
U0793,2024-11-21,Hyderabad,Basic,529,lauragrant@example.net
U0794,2026-05-21,Delhi,Basic,521,rickey76@example.com
U0795,2025-05-17,Mumbai,Basic,515,inunez@example.org
U0796,2026-01-10,UK-London,Basic,516,avilabrenda@example.net
U0797,2026-06-10,Delhi,Pro,1537,sarah14@example.net
U0798,2025-05-06,UK-London,Basic,458,campbellsara@example.com
U0799,2025-07-14,Hyderabad,Pro,1539,wellsamanda@example.org
U0800,2026-03-28,UK-London,Enterprise,4961,susan24@example.net
U0801,2026-07-08,Hyderabad,Basic,546,susan08@example.net
U0802,2025-01-10,Delhi,Basic,488,smithcandice@example.net
U0803,2025-11-02,Delhi,Basic,473,torreskaitlin@example.net
U0804,2025-06-07,UK-London,Basic,537,gwhitehead@example.org
U0805,2025-01-24,Hyderabad,Basic,478,christinaking@example.org
U0806,2025-02-08,Hyderabad,Enterprise,4980,yorksarah@example.net
U0807,2025-08-31,Delhi,Basic,469,robertscarlos@example.org
U0808,2025-02-20,UK-London,Basic,487,wlynn@example.org
U0809,2026-02-01,Delhi,Pro,1495,craigharvey@example.org
U0810,2025-05-18,US-East,Basic,469,qmurphy@example.com
U0811,2026-02-17,UK-London,Enterprise,4955,arianadiaz@example.com
U0812,2026-08-29,Bangalore,Basic,534,adamsanchez@example.org
U0813,2026-03-02,Delhi,Pro,1470,xhill@example.org
U0814,2026-02-07,US-East,Basic,530,natalie77@example.com
U0815,2026-04-17,US-East,Basic,527,larnold@example.net
U0816,2025-12-15,Mumbai,Basic,543,michele28@example.org
U0817,2025-04-09,Hyderabad,Basic,525,lunapatricia@example.net
U0818,2026-01-03,US-East,Basic,509,nhammond@example.org
U0819,2025-11-05,Bangalore,Pro,1511,jvaldez@example.com
U0820,2025-07-12,US-East,Basic,478,dennis88@example.org
U0821,2025-07-15,Delhi,Pro,1549,batesmelanie@example.net
U0822,2026-02-10,Mumbai,Basic,506,seanwhite@example.net
U0823,2026-01-23,Delhi,Basic,453,jillwebb@example.com
U0824,2024-10-28,Hyderabad,Pro,1547,qhall@example.com
U0825,2025-03-18,Mumbai,Basic,546,aprilmoody@example.com
U0826,2025-09-06,Mumbai,Basic,469,ckeith@example.net
U0827,2025-05-23,Bangalore,Pro,1475,mary49@example.net
U0828,2025-11-19,US-East,Pro,1457,xvaldez@example.net
U0829,2026-01-18,UK-London,Basic,538,blacknicholas@example.org
U0830,2025-10-10,Hyderabad,Pro,1529,lisa57@example.com
U0831,2026-07-08,Delhi,Basic,482,shawdon@example.org
U0832,2025-03-15,Hyderabad,Pro,1523,jason22@example.com
U0833,2025-12-12,UK-London,Pro,1504,guerrerorobert@example.com
U0834,2026-03-08,Mumbai,Basic,452,eleonard@example.org
U0835,2025-12-04,Hyderabad,Basic,468,cjohnson@example.org
U0836,2025-11-21,UK-London,Pro,1547,dennishunt@example.net
U0837,2025-01-14,UK-London,Basic,533,jonathanwhite@example.com
U0838,2025-12-10,US-East,Basic,522,johnsjessica@example.com
U0839,2026-08-21,Hyderabad,Pro,1508,shanehaney@example.com
U0840,2025-01-31,Hyderabad,Pro,1465,yburke@example.net
U0841,2026-05-20,Hyderabad,Basic,541,cindydixon@example.org
U0842,2026-03-11,US-East,Pro,1528,sandra99@example.org
U0843,2025-03-15,Hyderabad,Basic,452,banderson@example.org
U0844,2025-10-15,Mumbai,Basic,478,mserrano@example.org
U0845,2025-02-05,Hyderabad,Pro,1508,richamanda@example.org
U0846,2024-12-06,UK-London,Basic,531,rachelryan@example.org
U0847,2026-07-15,US-East,Basic,524,xboyd@example.org
U0848,2026-02-20,UK-London,Pro,1479,zperez@example.com
U0849,2026-04-28,Bangalore,Pro,1496,zbell@example.net
U0850,2026-07-23,UK-London,Basic,503,colemanjonathan@example.org
U0851,2026-07-25,Delhi,Pro,1466,campbellnancy@example.com
U0852,2025-04-05,Delhi,Basic,540,fletcherkristine@example.net
U0853,2025-10-15,Bangalore,Pro,1505,brooksjamie@example.com
U0854,2025-07-24,US-East,Enterprise,4981,mooredenise@example.com
U0855,2025-04-07,Hyderabad,Basic,468,ncunningham@example.com
U0856,2026-09-23,Bangalore,Pro,1463,afischer@example.net
U0857,2026-04-24,UK-London,Basic,523,jwhite@example.net
U0858,2025-09-17,Mumbai,Pro,1464,becky62@example.net
U0859,2024-12-24,Hyderabad,Basic,509,seanlyons@example.org
U0860,2024-12-11,Bangalore,Enterprise,5025,zhartman@example.net
U0861,2025-12-21,UK-London,Pro,1518,martintamara@example.org
U0862,2026-05-09,US-East,Basic,499,thomasburke@example.org
U0863,2024-11-14,Mumbai,Enterprise,4983,nathanlynch@example.net
U0864,2025-07-06,Bangalore,Basic,517,hmendez@example.com
U0865,2026-03-02,US-East,Pro,1532,bautistalori@example.net
U0866,2025-09-24,Mumbai,Pro,1512,harrisdiane@example.net
U0867,2025-04-25,UK-London,Basic,538,bowerswilliam@example.net
U0868,2025-03-17,Mumbai,Basic,483,emilyward@example.net
U0869,2024-09-29,Delhi,Basic,548,christopherhill@example.com
U0870,2025-06-13,UK-London,Pro,1494,msullivan@example.net
U0871,2024-10-10,Hyderabad,Pro,1505,calhounandrea@example.net
U0872,2026-05-27,Delhi,Pro,1484,michael43@example.net
U0873,2026-09-02,Hyderabad,Basic,478,kspears@example.org
U0874,2025-04-07,Bangalore,Basic,503,jhunter@example.org
U0875,2025-10-01,Mumbai,Enterprise,5028,stacey84@example.net
U0876,2026-05-15,Mumbai,Basic,537,heather69@example.com
U0877,2026-04-14,Hyderabad,Pro,1521,susan77@example.net
U0878,2026-06-20,Bangalore,Basic,532,ewilson@example.com
U0879,2026-01-04,Bangalore,Pro,1505,ericahall@example.com
U0880,2025-07-27,Mumbai,Basic,481,zachary04@example.org
U0881,2025-04-26,UK-London,Pro,1463,vnunez@example.org
U0882,2025-11-07,Bangalore,Basic,468,thomasgomez@example.net
U0883,2025-04-13,US-East,Basic,490,victorgonzalez@example.net
U0884,2025-03-24,UK-London,Pro,1505,jamie33@example.net
U0885,2025-06-15,US-East,Basic,530,wilsonchristian@example.net
U0886,2025-09-23,Mumbai,Basic,485,duranamber@example.org
U0887,2026-06-10,Bangalore,Basic,537,christine79@example.com
U0888,2025-09-22,Hyderabad,Enterprise,5009,raymond92@example.org
U0889,2025-10-17,Mumbai,Basic,516,imendoza@example.org
U0890,2025-09-30,Delhi,Basic,519,xdalton@example.org
U0891,2025-08-28,Delhi,Pro,1529,wolfesteve@example.net
U0892,2024-10-05,US-East,Enterprise,5046,nicolasgarcia@example.com
U0893,2025-12-20,Bangalore,Basic,489,jacob43@example.com
U0894,2025-09-08,Delhi,Pro,1465,michael76@example.org
U0895,2025-07-31,UK-London,Pro,1518,michael64@example.com
U0896,2025-02-07,Mumbai,Pro,1533,tiffanyparks@example.org
U0897,2026-03-09,UK-London,Basic,505,angelachase@example.org
U0898,2025-01-13,Mumbai,Pro,1464,thomassmith@example.com
U0899,2025-09-28,US-East,Basic,487,kristen44@example.net
U0900,2026-06-17,UK-London,Basic,508,rosshannah@example.org
U0901,2025-03-05,Bangalore,Basic,512,thomas17@example.net
U0902,2025-05-31,Delhi,Pro,1512,michael84@example.com
U0903,2024-10-13,US-East,Basic,468,bellerin@example.net
U0904,2025-02-21,Hyderabad,Basic,534,tiffanymitchell@example.com
U0905,2026-02-02,US-East,Basic,527,champton@example.org
U0906,2025-07-04,Hyderabad,Pro,1462,steven22@example.net
U0907,2026-05-11,Delhi,Basic,488,robert99@example.com
U0908,2026-06-10,Mumbai,Enterprise,5011,millermatthew@example.com
U0909,2025-05-18,UK-London,Basic,451,jennifer96@example.com
U0910,2026-07-09,Delhi,Enterprise,4990,julie87@example.com
U0911,2025-01-29,UK-London,Basic,487,martinezjimmy@example.com
U0912,2026-08-16,Delhi,Pro,1498,clarkrandy@example.org
U0913,2024-11-14,US-East,Basic,499,bkelley@example.com
U0914,2025-10-16,Hyderabad,Basic,522,garciachristine@example.org
U0915,2026-01-20,Hyderabad,Basic,540,pparker@example.net
U0916,2025-04-24,US-East,Pro,1533,davidroberson@example.org
U0917,2024-10-24,Delhi,Basic,495,michelle57@example.com
U0918,2026-09-10,UK-London,Basic,530,amy28@example.org
U0919,2025-12-04,Hyderabad,Basic,518,owelch@example.net
U0920,2025-08-12,Bangalore,Pro,1451,regina78@example.org
U0921,2026-05-09,Bangalore,Pro,1488,aparker@example.com
U0922,2025-01-20,Hyderabad,Basic,449,smithlisa@example.org
U0923,2025-06-07,US-East,Basic,480,snichols@example.com
U0924,2026-08-21,Bangalore,Pro,1549,xevans@example.com
U0925,2026-05-04,UK-London,Basic,467,laurakelley@example.org
U0926,2025-07-26,Hyderabad,Pro,1459,kfoster@example.net
U0927,2026-03-21,Delhi,Basic,511,oclayton@example.com
U0928,2024-11-25,US-East,Basic,469,zacharymarsh@example.net
U0929,2026-05-11,Mumbai,Pro,1452,justin84@example.com
U0930,2025-02-13,Mumbai,Enterprise,5043,whitekeith@example.net
U0931,2025-08-27,Bangalore,Pro,1517,nnelson@example.com
U0932,2025-02-13,Delhi,Basic,516,hernandeztara@example.org
U0933,2025-02-11,Mumbai,Pro,1474,campbelldavid@example.com
U0934,2026-03-13,US-East,Basic,547,christophersmith@example.org
U0935,2025-06-05,US-East,Basic,457,kristi75@example.com
U0936,2026-02-19,Mumbai,Pro,1454,riveramegan@example.org
U0937,2024-11-08,Hyderabad,Pro,1459,ejones@example.org
U0938,2025-02-16,Hyderabad,Enterprise,5021,lisa01@example.net
U0939,2025-03-29,Mumbai,Basic,534,cwright@example.org
U0940,2025-08-31,Hyderabad,Pro,1478,boydtina@example.com
U0941,2025-07-10,US-East,Basic,476,sharon20@example.net
U0942,2026-08-14,UK-London,Pro,1481,kingdanielle@example.org
U0943,2025-06-19,Hyderabad,Basic,482,boyerjeff@example.org
U0944,2025-03-20,Mumbai,Basic,506,knguyen@example.com
U0945,2025-11-29,UK-London,Pro,1465,amccormick@example.org
U0946,2025-11-27,Bangalore,Pro,1542,jbarker@example.com
U0947,2026-04-14,Bangalore,Enterprise,4981,ericdavis@example.net
U0948,2025-06-03,Mumbai,Basic,514,browndeanna@example.net
U0949,2025-10-25,Hyderabad,Basic,495,martinezjesse@example.net
U0950,2026-04-27,Delhi,Basic,468,linda73@example.org
U0951,2026-02-14,Bangalore,Basic,452,jennifer40@example.com
U0952,2026-02-26,UK-London,Pro,1463,amy73@example.net
U0953,2025-02-12,Bangalore,Basic,505,mario74@example.net
U0954,2026-07-28,UK-London,Basic,462,caseymoore@example.com
U0955,2026-05-20,Delhi,Enterprise,4987,shawn86@example.net
U0956,2025-02-11,Hyderabad,Pro,1525,harveymichael@example.net
U0957,2025-03-22,Bangalore,Pro,1545,barrettamber@example.com
U0958,2025-02-14,Bangalore,Pro,1471,jcannon@example.net
U0959,2025-04-23,Mumbai,Basic,494,hdavidson@example.org
U0960,2025-10-15,Hyderabad,Basic,520,williamssharon@example.org
U0961,2026-06-28,Bangalore,Basic,478,daniellee@example.org
U0962,2025-11-19,Bangalore,Pro,1532,hbarrett@example.net
U0963,2026-02-22,UK-London,Basic,474,brandon39@example.net
U0964,2024-11-19,UK-London,Enterprise,4996,dianahebert@example.org
U0965,2025-09-05,UK-London,Pro,1499,wardjulia@example.com
U0966,2026-05-22,Bangalore,Pro,1521,colonjoseph@example.org
U0967,2026-03-19,US-East,Pro,1519,christian38@example.org
U0968,2024-12-11,Delhi,Pro,1467,amandalopez@example.net
U0969,2026-01-21,UK-London,Pro,1486,angelagrant@example.net
U0970,2024-12-15,Hyderabad,Basic,488,emily61@example.org
U0971,2026-04-30,Delhi,Basic,512,qwagner@example.org
U0972,2025-10-23,Hyderabad,Basic,537,umahoney@example.net
U0973,2026-09-22,US-East,Pro,1547,megan66@example.net
U0974,2025-05-23,UK-London,Basic,542,annalewis@example.net
U0975,2026-08-06,Bangalore,Basic,516,michael77@example.com
U0976,2024-09-29,Mumbai,Pro,1534,birdcaitlin@example.net
U0977,2025-01-05,US-East,Pro,1510,adam33@example.com
U0978,2024-10-14,UK-London,Pro,1460,samantha88@example.net
U0979,2026-08-05,UK-London,Basic,498,clintonstevens@example.org
U0980,2025-01-08,US-East,Basic,517,pamela33@example.com
U0981,2026-05-14,US-East,Basic,515,duncanashley@example.org
U0982,2026-03-19,US-East,Basic,521,laura27@example.net
U0983,2026-02-24,Hyderabad,Enterprise,4983,larsonkevin@example.net
U0984,2026-05-12,Delhi,Pro,1456,dmiller@example.com
U0985,2025-06-09,Hyderabad,Basic,502,hbutler@example.org
U0986,2026-03-28,Delhi,Basic,467,walterscrystal@example.org
U0987,2025-05-09,US-East,Pro,1470,floresannette@example.com
U0988,2025-09-30,Bangalore,Pro,1486,ericnunez@example.com
U0989,2026-09-07,US-East,Basic,499,walkerkeith@example.com
U0990,2025-01-15,Hyderabad,Basic,476,christopher90@example.net
U0991,2025-07-17,Hyderabad,Basic,493,rossryan@example.net
U0992,2025-01-02,Hyderabad,Enterprise,5014,timothygonzalez@example.com
U0993,2026-01-18,Bangalore,Basic,503,annshea@example.net
U0994,2025-03-27,UK-London,Enterprise,4954,adamsrussell@example.net
U0995,2026-08-04,Mumbai,Pro,1465,rodriguezrobert@example.com
U0996,2025-06-10,UK-London,Basic,538,melvin04@example.org
U0997,2026-09-19,Bangalore,Enterprise,5013,chanson@example.org
U0998,2026-08-04,US-East,Basic,547,jamesbrooks@example.net
U0999,2026-06-13,Bangalore,Basic,496,singhjohn@example.net
U1000,2026-08-06,Delhi,Basic,461,alexander14@example.com
U1001,2025-09-07,Delhi,Basic,494,jason83@example.org
U1002,2025-11-01,Bangalore,Basic,468,ana92@example.net
U1003,2026-02-21,Mumbai,Basic,487,bennettrebecca@example.net
U1004,2024-10-30,Delhi,Pro,1512,briangonzalez@example.net
U1005,2025-12-24,Bangalore,Basic,502,marshallsierra@example.org
U1006,2025-07-09,Delhi,Enterprise,5036,elizabeth51@example.org
U1007,2025-04-30,Delhi,Basic,465,yhall@example.net
U1008,2026-09-11,Bangalore,Basic,507,mckeetodd@example.net
U1009,2025-10-22,Delhi,Basic,487,jamesrasmussen@example.net
U1010,2026-08-06,Bangalore,Basic,467,williamssandra@example.com
U1011,2025-05-30,UK-London,Basic,493,bgarner@example.com
U1012,2026-02-10,Hyderabad,Basic,467,colleen38@example.com
U1013,2026-05-14,US-East,Basic,460,natasha08@example.com
U1014,2025-03-12,Delhi,Pro,1493,penny21@example.net
U1015,2025-07-05,Hyderabad,Pro,1517,robertberry@example.com
U1016,2026-09-07,Bangalore,Basic,494,shane23@example.net
U1017,2025-01-08,US-East,Basic,495,michelleparker@example.net
U1018,2026-07-17,Hyderabad,Basic,530,russellstout@example.org
U1019,2026-01-21,Hyderabad,Basic,542,lonniegrant@example.net
U1020,2024-12-24,Hyderabad,Pro,1530,mary20@example.com
U1021,2026-07-03,Hyderabad,Basic,488,tali@example.com
U1022,2026-03-27,Delhi,Pro,1524,edwin31@example.org
U1023,2025-02-10,Delhi,Basic,487,catherine93@example.net
U1024,2025-03-17,US-East,Basic,522,howardhailey@example.com
U1025,2025-01-04,Bangalore,Basic,525,xjoseph@example.org
U1026,2026-06-13,Mumbai,Basic,499,kwells@example.org
U1027,2025-03-13,Delhi,Enterprise,4987,aduran@example.com
U1028,2026-08-23,Hyderabad,Pro,1518,juliamcneil@example.org
U1029,2024-11-16,Mumbai,Basic,541,fcamacho@example.net
U1030,2025-05-24,UK-London,Basic,488,bclay@example.com
U1031,2026-04-18,Delhi,Pro,1460,zcortez@example.net
U1032,2026-08-15,Delhi,Basic,503,meyershannon@example.org
U1033,2026-07-01,Mumbai,Basic,549,aprilfoster@example.net
U1034,2024-10-27,Delhi,Basic,543,oblack@example.org
U1035,2025-02-14,Delhi,Basic,486,tsanders@example.com
U1036,2025-08-31,UK-London,Pro,1466,dphillips@example.net
U1037,2025-10-11,US-East,Basic,521,stevenlucas@example.org
U1038,2026-03-10,Mumbai,Basic,478,whitebrenda@example.net
U1039,2025-11-01,Mumbai,Basic,480,cgutierrez@example.org
U1040,2025-02-06,Hyderabad,Pro,1492,nicoledavis@example.com
U1041,2026-02-15,Bangalore,Enterprise,4996,jennifermartinez@example.org
U1042,2026-02-26,Bangalore,Basic,505,christopher68@example.net
U1043,2026-08-23,Hyderabad,Basic,481,cpierce@example.org
U1044,2026-07-26,Mumbai,Basic,504,fernandothomas@example.net
U1045,2024-11-05,Hyderabad,Basic,485,kyle74@example.net
U1046,2025-02-07,Delhi,Pro,1495,susansmith@example.com
U1047,2024-10-07,US-East,Basic,522,ifoley@example.org
U1048,2025-12-16,Hyderabad,Pro,1483,lyoung@example.net
U1049,2025-09-11,Bangalore,Basic,459,mramos@example.net
U1050,2024-10-03,UK-London,Basic,512,christine83@example.org
U1051,2025-02-10,Mumbai,Pro,1496,delgadobenjamin@example.org
U1052,2026-01-28,Hyderabad,Basic,513,mark10@example.org
U1053,2025-07-30,Delhi,Basic,498,evanmitchell@example.net
U1054,2026-02-15,Bangalore,Basic,515,tammycurry@example.com
U1055,2026-08-09,Hyderabad,Enterprise,4974,mackmarcus@example.com
U1056,2026-05-20,UK-London,Basic,512,ebridges@example.com
U1057,2025-09-07,Bangalore,Basic,498,nealjoshua@example.net
U1058,2025-07-28,US-East,Basic,463,heathersalazar@example.org
U1059,2025-11-20,Mumbai,Basic,549,webbhaley@example.net
U1060,2025-04-26,US-East,Pro,1490,jordan99@example.com
U1061,2026-08-06,Bangalore,Basic,535,ostone@example.com
U1062,2025-09-23,Mumbai,Basic,521,nicolehall@example.com
U1063,2026-09-13,US-East,Enterprise,5007,wilsonsteven@example.org
U1064,2026-03-21,Hyderabad,Enterprise,4965,laurenduarte@example.com
U1065,2024-11-01,UK-London,Basic,516,ann30@example.net
U1066,2025-02-22,Delhi,Enterprise,4997,jonathan14@example.com
U1067,2025-10-03,US-East,Basic,534,katie15@example.com
U1068,2025-07-15,Bangalore,Basic,451,collierjames@example.com
U1069,2026-08-03,US-East,Basic,499,zhendricks@example.org
U1070,2026-01-13,US-East,Basic,494,dmoore@example.net
U1071,2026-07-15,US-East,Pro,1492,abowers@example.net
U1072,2024-11-08,Hyderabad,Pro,1449,annette58@example.net
U1073,2024-10-12,US-East,Basic,547,lauren51@example.org
U1074,2025-04-21,Mumbai,Basic,459,morgannicholas@example.net
U1075,2026-06-05,US-East,Basic,465,hlopez@example.com
U1076,2026-02-25,Mumbai,Pro,1534,jennifer46@example.org
U1077,2025-09-26,Mumbai,Basic,467,nathangallegos@example.com
U1078,2025-03-05,US-East,Basic,456,gregory50@example.org
U1079,2026-07-27,Delhi,Basic,549,zhunter@example.com
U1080,2026-07-21,Bangalore,Basic,512,jamesmclean@example.net
U1081,2026-06-28,Mumbai,Basic,459,kimberly21@example.net
U1082,2026-02-05,Hyderabad,Basic,469,jamiejohnson@example.com
U1083,2026-03-03,Hyderabad,Pro,1453,smithsarah@example.net
U1084,2026-06-10,Hyderabad,Pro,1489,cookpamela@example.org
U1085,2025-10-14,Hyderabad,Pro,1518,andrew43@example.com
U1086,2025-02-22,Bangalore,Basic,474,joshua57@example.net
U1087,2024-12-23,Hyderabad,Enterprise,5000,ericwilson@example.net
U1088,2025-11-11,Mumbai,Pro,1548,clarkmichael@example.com
U1089,2025-04-14,Delhi,Basic,510,audrey21@example.com
U1090,2025-12-20,Bangalore,Pro,1523,amber02@example.org
U1091,2025-09-07,Bangalore,Enterprise,5029,rodriguezbrian@example.com
U1092,2025-07-12,UK-London,Pro,1539,tjensen@example.com
U1093,2026-05-18,Bangalore,Basic,495,beltrankatelyn@example.com
U1094,2025-11-17,Hyderabad,Pro,1455,hesssamantha@example.com
U1095,2024-12-09,Delhi,Enterprise,5020,gabrielle77@example.org
U1096,2026-08-21,Delhi,Pro,1529,michellejensen@example.com
U1097,2025-07-12,Bangalore,Pro,1511,kristina57@example.com
U1098,2024-10-21,Bangalore,Pro,1517,erodriguez@example.com
U1099,2026-06-08,UK-London,Basic,509,katrina99@example.org
U1100,2025-10-04,Mumbai,Enterprise,5044,yroth@example.org
U1101,2025-05-24,UK-London,Enterprise,4991,sparksamanda@example.com
U1102,2025-12-04,Mumbai,Pro,1490,christinekelley@example.com
U1103,2025-07-06,US-East,Pro,1528,jared96@example.com
U1104,2025-11-17,Delhi,Pro,1472,amy32@example.net
U1105,2026-01-30,UK-London,Pro,1505,mwilson@example.com
U1106,2025-05-24,Bangalore,Pro,1467,shortgregory@example.com
U1107,2024-11-18,Mumbai,Basic,519,jenningscandace@example.com
U1108,2025-05-26,Bangalore,Basic,513,davislisa@example.net
U1109,2026-07-20,US-East,Basic,449,shermandonna@example.com
U1110,2025-10-21,US-East,Basic,456,cgilbert@example.org
U1111,2025-02-26,Delhi,Pro,1449,kevin46@example.net
U1112,2026-09-16,Mumbai,Pro,1511,veronica90@example.net
U1113,2026-09-19,Delhi,Basic,482,sabbott@example.org
U1114,2025-06-25,Hyderabad,Basic,478,smithann@example.com
U1115,2024-12-18,Bangalore,Basic,547,michelle36@example.net
U1116,2025-12-03,UK-London,Basic,508,jennifer66@example.com
U1117,2025-10-31,Mumbai,Basic,493,thomaslopez@example.com
U1118,2026-06-06,Bangalore,Enterprise,4964,mary24@example.net
U1119,2024-12-29,Delhi,Pro,1482,jonesalfred@example.net
U1120,2026-07-06,UK-London,Pro,1508,iproctor@example.org
U1121,2025-01-07,Mumbai,Basic,461,ydalton@example.net
U1122,2025-12-14,Hyderabad,Pro,1482,dhanson@example.net
U1123,2025-08-04,UK-London,Basic,503,ocruz@example.org
U1124,2025-08-05,US-East,Enterprise,5001,lanemelanie@example.org
U1125,2026-03-02,Delhi,Pro,1478,robert89@example.com
U1126,2024-10-23,US-East,Enterprise,4967,carrolljanet@example.org
U1127,2025-11-26,Delhi,Basic,473,thomasjessica@example.com
U1128,2025-09-03,Delhi,Basic,503,millschelsea@example.org
U1129,2025-09-08,UK-London,Basic,522,suttonamber@example.net
U1130,2025-05-15,UK-London,Basic,500,bergeramanda@example.org
U1131,2025-09-06,Mumbai,Pro,1462,vberry@example.com
U1132,2025-06-13,UK-London,Basic,501,keith09@example.net
U1133,2025-05-08,UK-London,Pro,1478,bryan79@example.org
U1134,2025-11-21,US-East,Basic,507,lisa90@example.com
U1135,2025-09-17,Mumbai,Pro,1460,williamyork@example.com
U1136,2025-03-31,UK-London,Basic,482,joshua40@example.net
U1137,2024-12-19,Mumbai,Basic,523,reneestevenson@example.net
U1138,2025-08-21,Delhi,Basic,527,josehaynes@example.com
U1139,2025-02-07,Delhi,Basic,541,cooperchristopher@example.org
U1140,2025-12-07,UK-London,Basic,486,marymullins@example.com
U1141,2026-04-14,Mumbai,Pro,1456,donnabarber@example.org
U1142,2025-03-01,US-East,Basic,492,brian41@example.org
U1143,2025-01-29,US-East,Pro,1476,ealvarez@example.net
U1144,2026-08-22,Delhi,Basic,467,noahthornton@example.com
U1145,2025-04-08,Mumbai,Basic,492,zsmith@example.com
U1146,2025-07-04,Mumbai,Basic,463,suzanne01@example.net
U1147,2026-01-07,Bangalore,Enterprise,4997,pbishop@example.com
U1148,2025-05-31,Hyderabad,Basic,499,leah49@example.com
U1149,2025-08-31,Mumbai,Basic,535,jessicachapman@example.org
U1150,2025-10-13,Delhi,Basic,508,lawrencesmith@example.org
U1151,2026-05-29,Mumbai,Pro,1495,jenkinsalicia@example.net
U1152,2025-08-20,US-East,Basic,461,jessicaking@example.org
U1153,2024-10-16,Hyderabad,Basic,459,brownbrooke@example.org
U1154,2026-08-23,Delhi,Enterprise,5042,ericksondavid@example.net
U1155,2025-01-01,Hyderabad,Basic,531,pauladominguez@example.com
U1156,2025-05-02,US-East,Pro,1490,fowlersandra@example.com
U1157,2026-04-13,UK-London,Basic,496,jonathan14@example.org
U1158,2025-07-05,Delhi,Basic,547,wendy44@example.org
U1159,2025-08-16,Mumbai,Basic,526,mkrause@example.net
U1160,2025-07-12,Delhi,Pro,1519,irodriguez@example.com
U1161,2025-03-07,Mumbai,Pro,1549,gainesjennifer@example.org
U1162,2024-10-24,Mumbai,Pro,1464,duncanjohn@example.com
U1163,2024-10-12,UK-London,Basic,523,ohernandez@example.org
U1164,2026-08-11,UK-London,Pro,1545,sadams@example.com
U1165,2026-07-21,US-East,Pro,1482,robertsonshelby@example.com
U1166,2025-09-13,Hyderabad,Basic,466,xanthony@example.org
U1167,2025-10-28,UK-London,Pro,1492,cruzhannah@example.com
U1168,2024-12-26,UK-London,Basic,502,mathew46@example.org
U1169,2026-01-03,US-East,Basic,547,diazmelissa@example.com
U1170,2024-11-26,Delhi,Pro,1502,shodges@example.net
U1171,2025-02-24,Hyderabad,Basic,495,poncedonna@example.com
U1172,2026-02-18,UK-London,Pro,1461,mccoymichael@example.org
U1173,2026-07-07,Mumbai,Basic,534,imoss@example.org
U1174,2025-02-16,UK-London,Pro,1458,tracybrown@example.net
U1175,2026-01-11,Bangalore,Basic,465,zferguson@example.com
U1176,2026-09-04,Hyderabad,Enterprise,4972,johnsonbrian@example.net
U1177,2024-10-30,Delhi,Pro,1548,lewisdesiree@example.net
U1178,2025-08-29,Mumbai,Basic,513,joycehall@example.org
U1179,2024-10-25,Hyderabad,Basic,464,tracysmith@example.net
U1180,2024-11-01,Hyderabad,Pro,1506,alexischen@example.com
U1181,2026-05-21,UK-London,Pro,1501,bryantgeorge@example.net
U1182,2024-11-14,UK-London,Basic,482,wilsonbrooke@example.net
U1183,2025-03-09,US-East,Basic,473,ronaldcain@example.net
U1184,2026-02-06,Mumbai,Pro,1455,david98@example.org
U1185,2025-05-21,UK-London,Basic,460,kathrynwatkins@example.com
U1186,2024-11-14,Bangalore,Basic,548,donald62@example.net
U1187,2025-06-26,Hyderabad,Basic,499,samuelfrost@example.org
U1188,2025-01-04,Bangalore,Basic,456,bstrickland@example.com
U1189,2024-11-26,Delhi,Pro,1520,whitechristopher@example.net
U1190,2025-12-06,Bangalore,Basic,452,robert72@example.org
U1191,2025-01-11,US-East,Pro,1477,alexandra63@example.org
U1192,2025-12-18,Hyderabad,Basic,525,carlsonjennifer@example.net
U1193,2026-08-23,Hyderabad,Pro,1538,michael08@example.org
U1194,2025-02-16,Delhi,Basic,453,montgomerymichelle@example.net
U1195,2025-10-04,Hyderabad,Basic,498,qtownsend@example.org
U1196,2025-04-18,Hyderabad,Pro,1470,danielhernandez@example.com
U1197,2025-09-27,Bangalore,Basic,538,elizabethwilliams@example.net
U1198,2025-06-21,Mumbai,Basic,505,ryancook@example.com
U1199,2024-10-30,Mumbai,Pro,1493,buckleygregory@example.org
U1200,2025-09-18,US-East,Basic,501,jonesjoe@example.com
U1201,2025-12-05,Hyderabad,Basic,543,robert53@example.org
U1202,2025-05-25,Bangalore,Pro,1513,youngrobert@example.org
U1203,2025-06-30,Hyderabad,Basic,536,charlesrichards@example.org
U1204,2026-07-11,Delhi,Pro,1495,javierlynch@example.org
U1205,2025-07-08,UK-London,Basic,474,stephenlee@example.com
U1206,2026-09-11,US-East,Basic,532,matthewjohnson@example.net
U1207,2024-11-11,Bangalore,Pro,1502,danielowens@example.com
U1208,2025-01-31,UK-London,Basic,475,jeffrey49@example.org
U1209,2026-04-28,US-East,Pro,1469,belindatran@example.org
U1210,2024-12-01,UK-London,Enterprise,4986,natkins@example.net
U1211,2025-09-09,UK-London,Enterprise,5030,uramirez@example.com
U1212,2026-03-20,UK-London,Basic,461,johnhamilton@example.org
U1213,2026-07-12,Bangalore,Basic,542,robinvillanueva@example.com
U1214,2026-09-14,Hyderabad,Pro,1481,esparzajessica@example.net
U1215,2024-10-23,Bangalore,Basic,525,zmendoza@example.net
U1216,2026-05-21,Hyderabad,Basic,518,fsimpson@example.net
U1217,2026-04-01,Hyderabad,Basic,547,idodson@example.com
U1218,2025-05-02,Bangalore,Basic,538,smithelizabeth@example.org
U1219,2026-02-24,Hyderabad,Basic,459,braysteven@example.org
U1220,2026-06-29,Mumbai,Basic,467,xlopez@example.net
U1221,2025-09-02,UK-London,Basic,530,daltonchad@example.net
U1222,2025-05-30,Hyderabad,Enterprise,4977,phillipskaren@example.net
U1223,2026-08-20,Mumbai,Enterprise,4965,kristinmiller@example.com
U1224,2026-03-20,US-East,Enterprise,5028,robertsonrenee@example.com
U1225,2026-07-09,US-East,Enterprise,4956,reyessteven@example.org
U1226,2025-06-22,Hyderabad,Pro,1542,deborahbush@example.net
U1227,2026-02-28,Delhi,Pro,1507,devonrogers@example.net
U1228,2024-12-20,Mumbai,Enterprise,5034,wmclaughlin@example.net
U1229,2026-06-26,Hyderabad,Pro,1457,karenhodges@example.com
U1230,2025-06-13,Hyderabad,Pro,1549,wesley64@example.org
U1231,2024-11-14,Hyderabad,Basic,490,shaun88@example.org
U1232,2025-09-07,US-East,Pro,1536,shannon51@example.org
U1233,2026-07-12,Mumbai,Pro,1503,zmiller@example.org
U1234,2025-04-27,Bangalore,Pro,1470,rodriguezjoshua@example.net
U1235,2025-01-15,Delhi,Basic,541,nancymeyer@example.net
U1236,2024-10-15,US-East,Basic,493,imontes@example.org
U1237,2025-09-09,Delhi,Basic,502,pwallace@example.org
U1238,2025-04-29,Bangalore,Basic,482,johnsonlaurie@example.net
U1239,2026-01-12,Delhi,Enterprise,5041,plane@example.net
U1240,2026-04-26,Bangalore,Basic,532,swatkins@example.net
U1241,2026-06-05,UK-London,Basic,483,kellis@example.org
U1242,2026-07-16,Bangalore,Basic,538,george43@example.com
U1243,2025-06-27,Mumbai,Basic,493,kayla02@example.com
U1244,2025-04-24,Hyderabad,Basic,501,christinemartin@example.net
U1245,2025-04-25,Hyderabad,Basic,513,maryschwartz@example.net
U1246,2026-05-01,Mumbai,Basic,474,johnwilliams@example.com
U1247,2025-11-22,Hyderabad,Enterprise,5035,lgreen@example.org
U1248,2025-11-13,Bangalore,Basic,489,wadetiffany@example.org
U1249,2025-06-28,Mumbai,Basic,513,amandamartinez@example.org
U1250,2025-07-21,Mumbai,Basic,489,dmack@example.com
U1251,2025-01-20,US-East,Enterprise,4959,deborah47@example.com
U1252,2026-09-06,US-East,Basic,547,laurenchandler@example.com
U1253,2025-06-03,Bangalore,Basic,467,dennisrachel@example.org
U1254,2026-02-05,Mumbai,Basic,488,parkerrichard@example.org
U1255,2025-08-20,UK-London,Basic,452,nguyencathy@example.org
U1256,2025-11-28,Hyderabad,Pro,1463,kimberlywang@example.org
U1257,2024-10-15,US-East,Basic,541,frhodes@example.net
U1258,2025-07-13,Bangalore,Basic,494,mstewart@example.net
U1259,2026-08-18,Delhi,Basic,539,raymond65@example.com
U1260,2025-06-28,Bangalore,Basic,485,michael47@example.net
U1261,2024-12-01,Bangalore,Basic,488,afigueroa@example.com
U1262,2025-04-27,Hyderabad,Basic,546,achandler@example.org
U1263,2026-05-31,Mumbai,Pro,1452,thomaskevin@example.net
U1264,2026-09-19,Delhi,Basic,497,fitzpatrickbrittany@example.com
U1265,2024-12-02,Hyderabad,Basic,471,rfowler@example.com
U1266,2025-02-03,UK-London,Enterprise,5001,wpage@example.org
U1267,2025-02-21,Delhi,Pro,1508,froberts@example.org
U1268,2026-05-22,US-East,Basic,505,mary47@example.net
U1269,2026-03-23,UK-London,Enterprise,5033,anthonysmith@example.com
U1270,2025-05-06,Bangalore,Basic,499,qmartinez@example.com
U1271,2025-07-30,Hyderabad,Basic,540,pknox@example.org
U1272,2024-10-19,Bangalore,Basic,484,trevor19@example.net
U1273,2025-06-20,US-East,Pro,1461,qcunningham@example.net
U1274,2026-02-11,Mumbai,Basic,478,brooksjessica@example.org
U1275,2026-06-08,Delhi,Basic,475,bonniethomas@example.com
U1276,2026-07-02,Delhi,Basic,495,michaelbrown@example.com
U1277,2025-08-01,UK-London,Pro,1533,brandon48@example.net
U1278,2026-08-13,Delhi,Basic,464,katiewhite@example.org
U1279,2025-12-10,Mumbai,Basic,522,amybrennan@example.net
U1280,2026-05-05,Mumbai,Basic,457,gina51@example.net
U1281,2025-11-26,Mumbai,Basic,534,alexanderholmes@example.com
U1282,2026-04-20,Hyderabad,Basic,496,kpeterson@example.org
U1283,2025-03-07,Delhi,Basic,469,mariepope@example.net
U1284,2025-12-20,Delhi,Basic,513,butlersabrina@example.org
U1285,2026-05-19,Bangalore,Pro,1484,mendozalarry@example.com
U1286,2025-01-08,Mumbai,Enterprise,4963,mpreston@example.net
U1287,2026-04-09,Bangalore,Pro,1518,gerald40@example.net
U1288,2026-05-16,Mumbai,Enterprise,4987,davidbenson@example.net
U1289,2025-03-13,Delhi,Pro,1529,jasonzavala@example.com
U1290,2026-02-15,Delhi,Basic,541,joneskim@example.com
U1291,2024-10-30,UK-London,Basic,454,johnsondonna@example.net
U1292,2024-11-11,US-East,Pro,1451,kerrbradley@example.com
U1293,2026-01-29,Delhi,Basic,524,pattonsamantha@example.org
U1294,2025-12-01,US-East,Pro,1503,jackbell@example.org
U1295,2025-01-13,Delhi,Basic,515,stacy55@example.org
U1296,2026-06-15,Hyderabad,Basic,480,williamjones@example.net
U1297,2026-04-09,Hyderabad,Basic,466,jenniferbrandt@example.org
U1298,2026-07-19,Bangalore,Basic,483,beltrancorey@example.org
U1299,2026-08-01,Mumbai,Basic,481,lrichardson@example.org
U1300,2025-08-15,US-East,Enterprise,4952,whitemichael@example.com
U1301,2025-08-04,US-East,Basic,531,rickjuarez@example.com
U1302,2024-12-28,Delhi,Pro,1497,stonetyler@example.com
U1303,2026-02-25,US-East,Basic,513,millertristan@example.com
U1304,2025-04-24,UK-London,Basic,461,gloria73@example.net
U1305,2025-07-23,UK-London,Enterprise,5047,elopez@example.com
U1306,2026-08-15,Bangalore,Enterprise,4991,harry71@example.com
U1307,2025-08-14,Hyderabad,Pro,1543,wilsonralph@example.net
U1308,2025-12-04,Mumbai,Basic,470,figueroapatricia@example.org
U1309,2024-11-15,US-East,Pro,1520,matthewlarson@example.com
U1310,2024-12-27,Bangalore,Basic,464,rhardy@example.net
U1311,2026-04-11,Bangalore,Enterprise,5030,katelyn65@example.com
U1312,2026-01-28,Hyderabad,Basic,545,garcher@example.com
U1313,2025-01-14,UK-London,Basic,501,qrodriguez@example.com
U1314,2025-09-27,Bangalore,Basic,460,anthonyrojas@example.org
U1315,2025-09-27,Delhi,Pro,1453,stantonpatrick@example.net
U1316,2025-05-25,UK-London,Pro,1517,christy11@example.net
U1317,2026-03-31,Bangalore,Basic,481,msparks@example.com
U1318,2026-01-25,Delhi,Basic,467,iwagner@example.com
U1319,2026-05-12,Bangalore,Pro,1514,cisnerosanthony@example.com
U1320,2026-07-03,Hyderabad,Basic,481,reyesleonard@example.com
U1321,2025-08-18,UK-London,Pro,1455,johnsonangela@example.com
U1322,2026-07-06,UK-London,Pro,1535,travistaylor@example.net
U1323,2025-07-10,UK-London,Basic,541,carrolltracy@example.net
U1324,2026-02-11,US-East,Basic,472,kalvarez@example.net
U1325,2024-11-08,Mumbai,Basic,505,troy69@example.net
U1326,2025-06-13,UK-London,Basic,477,luke09@example.org
U1327,2024-12-31,Mumbai,Enterprise,4954,michael90@example.net
U1328,2025-06-05,Hyderabad,Basic,510,pattersonvictoria@example.com
U1329,2025-06-12,Mumbai,Basic,538,johnwong@example.net
U1330,2024-11-30,Delhi,Basic,539,meltondanny@example.org
U1331,2024-10-13,Bangalore,Basic,451,benjamin69@example.net
U1332,2026-07-19,Delhi,Basic,483,andrew79@example.org
U1333,2026-09-18,Hyderabad,Basic,472,uhudson@example.net
U1334,2024-12-09,UK-London,Pro,1474,rgarcia@example.org
U1335,2025-06-01,Bangalore,Pro,1477,garrett45@example.com
U1336,2025-02-23,Hyderabad,Enterprise,5039,pittmanamanda@example.com
U1337,2025-04-10,Hyderabad,Basic,467,wendy63@example.net
U1338,2026-03-25,Mumbai,Pro,1478,robbinsbelinda@example.net
U1339,2025-06-01,UK-London,Pro,1515,knightamanda@example.com
U1340,2025-03-01,Bangalore,Basic,458,pearsonkevin@example.com
U1341,2025-08-11,UK-London,Basic,507,james64@example.net
U1342,2025-10-10,Hyderabad,Basic,450,nicoleburton@example.net
U1343,2026-06-20,Delhi,Pro,1531,vlewis@example.com
U1344,2025-04-12,Mumbai,Basic,501,umichael@example.net
U1345,2024-11-11,UK-London,Enterprise,4999,michaelhernandez@example.org
U1346,2026-03-27,Bangalore,Pro,1470,megan65@example.org
U1347,2026-01-04,UK-London,Pro,1473,sadams@example.net
U1348,2025-01-24,Delhi,Basic,493,richardwilson@example.org
U1349,2024-10-19,Delhi,Basic,457,steven86@example.com
U1350,2026-01-14,Delhi,Basic,458,harrisjoseph@example.org
U1351,2025-04-05,US-East,Basic,494,donna20@example.net
U1352,2025-09-18,UK-London,Basic,496,brownpeggy@example.com
U1353,2025-12-12,Mumbai,Pro,1475,lesterrichard@example.com
U1354,2026-02-01,Bangalore,Basic,533,sandersmary@example.org
U1355,2025-03-20,Hyderabad,Enterprise,4963,boydmaria@example.net
U1356,2025-03-31,Bangalore,Pro,1521,youngdavid@example.com
U1357,2025-05-27,Bangalore,Basic,540,vshaffer@example.org
U1358,2026-08-12,Delhi,Pro,1489,drewthompson@example.com
U1359,2025-08-15,Hyderabad,Basic,488,michelle07@example.net
U1360,2025-06-29,US-East,Pro,1471,stewartrodney@example.net
U1361,2025-03-27,Hyderabad,Basic,495,natasha25@example.com
U1362,2026-03-05,Delhi,Basic,517,andrew90@example.net
U1363,2026-01-25,Mumbai,Basic,488,vazquezkristina@example.org
U1364,2025-04-01,Mumbai,Basic,515,sparker@example.com
U1365,2026-07-20,Delhi,Basic,523,nicholsjoel@example.com
U1366,2025-07-09,UK-London,Basic,496,qpennington@example.com
U1367,2024-12-03,Mumbai,Basic,486,kennethvillarreal@example.org
U1368,2026-07-29,Hyderabad,Basic,507,natasha60@example.com
U1369,2026-06-23,UK-London,Basic,451,aruiz@example.com
U1370,2026-03-06,Delhi,Pro,1539,hollowayholly@example.net
U1371,2024-11-16,Bangalore,Basic,529,jguzman@example.net
U1372,2025-05-25,UK-London,Enterprise,5037,gilldanielle@example.org
U1373,2026-01-02,Hyderabad,Basic,476,aarongonzalez@example.com
U1374,2025-05-16,US-East,Enterprise,4957,rodriguezjohn@example.net
U1375,2026-09-06,Bangalore,Basic,533,melaniejennings@example.com
U1376,2025-08-24,Mumbai,Basic,508,jorgemcdaniel@example.com
U1377,2026-05-05,Hyderabad,Pro,1485,christopherrichardson@example.com
U1378,2026-06-30,Mumbai,Pro,1546,andrewjohnson@example.net
U1379,2026-01-14,Bangalore,Basic,506,rebeccamccann@example.org
U1380,2025-04-08,Hyderabad,Basic,534,brandonwilliamson@example.net
U1381,2025-04-06,US-East,Basic,502,rubiogeorge@example.net
U1382,2024-12-23,Hyderabad,Basic,527,dayala@example.net
U1383,2025-09-24,Bangalore,Basic,526,jenniferlee@example.com
U1384,2025-04-27,Delhi,Basic,449,breyes@example.org
U1385,2025-12-11,US-East,Enterprise,4977,jessica36@example.org
U1386,2025-07-24,Mumbai,Basic,540,anthonycherry@example.org
U1387,2025-12-23,Bangalore,Pro,1495,mikesutton@example.com
U1388,2024-11-30,Bangalore,Pro,1516,uanderson@example.net
U1389,2025-07-16,Hyderabad,Basic,460,jennifererickson@example.net
U1390,2025-12-08,Mumbai,Basic,471,davisbrian@example.com
U1391,2026-08-09,US-East,Basic,511,modonnell@example.net
U1392,2026-09-05,Delhi,Basic,503,smithwilliam@example.com
U1393,2025-05-07,US-East,Basic,484,ilambert@example.net
U1394,2024-10-29,Delhi,Pro,1506,jorgegordon@example.com
U1395,2026-07-01,Delhi,Enterprise,5033,christopherpage@example.com
U1396,2025-01-10,UK-London,Enterprise,4983,edwardstiffany@example.com
U1397,2026-06-27,Delhi,Basic,453,julie64@example.com
U1398,2025-12-20,Delhi,Pro,1524,zachary62@example.com
U1399,2026-03-20,Bangalore,Pro,1478,jgallagher@example.net
U1400,2026-06-13,UK-London,Basic,521,jbrown@example.org
U1401,2025-03-15,US-East,Basic,535,harrisonfrank@example.com
U1402,2025-08-13,UK-London,Basic,471,wwilliams@example.net
U1403,2025-11-12,US-East,Basic,514,uvasquez@example.org
U1404,2024-12-28,Hyderabad,Basic,466,harrisjustin@example.org
U1405,2026-03-30,UK-London,Basic,481,anna93@example.net
U1406,2026-09-27,UK-London,Basic,480,foxashley@example.com
U1407,2026-08-01,UK-London,Pro,1458,kaylarhodes@example.com
U1408,2024-10-17,Bangalore,Pro,1484,longbrittany@example.org
U1409,2026-06-01,Mumbai,Basic,476,anthonystevens@example.net
U1410,2026-01-23,UK-London,Basic,467,rfuller@example.net
U1411,2026-01-22,UK-London,Basic,476,tara97@example.com
U1412,2026-08-21,Bangalore,Basic,457,jasonwilliams@example.net
U1413,2025-04-23,UK-London,Basic,545,manningamy@example.net
U1414,2025-07-04,Mumbai,Basic,488,pscott@example.com
U1415,2024-12-03,Delhi,Pro,1477,frankchan@example.com
U1416,2026-01-14,Bangalore,Basic,461,davidhenry@example.com
U1417,2026-03-20,Mumbai,Pro,1541,rebecca92@example.com
U1418,2026-01-27,US-East,Basic,496,william77@example.com
U1419,2025-09-11,US-East,Pro,1477,bdavis@example.com
U1420,2025-12-21,Mumbai,Basic,465,fmccoy@example.org
U1421,2025-10-08,US-East,Basic,474,prhodes@example.net
U1422,2026-03-03,Mumbai,Pro,1497,prose@example.net
U1423,2024-11-29,Delhi,Enterprise,5010,zkim@example.com
U1424,2025-05-06,Delhi,Pro,1451,gabrielleevans@example.org
U1425,2025-10-15,US-East,Basic,480,ashley81@example.org
U1426,2025-10-08,Delhi,Pro,1502,dgutierrez@example.net
U1427,2026-03-08,Delhi,Pro,1541,michael91@example.net
U1428,2024-10-10,Delhi,Pro,1499,lwhite@example.com
U1429,2024-11-01,UK-London,Basic,477,tmcdowell@example.com
U1430,2025-12-01,Mumbai,Basic,489,ctodd@example.net
U1431,2026-05-11,Bangalore,Pro,1459,tammy23@example.org
U1432,2024-11-25,UK-London,Basic,505,monica16@example.net
U1433,2024-10-12,Bangalore,Pro,1496,kwilson@example.net
U1434,2025-09-12,UK-London,Basic,454,vmelton@example.net
U1435,2026-03-12,Delhi,Basic,484,christine95@example.net
U1436,2026-02-02,Hyderabad,Pro,1505,fballard@example.org
U1437,2025-01-05,Mumbai,Enterprise,5014,danielsmith@example.org
U1438,2026-06-18,UK-London,Basic,527,timothythomas@example.org
U1439,2025-08-13,US-East,Basic,541,christophercarrillo@example.org
U1440,2025-09-10,Bangalore,Basic,502,wilsonrachel@example.net
U1441,2026-02-23,Bangalore,Pro,1503,cruiz@example.net
U1442,2025-03-25,Bangalore,Basic,508,ashley60@example.com
U1443,2024-10-04,Mumbai,Pro,1543,fpetty@example.net
U1444,2025-11-25,Bangalore,Pro,1478,benjamin67@example.net
U1445,2025-12-04,UK-London,Basic,497,dhall@example.net
U1446,2024-10-12,Hyderabad,Basic,546,angela46@example.com
U1447,2024-12-23,Delhi,Pro,1484,shane60@example.org
U1448,2025-04-27,Mumbai,Pro,1506,taylorkim@example.net
U1449,2025-03-08,US-East,Pro,1510,sandra72@example.com
U1450,2026-03-10,Mumbai,Pro,1529,rmoyer@example.net
U1451,2026-03-19,Bangalore,Basic,512,kmarsh@example.net
U1452,2025-02-27,Bangalore,Pro,1519,estradadavid@example.org
U1453,2025-01-21,Hyderabad,Pro,1454,agarcia@example.com
U1454,2025-05-08,Delhi,Pro,1464,angelakidd@example.com
U1455,2026-07-04,Bangalore,Pro,1469,erica28@example.org
U1456,2026-05-10,Hyderabad,Pro,1549,ryan93@example.org
U1457,2025-11-13,UK-London,Basic,490,vscott@example.com
U1458,2026-04-13,US-East,Basic,461,paula89@example.net
U1459,2024-12-14,Bangalore,Pro,1505,housesamuel@example.com
U1460,2026-09-01,Bangalore,Basic,450,villegaskimberly@example.net
U1461,2026-04-22,Hyderabad,Basic,458,colonbobby@example.org
U1462,2025-01-28,Delhi,Basic,538,pittsrhonda@example.org
U1463,2026-03-14,Hyderabad,Pro,1538,fgill@example.net
U1464,2026-06-26,UK-London,Basic,544,deborahcook@example.org
U1465,2024-12-27,UK-London,Basic,486,scottperry@example.org
U1466,2025-03-27,Bangalore,Basic,486,gpeterson@example.org
U1467,2024-11-30,US-East,Pro,1449,jennifer65@example.net
U1468,2026-01-27,Hyderabad,Basic,469,karenmoreno@example.org
U1469,2025-01-07,US-East,Pro,1475,agutierrez@example.com
U1470,2026-08-24,UK-London,Basic,522,sherry72@example.org
U1471,2026-03-06,Hyderabad,Pro,1544,millerleroy@example.org
U1472,2025-08-11,UK-London,Pro,1536,qmalone@example.net
U1473,2025-01-17,US-East,Basic,532,levinetina@example.net
U1474,2026-06-30,Hyderabad,Basic,456,robert84@example.net
U1475,2026-03-25,UK-London,Basic,518,alan48@example.net
U1476,2026-08-01,Bangalore,Basic,527,ngriffin@example.net
U1477,2025-12-28,UK-London,Basic,498,zterry@example.net
U1478,2025-07-21,Delhi,Pro,1504,nicolemiller@example.net
U1479,2025-05-31,US-East,Basic,519,abigailfernandez@example.org
U1480,2024-12-05,UK-London,Enterprise,4966,adrienne20@example.org
U1481,2026-07-10,Bangalore,Pro,1545,john46@example.net
U1482,2024-12-18,UK-London,Basic,496,skinnerjordan@example.net
U1483,2025-06-14,Hyderabad,Pro,1491,shermanshelly@example.com
U1484,2025-05-04,Bangalore,Enterprise,5044,chaveztonya@example.net
U1485,2026-09-20,Bangalore,Pro,1539,michaelmitchell@example.net
U1486,2025-11-21,US-East,Basic,461,jenniferstone@example.org
U1487,2024-12-14,Hyderabad,Basic,523,mackenzieward@example.org
U1488,2025-01-13,Bangalore,Basic,502,fpoole@example.org
U1489,2024-11-13,Hyderabad,Basic,496,thomasgriffin@example.com
U1490,2026-02-05,UK-London,Basic,486,hchapman@example.com
U1491,2026-06-27,Mumbai,Basic,497,cfields@example.net
U1492,2026-08-09,Bangalore,Pro,1506,adennis@example.org
U1493,2025-01-12,US-East,Basic,533,toddellis@example.net
U1494,2025-10-08,Bangalore,Basic,473,bensonstanley@example.org
U1495,2026-03-27,US-East,Basic,467,sandra19@example.com
U1496,2024-12-18,Mumbai,Basic,509,ashley08@example.org
U1497,2024-12-23,Hyderabad,Basic,496,vickie44@example.com
U1498,2024-10-19,Bangalore,Basic,546,douglaslawrence@example.org
U1499,2026-08-13,US-East,Basic,511,pamela32@example.net
U1500,2025-09-20,Bangalore,Basic,469,kelleycarlos@example.org
U1501,2025-07-30,Hyderabad,Enterprise,4990,ariel56@example.com
U1502,2026-05-31,Delhi,Pro,1462,kathleenwagner@example.com
U1503,2026-04-08,Bangalore,Basic,509,uhernandez@example.com
U1504,2024-12-03,UK-London,Pro,1530,zhughes@example.com
U1505,2025-10-28,Bangalore,Basic,469,pfitzgerald@example.org
U1506,2026-06-23,Delhi,Pro,1507,armstronglaura@example.net
U1507,2025-05-12,Delhi,Pro,1502,schneiderchristopher@example.net
U1508,2025-10-29,Bangalore,Basic,513,bernardaimee@example.com
U1509,2025-09-30,Hyderabad,Pro,1513,martinezsharon@example.org
U1510,2026-09-01,Hyderabad,Basic,470,kristin39@example.com
U1511,2024-11-29,Delhi,Basic,541,richard07@example.org
U1512,2025-06-04,Mumbai,Enterprise,4968,robertheath@example.com
U1513,2025-07-04,Delhi,Pro,1507,wilsoncory@example.org
U1514,2025-04-25,Hyderabad,Pro,1488,jonathandavis@example.com
U1515,2026-08-25,UK-London,Pro,1486,brianwoodward@example.org
U1516,2024-10-18,Mumbai,Basic,542,evanscorey@example.org
U1517,2025-07-27,Mumbai,Pro,1485,jonathan10@example.org
U1518,2025-03-22,Mumbai,Pro,1484,trevorgoodwin@example.com
U1519,2026-08-23,Bangalore,Basic,520,bruce78@example.com
U1520,2024-11-15,Bangalore,Basic,470,russelljesus@example.org
U1521,2025-04-13,US-East,Pro,1488,sanchezangela@example.org
U1522,2025-05-09,Delhi,Basic,532,ogriffin@example.net
U1523,2025-02-24,UK-London,Pro,1510,nathanielgalloway@example.org
U1524,2025-10-26,US-East,Basic,507,jali@example.com
U1525,2024-10-29,Bangalore,Pro,1501,nwoodward@example.com
U1526,2026-01-18,Delhi,Pro,1483,aaronmahoney@example.com
U1527,2025-04-16,US-East,Basic,529,mary65@example.net
U1528,2025-03-03,Delhi,Pro,1456,brandon89@example.org
U1529,2025-05-06,US-East,Enterprise,5042,ihale@example.net
U1530,2025-11-09,Hyderabad,Basic,501,natalie39@example.net
U1531,2026-08-28,Delhi,Enterprise,4965,nicole54@example.net
U1532,2025-08-25,UK-London,Pro,1477,eileenmorris@example.org
U1533,2025-08-30,Bangalore,Basic,546,allen20@example.net
U1534,2025-09-11,Hyderabad,Basic,506,chambersrobert@example.net
U1535,2026-02-24,Hyderabad,Basic,498,ymedina@example.net
U1536,2026-01-17,Mumbai,Basic,480,staffordlisa@example.com
U1537,2026-02-01,US-East,Basic,532,teresa69@example.com
U1538,2025-07-08,UK-London,Enterprise,4988,martinezmitchell@example.org
U1539,2025-08-19,Hyderabad,Basic,504,juliachang@example.net
U1540,2026-08-02,Bangalore,Basic,512,james94@example.net
U1541,2025-03-09,UK-London,Basic,504,ccoffey@example.com
U1542,2025-09-23,Hyderabad,Basic,497,adrianjoyce@example.net
U1543,2025-07-15,US-East,Basic,544,ashley72@example.net
U1544,2025-02-17,Mumbai,Enterprise,5034,cameronanderson@example.org
U1545,2024-12-31,Mumbai,Pro,1512,nicoledaniel@example.com
U1546,2025-02-16,UK-London,Basic,450,braunheather@example.net
U1547,2025-12-21,Bangalore,Pro,1540,bsmith@example.net
U1548,2026-02-02,UK-London,Pro,1517,nashmarcus@example.com
U1549,2025-04-17,Mumbai,Basic,488,hsimpson@example.org
U1550,2026-07-06,Bangalore,Basic,492,brandonhull@example.net
U1551,2025-08-22,UK-London,Basic,535,myersmatthew@example.net
U1552,2026-05-11,Mumbai,Basic,505,tiffanycoleman@example.org
U1553,2026-07-30,US-East,Pro,1504,frankcollins@example.net
U1554,2025-12-29,UK-London,Basic,461,castillolindsey@example.net
U1555,2026-05-03,Mumbai,Basic,524,mary31@example.com
U1556,2025-03-22,Mumbai,Pro,1463,marissa58@example.org
U1557,2026-08-18,US-East,Basic,529,oduran@example.com
U1558,2025-11-25,Hyderabad,Pro,1538,villegassabrina@example.com
U1559,2025-05-15,Mumbai,Basic,525,pattonbryan@example.com
U1560,2024-11-07,Hyderabad,Pro,1492,rjones@example.org
U1561,2025-11-11,Hyderabad,Pro,1519,melissa61@example.net
U1562,2026-03-31,Mumbai,Basic,464,michellecobb@example.net
U1563,2024-10-06,Hyderabad,Basic,507,bmarshall@example.net
U1564,2025-12-25,UK-London,Pro,1461,debra07@example.net
U1565,2025-05-26,Delhi,Pro,1549,danielsmith@example.net
U1566,2024-11-17,US-East,Basic,508,rebeccamartinez@example.net
U1567,2025-04-04,UK-London,Basic,452,nolson@example.com
U1568,2025-02-11,Delhi,Enterprise,5025,laurabrown@example.com
U1569,2025-11-29,UK-London,Pro,1511,larry82@example.org
U1570,2025-09-06,Hyderabad,Basic,501,kelly08@example.net
U1571,2026-01-22,Hyderabad,Basic,451,brianhunter@example.net
U1572,2026-06-17,Mumbai,Basic,528,mcooper@example.net
U1573,2026-07-24,US-East,Basic,486,petersonelizabeth@example.net
U1574,2026-02-16,UK-London,Enterprise,5005,vgreene@example.net
U1575,2025-11-16,Bangalore,Pro,1458,christina65@example.org
U1576,2024-12-14,Bangalore,Basic,524,crawfordsamantha@example.net
U1577,2025-03-10,US-East,Basic,517,stevenlewis@example.com
U1578,2026-03-19,Delhi,Basic,489,lindsay63@example.com
U1579,2025-02-10,US-East,Basic,532,coxcharles@example.org
U1580,2025-11-07,UK-London,Basic,452,kellylee@example.net
U1581,2026-07-27,Mumbai,Basic,497,bradley03@example.org
U1582,2025-04-24,US-East,Pro,1529,nicolehiggins@example.com
U1583,2026-06-09,Delhi,Basic,449,gregorysmith@example.com
U1584,2026-07-25,Delhi,Basic,472,deckerderrick@example.net
U1585,2026-04-26,Mumbai,Basic,539,morganjason@example.com
U1586,2025-03-23,UK-London,Basic,520,donna89@example.com
U1587,2026-07-02,Mumbai,Basic,507,wilsonnicole@example.org
U1588,2026-05-02,US-East,Basic,476,amandabenson@example.com
U1589,2025-12-10,Mumbai,Pro,1530,samanthahines@example.net
U1590,2025-02-14,UK-London,Basic,461,kristine53@example.org
U1591,2026-01-01,US-East,Pro,1542,monique89@example.com
U1592,2025-02-28,Bangalore,Basic,533,muellerkrystal@example.net
U1593,2024-11-15,Delhi,Pro,1488,ppotter@example.net
U1594,2025-06-29,Delhi,Basic,500,twhite@example.com
U1595,2025-10-17,US-East,Basic,535,fbaldwin@example.com
U1596,2025-04-12,UK-London,Pro,1481,ylittle@example.net
U1597,2026-01-16,Delhi,Pro,1502,jeffreyharris@example.org
U1598,2025-07-15,Hyderabad,Enterprise,5047,ronald69@example.org
U1599,2026-08-12,Delhi,Pro,1480,jonathan12@example.org
U1600,2025-05-02,Delhi,Basic,526,jerry07@example.net
U1601,2025-12-26,Bangalore,Enterprise,5010,bhayes@example.com
U1602,2025-06-24,Bangalore,Pro,1490,ystewart@example.org
U1603,2025-02-07,Bangalore,Basic,491,josephjones@example.org
U1604,2025-05-01,Delhi,Pro,1480,hartmansara@example.org
U1605,2024-12-24,US-East,Basic,533,benjamin35@example.org
U1606,2026-02-03,UK-London,Pro,1534,kevin43@example.net
U1607,2025-12-13,US-East,Basic,512,yeseniagoodwin@example.net
U1608,2025-10-30,Delhi,Basic,497,alan44@example.com
U1609,2026-04-23,Bangalore,Basic,536,lbautista@example.net
U1610,2024-10-07,Bangalore,Basic,514,michelleperez@example.net
U1611,2026-03-29,Bangalore,Pro,1476,lhall@example.net
U1612,2026-04-05,UK-London,Basic,467,fpeterson@example.com
U1613,2026-06-08,Hyderabad,Basic,514,scarrillo@example.com
U1614,2025-02-28,US-East,Pro,1516,bfarrell@example.com
U1615,2025-01-08,Delhi,Basic,491,kevinrojas@example.com
U1616,2026-05-13,US-East,Basic,500,matthew66@example.net
U1617,2026-04-01,Delhi,Pro,1548,mark09@example.org
U1618,2026-08-03,UK-London,Pro,1531,tiffanygamble@example.net
U1619,2026-01-01,Bangalore,Basic,504,nbaird@example.com
U1620,2024-11-14,Delhi,Basic,490,glopez@example.com
U1621,2025-11-18,Delhi,Basic,511,tfowler@example.org
U1622,2025-02-01,Mumbai,Enterprise,4952,antoniobarker@example.com
U1623,2024-10-18,Bangalore,Basic,457,chadmccarty@example.com
U1624,2025-02-26,Hyderabad,Basic,479,donna17@example.org
U1625,2025-06-25,UK-London,Basic,473,jacksonmichele@example.com
U1626,2025-07-11,Bangalore,Enterprise,4972,andersonrobert@example.net
U1627,2024-11-18,Mumbai,Basic,521,davidharris@example.com
U1628,2026-05-19,Mumbai,Pro,1531,kmoore@example.com
U1629,2025-12-01,US-East,Enterprise,5015,ahill@example.org
U1630,2025-08-20,Delhi,Pro,1463,pjacobs@example.net
U1631,2025-05-27,Delhi,Basic,501,kstevens@example.org
U1632,2026-03-21,Mumbai,Basic,535,debbie75@example.net
U1633,2026-06-06,Hyderabad,Pro,1460,peter26@example.org
U1634,2025-02-07,Delhi,Enterprise,5037,qellis@example.org
U1635,2026-02-20,Bangalore,Pro,1469,longsonya@example.org
U1636,2026-07-07,Delhi,Basic,534,joshuafuller@example.com
U1637,2026-01-28,US-East,Basic,545,wolfejennifer@example.org
U1638,2026-07-24,US-East,Basic,463,jriddle@example.org
U1639,2026-09-25,UK-London,Enterprise,5000,camposwilliam@example.com
U1640,2025-07-25,Delhi,Pro,1469,johnnyhunter@example.com
U1641,2024-10-18,Mumbai,Basic,453,vjames@example.com
U1642,2026-06-15,Bangalore,Basic,495,qjohnson@example.org
U1643,2026-02-28,Bangalore,Basic,466,markgoodman@example.com
U1644,2025-08-31,Bangalore,Basic,534,kelleyjohn@example.com
U1645,2025-01-09,Bangalore,Basic,488,mckenzie20@example.net
U1646,2024-12-11,Delhi,Basic,500,david62@example.org
U1647,2026-02-01,Bangalore,Basic,509,byrderic@example.com
U1648,2025-02-05,Mumbai,Pro,1501,staffordamanda@example.com
U1649,2026-02-19,Bangalore,Basic,541,myerskyle@example.org
U1650,2025-12-09,Bangalore,Basic,450,bartonkatie@example.org
U1651,2025-06-29,Hyderabad,Pro,1499,jamessmith@example.org
U1652,2026-09-21,Hyderabad,Pro,1524,lori13@example.org
U1653,2026-05-03,US-East,Pro,1520,jenniferwilliams@example.net
U1654,2024-12-16,US-East,Basic,502,marcus39@example.org
U1655,2026-08-12,UK-London,Basic,521,hmcmillan@example.org
U1656,2025-03-04,Mumbai,Basic,533,marcus06@example.net
U1657,2025-05-17,Mumbai,Basic,479,olewis@example.org
U1658,2026-01-22,Hyderabad,Basic,449,debra50@example.org
U1659,2026-07-07,US-East,Basic,449,mturner@example.com
U1660,2026-09-16,Mumbai,Basic,502,marquezkylie@example.net
U1661,2025-02-01,Delhi,Pro,1470,greenetina@example.net
U1662,2025-07-09,US-East,Basic,528,martinreid@example.net
U1663,2025-05-19,Delhi,Basic,465,bjones@example.net
U1664,2026-07-26,US-East,Basic,465,oreyes@example.net
U1665,2025-03-17,UK-London,Pro,1493,hallchristina@example.org
U1666,2025-05-12,UK-London,Pro,1462,ntodd@example.org
U1667,2024-11-11,US-East,Basic,463,victor32@example.com
U1668,2025-02-25,Bangalore,Pro,1461,youngjessica@example.com
U1669,2026-03-22,US-East,Basic,483,dennis50@example.net
U1670,2026-04-29,US-East,Basic,534,swong@example.org
U1671,2025-03-15,Delhi,Basic,482,matthew38@example.org
U1672,2026-07-22,US-East,Basic,538,lauriehorton@example.org
U1673,2025-12-16,UK-London,Basic,507,lboyd@example.com
U1674,2026-01-01,Mumbai,Pro,1452,kanechad@example.org
U1675,2024-11-06,UK-London,Basic,526,shawnamartinez@example.org
U1676,2025-12-05,Hyderabad,Basic,463,joelmiller@example.net
U1677,2025-09-04,Bangalore,Pro,1483,jennifersanchez@example.org
U1678,2025-12-15,Bangalore,Basic,468,justin73@example.com
U1679,2026-06-20,Mumbai,Basic,496,xmiller@example.com
U1680,2025-07-01,US-East,Basic,465,galexander@example.net
U1681,2026-03-19,Mumbai,Pro,1513,lorileon@example.org
U1682,2026-04-08,Hyderabad,Basic,461,wdickerson@example.com
U1683,2025-12-07,UK-London,Basic,485,angelathompson@example.com
U1684,2025-09-02,UK-London,Basic,516,jcampbell@example.net
U1685,2025-09-15,Hyderabad,Basic,464,derrick73@example.org
U1686,2026-07-29,US-East,Basic,538,smithvincent@example.net
U1687,2025-06-29,US-East,Basic,514,zfrost@example.net
U1688,2025-06-28,UK-London,Basic,456,lparker@example.org
U1689,2025-07-24,Bangalore,Basic,479,riddledavid@example.net
U1690,2025-01-25,US-East,Enterprise,5014,xkrueger@example.net
U1691,2025-06-10,Hyderabad,Pro,1505,xreid@example.net
U1692,2024-11-10,UK-London,Basic,522,vhouse@example.org
U1693,2025-03-24,Mumbai,Basic,517,dorseymichael@example.net
U1694,2026-02-04,Hyderabad,Pro,1546,josegibson@example.net
U1695,2025-01-14,US-East,Pro,1471,carrielynn@example.org
U1696,2024-10-08,UK-London,Pro,1504,newmansabrina@example.com
U1697,2026-02-26,UK-London,Pro,1452,stonejacob@example.com
U1698,2025-01-28,UK-London,Pro,1480,tking@example.net
U1699,2026-09-05,Mumbai,Basic,544,uwillis@example.com
U1700,2026-04-01,Mumbai,Basic,532,rodriguezashley@example.com
U1701,2026-05-16,Bangalore,Basic,511,kaitlyn64@example.org
U1702,2026-09-19,Bangalore,Basic,491,esmith@example.net
U1703,2025-07-31,Hyderabad,Enterprise,5011,upena@example.com
U1704,2025-01-31,Delhi,Basic,531,jacob23@example.com
U1705,2025-02-08,UK-London,Basic,518,hayeslisa@example.org
U1706,2025-02-22,Delhi,Basic,532,lisalee@example.com
U1707,2025-08-16,Bangalore,Basic,525,oneillgabriel@example.com
U1708,2024-11-30,Bangalore,Enterprise,4957,hillmatthew@example.net
U1709,2025-03-19,UK-London,Pro,1545,gchambers@example.org
U1710,2024-11-12,Bangalore,Basic,521,ortegakristina@example.org
U1711,2024-12-08,Bangalore,Basic,495,bennettabigail@example.com
U1712,2026-08-10,Hyderabad,Basic,535,msherman@example.com
U1713,2025-06-01,Hyderabad,Basic,546,yvonne35@example.net
U1714,2025-07-16,Delhi,Basic,522,hestermorgan@example.org
U1715,2024-10-01,Delhi,Pro,1506,ihardy@example.org
U1716,2025-12-12,Delhi,Basic,473,stephanie35@example.com
U1717,2025-12-24,Hyderabad,Pro,1496,qrobertson@example.org
U1718,2024-10-01,Bangalore,Basic,523,allen50@example.net
U1719,2025-05-24,US-East,Basic,534,fhall@example.com
U1720,2026-03-22,Delhi,Enterprise,5012,baileysheila@example.com
U1721,2026-09-19,Mumbai,Basic,524,navarrokelly@example.org
U1722,2026-03-02,Mumbai,Basic,502,andersonlaura@example.com
U1723,2026-05-29,Delhi,Basic,466,cjackson@example.org
U1724,2025-09-15,Bangalore,Pro,1538,johnjackson@example.net
U1725,2026-02-21,Delhi,Enterprise,4995,grahamjennifer@example.org
U1726,2026-08-08,Mumbai,Basic,524,raven43@example.net
U1727,2025-04-05,Hyderabad,Basic,450,qlynn@example.org
U1728,2026-01-27,Bangalore,Basic,475,sdavis@example.com
U1729,2026-06-27,UK-London,Basic,511,schneidernicholas@example.net
U1730,2026-03-25,Hyderabad,Basic,461,yvaldez@example.net
U1731,2026-09-04,Delhi,Pro,1511,ostokes@example.com
U1732,2024-12-22,Hyderabad,Basic,533,rodriguezmatthew@example.net
U1733,2026-08-14,Mumbai,Basic,528,berrydavid@example.com
U1734,2026-08-26,UK-London,Basic,541,collinsbrittany@example.org
U1735,2026-06-09,US-East,Pro,1478,xflores@example.net
U1736,2026-08-11,UK-London,Basic,522,aprilguzman@example.org
U1737,2024-12-15,Hyderabad,Pro,1485,medinasteven@example.org
U1738,2026-05-17,Hyderabad,Pro,1495,mary77@example.org
U1739,2025-12-12,Bangalore,Basic,525,juliesweeney@example.net
U1740,2024-10-24,US-East,Basic,475,kyle14@example.net
U1741,2025-11-21,US-East,Enterprise,4968,troypadilla@example.com
U1742,2024-11-10,Hyderabad,Pro,1450,eric33@example.net
U1743,2026-03-20,Mumbai,Basic,517,melissaluna@example.com
U1744,2026-09-17,UK-London,Pro,1493,vickiekelley@example.com
U1745,2025-08-03,Mumbai,Basic,461,wmooney@example.com
U1746,2025-07-11,UK-London,Basic,541,justin38@example.com
U1747,2024-12-09,Hyderabad,Basic,500,karen90@example.net
U1748,2025-05-08,Delhi,Basic,467,barbararamos@example.com
U1749,2025-04-29,Hyderabad,Pro,1527,jasonbrock@example.org
U1750,2026-03-19,Delhi,Pro,1480,coxmelissa@example.org
U1751,2026-02-06,Mumbai,Pro,1453,nicholasmcgrath@example.net
U1752,2026-06-05,UK-London,Basic,523,davisterri@example.org
U1753,2026-08-19,Mumbai,Basic,516,bairddebra@example.net
U1754,2025-08-11,Mumbai,Basic,525,courtneypowell@example.org
U1755,2024-12-24,Mumbai,Enterprise,5043,sburns@example.net
U1756,2026-08-26,Bangalore,Enterprise,5042,yparsons@example.net
U1757,2026-01-22,Bangalore,Basic,505,phancock@example.com
U1758,2025-04-17,Bangalore,Basic,543,hrichardson@example.org
U1759,2024-11-28,Mumbai,Basic,507,gmay@example.org
U1760,2024-10-15,Mumbai,Basic,514,vhill@example.org
U1761,2026-05-01,Delhi,Basic,544,patrickcooke@example.net
U1762,2025-08-11,UK-London,Pro,1487,corybrown@example.net
U1763,2025-02-10,Bangalore,Enterprise,5036,longlisa@example.net
U1764,2025-09-20,US-East,Pro,1452,molinajared@example.net
U1765,2026-07-16,Mumbai,Pro,1460,michelleneal@example.org
U1766,2025-11-07,Delhi,Basic,523,david29@example.org
U1767,2026-01-18,Delhi,Enterprise,4995,hartmelissa@example.org
U1768,2024-11-29,Mumbai,Basic,519,huntermichael@example.net
U1769,2025-02-01,Hyderabad,Basic,467,wrightbrandon@example.net
U1770,2026-07-21,Mumbai,Basic,491,donna72@example.net
U1771,2025-09-22,Bangalore,Enterprise,4960,alexandra59@example.net
U1772,2025-10-06,Bangalore,Basic,502,batesbradley@example.org
U1773,2025-02-13,Mumbai,Pro,1508,melissa32@example.net
U1774,2025-11-06,Hyderabad,Basic,486,joshua96@example.org
U1775,2025-11-04,US-East,Basic,458,patrick26@example.com
U1776,2024-11-28,Delhi,Pro,1525,erica28@example.org
U1777,2024-11-19,UK-London,Pro,1490,wanda35@example.net
U1778,2026-01-21,UK-London,Basic,528,roberthernandez@example.com
U1779,2025-07-02,Delhi,Basic,532,chrismartinez@example.org
U1780,2026-02-10,Bangalore,Pro,1489,ojones@example.org
U1781,2025-06-20,Mumbai,Enterprise,5037,kimberly23@example.com
U1782,2024-10-06,Delhi,Enterprise,5024,opetty@example.com
U1783,2026-08-24,Mumbai,Basic,544,thompsonjessica@example.com
U1784,2025-12-02,Hyderabad,Pro,1487,wdavis@example.net
U1785,2025-11-20,Delhi,Pro,1499,andrea91@example.org
U1786,2025-01-31,UK-London,Basic,475,zwhite@example.net
U1787,2026-02-05,Delhi,Pro,1526,iwoods@example.com
U1788,2024-10-05,Hyderabad,Basic,549,dianethomas@example.net
U1789,2026-03-19,US-East,Basic,472,sellersdanielle@example.com
U1790,2026-02-27,UK-London,Basic,526,erikabarnes@example.com
U1791,2025-02-09,UK-London,Pro,1482,lauren84@example.com
U1792,2026-08-25,Hyderabad,Enterprise,4970,kevinhodge@example.com
U1793,2025-07-22,Hyderabad,Basic,493,megan11@example.net
U1794,2025-03-23,UK-London,Basic,528,martinbrian@example.net
U1795,2025-04-25,Delhi,Enterprise,5044,astokes@example.com
U1796,2026-02-05,Hyderabad,Pro,1468,timothyrobertson@example.net
U1797,2026-07-09,Bangalore,Enterprise,4971,sullivanchristina@example.net
U1798,2024-10-04,Bangalore,Basic,464,vpark@example.com
U1799,2025-03-26,Hyderabad,Basic,469,lawsontami@example.net
U1800,2026-08-09,UK-London,Pro,1543,gregoryrichardson@example.org
U1801,2025-10-08,Hyderabad,Basic,464,hendersonnicholas@example.com
U1802,2026-09-06,UK-London,Enterprise,5009,robin38@example.org
U1803,2025-04-28,Hyderabad,Basic,465,ncarter@example.org
U1804,2026-03-21,Hyderabad,Pro,1546,trobinson@example.net
U1805,2025-10-10,Bangalore,Basic,535,wallspatricia@example.com
U1806,2024-11-09,Bangalore,Pro,1526,gilbertmark@example.com
U1807,2024-12-16,Delhi,Basic,479,pamela26@example.com
U1808,2024-10-05,Hyderabad,Basic,531,fvasquez@example.net
U1809,2025-10-09,UK-London,Basic,535,robertgentry@example.org
U1810,2025-01-20,US-East,Pro,1532,jeremy65@example.com
U1811,2025-06-22,Delhi,Basic,477,amandaadams@example.com
U1812,2026-01-21,Delhi,Basic,543,wmartin@example.net
U1813,2025-08-11,US-East,Basic,517,nicole31@example.org
U1814,2025-04-24,Delhi,Basic,520,ralphmanning@example.org
U1815,2025-01-24,Hyderabad,Basic,492,stacymoyer@example.com
U1816,2024-12-24,Bangalore,Basic,487,zpierce@example.net
U1817,2026-03-04,Bangalore,Enterprise,4977,karen68@example.net
U1818,2026-08-04,Bangalore,Basic,468,ganderson@example.org
U1819,2024-12-30,Delhi,Basic,506,vincent30@example.net
U1820,2026-05-27,Delhi,Basic,529,vbray@example.org
U1821,2025-08-12,Hyderabad,Basic,518,justin16@example.org
U1822,2025-12-23,Bangalore,Basic,481,johnwang@example.com
U1823,2026-09-24,Bangalore,Pro,1517,elizabethpatterson@example.com
U1824,2026-02-26,Hyderabad,Basic,532,hayneswayne@example.org
U1825,2025-02-13,Delhi,Pro,1487,jeromeanderson@example.org
U1826,2025-04-16,UK-London,Pro,1467,sarahsimmons@example.net
U1827,2025-02-21,US-East,Pro,1491,jamesalicia@example.net
U1828,2026-01-04,Hyderabad,Basic,505,jeffreysimmons@example.org
U1829,2025-10-06,Hyderabad,Basic,501,torresjoseph@example.com
U1830,2026-08-18,Bangalore,Pro,1531,dwright@example.org
U1831,2024-10-28,Mumbai,Basic,538,guerreromarc@example.com
U1832,2025-09-08,Mumbai,Basic,471,jordanjohnny@example.com
U1833,2025-06-21,Hyderabad,Basic,457,daniel08@example.org
U1834,2025-05-28,Bangalore,Basic,487,julia98@example.net
U1835,2025-06-27,UK-London,Enterprise,4959,jason61@example.org
U1836,2025-01-02,Bangalore,Pro,1459,williamstanya@example.net
U1837,2026-05-18,Bangalore,Basic,467,janetschaefer@example.org
U1838,2026-08-17,UK-London,Pro,1490,kevin73@example.net
U1839,2026-03-09,Bangalore,Basic,520,andersonrobert@example.net
U1840,2025-04-01,UK-London,Basic,495,patricia71@example.com
U1841,2024-11-17,Bangalore,Basic,509,gmills@example.org
U1842,2025-01-28,Hyderabad,Enterprise,4974,heather24@example.org
U1843,2026-08-27,Hyderabad,Pro,1491,bauerheather@example.net
U1844,2026-05-16,US-East,Enterprise,4994,gcohen@example.org
U1845,2025-01-27,Delhi,Pro,1461,yhart@example.com
U1846,2025-12-16,UK-London,Pro,1502,jackmoore@example.org
U1847,2025-12-05,UK-London,Basic,452,suarezkrystal@example.com
U1848,2025-10-01,Delhi,Basic,455,kevin34@example.net
U1849,2025-04-13,Bangalore,Basic,540,jacksonbrandon@example.org
U1850,2025-04-30,US-East,Enterprise,4971,sheriramirez@example.org
U1851,2025-04-14,Bangalore,Basic,505,dayjohn@example.org
U1852,2025-10-24,UK-London,Basic,477,wongcynthia@example.com
U1853,2025-05-23,Hyderabad,Basic,462,jennifer69@example.com
U1854,2025-05-23,UK-London,Basic,540,garrettalex@example.com
U1855,2025-03-08,UK-London,Enterprise,4978,gregory08@example.net
U1856,2026-09-13,US-East,Enterprise,5027,sharphailey@example.net
U1857,2025-04-04,Delhi,Basic,499,lisawalker@example.com
U1858,2025-02-24,Bangalore,Basic,495,omoore@example.net
U1859,2026-03-13,UK-London,Pro,1486,eddie71@example.com
U1860,2025-02-08,Delhi,Basic,455,lisathompson@example.net
U1861,2025-09-22,Mumbai,Pro,1489,deborahsmith@example.org
U1862,2026-07-07,Delhi,Basic,455,mmcdaniel@example.org
U1863,2025-01-11,Mumbai,Basic,539,psanchez@example.com
U1864,2024-12-11,Delhi,Basic,501,jessicamorton@example.net
U1865,2024-12-10,Hyderabad,Pro,1465,asmith@example.net
U1866,2026-08-12,UK-London,Pro,1538,johnmiller@example.org
U1867,2026-08-15,UK-London,Basic,498,sparksalbert@example.org
U1868,2025-10-29,Bangalore,Pro,1456,melissa13@example.org
U1869,2025-09-14,Bangalore,Basic,484,tochoa@example.com
U1870,2025-09-13,Bangalore,Basic,491,brianholt@example.net
U1871,2025-10-30,UK-London,Basic,466,bryancurtis@example.com
U1872,2024-12-12,US-East,Basic,464,othomas@example.org
U1873,2025-03-13,Bangalore,Basic,507,phernandez@example.com
U1874,2025-03-12,US-East,Basic,465,tmcdaniel@example.org
U1875,2025-09-23,UK-London,Basic,538,walkerstephanie@example.com
U1876,2025-06-16,Delhi,Basic,452,david10@example.net
U1877,2025-01-17,UK-London,Basic,523,mmoreno@example.org
U1878,2026-02-06,Hyderabad,Pro,1542,patriciamcdaniel@example.net
U1879,2026-05-18,Mumbai,Basic,501,nancy47@example.net
U1880,2025-06-25,US-East,Basic,449,lisa10@example.org
U1881,2026-04-19,Mumbai,Basic,535,lukemyers@example.net
U1882,2026-05-03,UK-London,Basic,518,hbriggs@example.net
U1883,2025-08-07,UK-London,Pro,1467,duane52@example.org
U1884,2026-04-12,UK-London,Basic,549,luis67@example.net
U1885,2026-09-09,Mumbai,Basic,481,devon36@example.com
U1886,2025-11-04,Hyderabad,Basic,542,opatel@example.com
U1887,2024-11-29,Delhi,Basic,469,xrose@example.net
U1888,2026-05-14,US-East,Basic,481,jacquelineyoung@example.org
U1889,2025-02-24,US-East,Basic,463,coxthomas@example.org
U1890,2026-08-02,US-East,Pro,1492,pruittmichael@example.org
U1891,2025-05-02,Bangalore,Basic,455,maryarnold@example.com
U1892,2025-03-25,Hyderabad,Enterprise,4986,briantaylor@example.net
U1893,2026-02-24,Delhi,Basic,507,squinn@example.com
U1894,2025-06-27,Bangalore,Basic,516,batescharles@example.net
U1895,2026-06-26,Hyderabad,Basic,546,thomasdonald@example.org
U1896,2024-11-24,UK-London,Pro,1514,lhernandez@example.com
U1897,2026-03-25,UK-London,Pro,1490,theodore57@example.net
U1898,2026-02-18,Delhi,Pro,1533,daniel00@example.net
U1899,2026-03-31,UK-London,Basic,487,alexwall@example.net
U1900,2026-08-22,Hyderabad,Pro,1499,qspencer@example.net
U1901,2025-09-30,Delhi,Pro,1506,rodneymoore@example.org
U1902,2025-10-14,US-East,Basic,535,juliamorales@example.org
U1903,2025-03-07,US-East,Pro,1544,lynndaugherty@example.net
U1904,2026-06-05,Bangalore,Pro,1487,pwoods@example.net
U1905,2025-07-21,US-East,Basic,451,zmartin@example.com
U1906,2026-01-14,Hyderabad,Basic,477,josephgarcia@example.com
U1907,2025-12-13,UK-London,Basic,460,anthony42@example.net
U1908,2024-12-15,US-East,Basic,541,carlaavila@example.com
U1909,2025-02-13,Mumbai,Basic,532,daniellejohnson@example.com
U1910,2024-11-30,Bangalore,Basic,533,elliottkristy@example.org
U1911,2024-11-03,US-East,Basic,515,hardingalan@example.com
U1912,2026-03-31,Hyderabad,Pro,1526,uporter@example.com
U1913,2026-03-12,Delhi,Enterprise,5019,jacquelinedavis@example.com
U1914,2026-07-15,UK-London,Basic,546,shawkimberly@example.org
U1915,2025-12-01,Delhi,Basic,549,cwoods@example.com
U1916,2025-01-24,Mumbai,Basic,528,omiller@example.org
U1917,2026-08-25,Delhi,Pro,1537,nicoleaguirre@example.net
U1918,2025-01-09,Delhi,Enterprise,5029,victoriamason@example.net
U1919,2025-12-17,UK-London,Pro,1526,seth25@example.com
U1920,2025-06-19,Delhi,Basic,471,twilliams@example.net
U1921,2025-07-08,US-East,Enterprise,4991,wendylawson@example.org
U1922,2025-11-16,UK-London,Basic,461,adavis@example.org
U1923,2026-04-11,Hyderabad,Basic,466,amy17@example.org
U1924,2025-08-27,Delhi,Pro,1540,sarahmartin@example.com
U1925,2025-11-23,Bangalore,Pro,1480,christopher27@example.com
U1926,2026-09-18,Hyderabad,Basic,540,kathryn72@example.org
U1927,2026-09-08,UK-London,Basic,546,swilliams@example.com
U1928,2025-07-24,Mumbai,Basic,456,scotthunt@example.net
U1929,2026-08-24,UK-London,Basic,493,christopher68@example.com
U1930,2025-04-08,Delhi,Basic,468,oliverdawn@example.net
U1931,2026-04-29,Mumbai,Basic,514,mooredaniel@example.com
U1932,2025-01-22,US-East,Basic,495,onash@example.com
U1933,2026-06-29,US-East,Enterprise,5003,baileytaylor@example.net
U1934,2026-07-18,Bangalore,Pro,1501,lrodriguez@example.net
U1935,2024-12-17,UK-London,Pro,1493,mtate@example.com
U1936,2025-05-26,Delhi,Basic,513,matthew97@example.org
U1937,2026-02-23,UK-London,Basic,471,dwilson@example.org
U1938,2025-10-31,Bangalore,Basic,530,nthomas@example.com
U1939,2025-11-17,Hyderabad,Pro,1540,zbrown@example.com
U1940,2026-04-28,Delhi,Pro,1467,nlewis@example.org
U1941,2026-08-25,Hyderabad,Basic,497,onelson@example.org
U1942,2024-11-29,Bangalore,Enterprise,5046,hillchristopher@example.net
U1943,2025-08-24,UK-London,Pro,1525,qwarren@example.com
U1944,2025-02-10,Hyderabad,Pro,1502,davisrachel@example.com
U1945,2026-09-02,Hyderabad,Basic,483,franklin56@example.com
U1946,2025-09-11,UK-London,Basic,520,tammykim@example.net
U1947,2025-11-19,UK-London,Basic,533,hoffmanpatricia@example.org
U1948,2024-11-24,US-East,Basic,473,mariodowns@example.net
U1949,2026-03-25,UK-London,Basic,471,alexis72@example.com
U1950,2026-06-21,Bangalore,Basic,471,conneremily@example.com
U1951,2025-10-14,US-East,Basic,466,mcneilsherry@example.org
U1952,2026-01-05,Delhi,Basic,469,johnsonjulie@example.org
U1953,2025-08-01,Bangalore,Basic,493,carolynrobinson@example.org
U1954,2026-08-25,Bangalore,Basic,495,woodmichael@example.com
U1955,2026-07-15,Mumbai,Basic,455,lyonsdeborah@example.com
U1956,2025-07-28,Hyderabad,Pro,1539,michael86@example.net
U1957,2026-09-10,Delhi,Basic,505,daniel27@example.com
U1958,2025-06-28,Mumbai,Pro,1488,amyjames@example.net
U1959,2026-02-13,US-East,Pro,1497,swalters@example.net
U1960,2026-08-14,US-East,Basic,540,cowanlinda@example.org
U1961,2024-12-03,Delhi,Basic,514,jensenrobert@example.com
U1962,2026-03-30,Mumbai,Basic,489,schultzwesley@example.org
U1963,2026-01-29,Delhi,Basic,486,xlewis@example.com
U1964,2025-11-05,Bangalore,Basic,462,gonzalezterrence@example.org
U1965,2025-06-11,Bangalore,Basic,547,pgutierrez@example.net
U1966,2026-04-24,Bangalore,Basic,466,xsmith@example.org
U1967,2025-10-04,Hyderabad,Pro,1536,nichole44@example.com
U1968,2026-02-02,UK-London,Basic,449,mcculloughrobert@example.org
U1969,2024-10-18,US-East,Basic,497,mary89@example.com
U1970,2025-05-31,Bangalore,Pro,1546,zallen@example.org
U1971,2025-12-22,Mumbai,Pro,1541,zpoole@example.net
U1972,2025-08-08,Bangalore,Pro,1473,lmadden@example.com
U1973,2026-07-21,Bangalore,Pro,1521,samuelgarcia@example.org
U1974,2025-10-02,Bangalore,Basic,545,ocameron@example.com
U1975,2026-06-02,Hyderabad,Basic,503,stacyharris@example.org
U1976,2024-10-17,Delhi,Basic,493,fullerbrittney@example.org
U1977,2025-12-24,Mumbai,Basic,518,armstronganthony@example.net
U1978,2025-01-02,Bangalore,Pro,1487,xwalters@example.com
U1979,2025-02-12,Mumbai,Pro,1478,kennethnichols@example.org
U1980,2026-03-13,Mumbai,Pro,1508,qtownsend@example.org
U1981,2025-04-17,US-East,Basic,521,courtneylittle@example.net
U1982,2026-06-23,Hyderabad,Pro,1511,stevenscaitlin@example.org
U1983,2025-01-10,US-East,Pro,1457,patricia11@example.com
U1984,2026-06-07,Delhi,Basic,464,peterhenry@example.org
U1985,2025-07-28,Delhi,Basic,500,echung@example.org
U1986,2026-02-12,US-East,Pro,1468,opreston@example.com
U1987,2026-05-12,Mumbai,Pro,1541,kentberger@example.net
U1988,2025-11-17,Mumbai,Enterprise,5022,wilsonmatthew@example.com
U1989,2025-09-17,Delhi,Basic,456,moorejudy@example.org
U1990,2025-02-16,UK-London,Pro,1457,herreraapril@example.org
U1991,2025-03-05,Bangalore,Basic,547,danny30@example.com
U1992,2025-01-08,Mumbai,Enterprise,4961,lunashelby@example.com
U1993,2025-04-16,US-East,Basic,460,stephaniebailey@example.net
U1994,2026-01-17,Hyderabad,Basic,521,fmcgee@example.com
U1995,2025-10-08,Mumbai,Pro,1504,qnielsen@example.org
U1996,2025-02-20,US-East,Enterprise,4971,suzanne19@example.net
U1997,2025-05-14,Mumbai,Basic,499,stephaniefreeman@example.com
U1998,2025-08-04,Delhi,Pro,1479,lisa91@example.net
U1999,2025-07-05,Hyderabad,Enterprise,5003,ashleybrooks@example.net
U2000,2026-05-20,Mumbai,Basic,473,cjackson@example.net
